{"nodes": [{"y": 242, "x": 289, "size": 3, "id": "Doll02_0", "label": "person"}, {"y": 64, "x": 594, "size": 3, "id": "sun_0", "label": "sun"}, {"y": 256, "x": 588, "size": 3, "id": "bench_0", "label": "bench"}, {"y": 202, "x": 178, "size": 3, "id": "monkeybars_0", "label": "monkeybars"}, {"y": 30, "x": 492, "size": 3, "id": "cloud_0", "label": "cloud"}, {"y": 179, "x": 447, "size": 3, "id": "slide_0", "label": "slide"}], "edges": [{"source": "Doll02_0", "label": "on", "id": 2, "target": "monkeybars_0"}]}