{"nodes": [{"y": 174, "x": 435, "size": 3, "id": "Doll13_0", "label": "person"}, {"y": 309, "x": 252, "size": 3, "id": "Dog02_0", "label": "Dog"}, {"y": 225, "x": 97, "size": 3, "id": "TV_0", "label": "TV"}, {"y": 127, "x": 153, "size": 3, "id": "Window02_0", "label": "Window"}, {"y": 316, "x": 109, "size": 3, "id": "Desk_0", "label": "Desk"}, {"y": 164, "x": 360, "size": 3, "id": "Door_0", "label": "Door"}, {"y": 227, "x": 609, "size": 3, "id": "Fireplace_0", "label": "Fireplace"}], "edges": [{"source": "Doll13_0", "label": "beside", "id": 4, "target": "Door_0"}, {"source": "TV_0", "label": "belowC", "id": 11, "target": "Window02_0"}, {"source": "TV_0", "label": "aboveC", "id": 12, "target": "Desk_0"}]}