{"nodes": [{"y": 249, "x": 36, "size": 1, "id": "Rabbit_0", "label": "Rabbit"}, {"y": 311, "x": 342, "size": 1, "id": "Deer_0", "label": "Deer"}, {"y": 280, "x": 455, "size": 3, "id": "Deer_1", "label": "Deer"}, {"y": 62, "x": 261, "size": 3, "id": "Finch_0", "label": "Finch"}, {"y": 273, "x": 41, "size": 1, "id": "log_0", "label": "log"}, {"y": 348, "x": 35, "size": 3, "id": "bush_0", "label": "bush"}, {"y": 135, "x": 677, "size": 3, "id": "bush_1", "label": "bush"}, {"y": 64, "x": 623, "size": 3, "id": "cloud_0", "label": "cloud"}, {"y": 25, "x": 281, "size": 3, "id": "cloud_1", "label": "cloud"}, {"y": 23, "x": 345, "size": 3, "id": "sun_0", "label": "sun"}, {"y": 197, "x": 170, "size": 5, "id": "tree_0", "label": "tree"}, {"y": 278, "x": 583, "size": 4, "id": "tree_1", "label": "tree"}, {"y": 118, "x": 511, "size": 2, "id": "tree_2", "label": "tree"}, {"y": 98, "x": 39, "size": 1, "id": "tree_3", "label": "tree"}, {"y": 172, "x": 358, "size": 1, "id": "tree_4", "label": "tree"}], "edges": [{"source": "Rabbit_0", "label": "on", "id": 3, "target": "log_0"}, {"source": "Deer_0", "label": "near_behind", "id": 14, "target": "Deer_1"}, {"source": "Finch_0", "label": "belowC", "id": 43, "target": "cloud_1"}, {"source": "tree_0", "label": "surrounds", "id": 45, "target": "Finch_0"}, {"source": "tree_2", "label": "surrounds", "id": 81, "target": "cloud_0"}]}