{"nodes": [{"y": 260, "x": 109, "size": 4, "id": "Doll17_0", "label": "person"}, {"y": 273, "x": 527, "size": 3, "id": "Doll18_0", "label": "person"}, {"y": 104, "x": 569, "size": 3, "id": "cloud_0", "label": "cloud"}, {"y": 115, "x": 208, "size": 3, "id": "tree_0", "label": "tree"}, {"y": 64, "x": 369, "size": 3, "id": "sun_0", "label": "sun"}, {"y": 334, "x": 502, "size": 3, "id": "sidewalk_0", "label": "sidewalk"}, {"y": 330, "x": 110, "size": 3, "id": "sidewalk_1", "label": "sidewalk"}, {"y": 204, "x": 403, "size": 3, "id": "bush_0", "label": "bush"}, {"y": 231, "x": 453, "size": 3, "id": "bush_1", "label": "bush"}, {"y": 314, "x": 512, "size": 3, "id": "skateboard_0", "label": "skateboard"}, {"y": 350, "x": 108, "size": 3, "id": "skateboard_1", "label": "skateboard"}], "edges": [{"source": "Doll17_0", "label": "opposite", "id": 0, "target": "Doll18_0"}, {"source": "Doll17_0", "label": "on", "id": 5, "target": "sidewalk_1"}, {"source": "Doll17_0", "label": "above", "id": 9, "target": "skateboard_1"}, {"source": "Doll18_0", "label": "on", "id": 13, "target": "sidewalk_0"}, {"source": "Doll18_0", "label": "aboveC", "id": 17, "target": "skateboard_0"}, {"source": "sidewalk_0", "label": "surrounds", "id": 43, "target": "skateboard_0"}, {"source": "sidewalk_1", "label": "surrounds", "id": 48, "target": "skateboard_1"}]}