{"nodes": [{"y": 191, "x": 270, "size": 3, "id": "Doll02_0", "label": "person"}, {"y": 240, "x": 425, "size": 3, "id": "Doll16_0", "label": "person"}, {"y": 210, "x": 595, "size": 3, "id": "bench_0", "label": "bench"}, {"y": 276, "x": 115, "size": 3, "id": "scooter_0", "label": "scooter"}, {"y": 55, "x": 512, "size": 3, "id": "sun_0", "label": "sun"}, {"y": 145, "x": 63, "size": 3, "id": "bush_0", "label": "bush"}, {"y": 254, "x": 421, "size": 1, "id": "jumprope_0", "label": "jumprope"}], "edges": [{"source": "Doll02_0", "label": "near", "id": 0, "target": "Doll16_0"}, {"source": "Doll02_0", "label": "near", "id": 2, "target": "scooter_0"}, {"source": "Doll16_0", "label": "near", "id": 6, "target": "bench_0"}]}