{"nodes": [{"y": 238, "x": 532, "size": 1, "id": "Doll03_0", "label": "person"}, {"y": 252, "x": 434, "size": 2, "id": "Doll04_0", "label": "person"}, {"y": 233, "x": -100, "size": 1, "id": "sidewalk_0", "label": "sidewalk"}, {"y": 26, "x": 198, "size": 3, "id": "cloud_0", "label": "cloud"}, {"y": 26, "x": 320, "size": 3, "id": "cloud_1", "label": "cloud"}, {"y": 15, "x": 89, "size": 3, "id": "cloud_2", "label": "cloud"}, {"y": 24, "x": 458, "size": 3, "id": "cloud_3", "label": "cloud"}, {"y": 21, "x": 30, "size": 3, "id": "cloud_4", "label": "cloud"}, {"y": 196, "x": 106, "size": 1, "id": "bush_0", "label": "bush"}, {"y": 184, "x": 652, "size": 5, "id": "tree_0", "label": "tree"}, {"y": 290, "x": 513, "size": 5, "id": "blanket_0", "label": "blanket"}, {"y": 300, "x": 605, "size": 3, "id": "basket_0", "label": "basket"}], "edges": [{"source": "Doll03_0", "label": "beside", "id": 0, "target": "Doll04_0"}, {"source": "tree_0", "label": "surrounds", "id": 8, "target": "Doll03_0"}, {"source": "Doll03_0", "label": "above_behind", "id": 9, "target": "blanket_0"}, {"source": "cloud_4", "label": "surrounds", "id": 46, "target": "cloud_2"}, {"source": "tree_0", "label": "surrounds", "id": 64, "target": "basket_0"}, {"source": "blanket_0", "label": "surrounds", "id": 65, "target": "basket_0"}]}