{"nodes": [{"y": 50, "x": 455, "size": 3, "id": "Bird_0", "label": "Bird"}, {"y": 176, "x": 435, "size": 3, "id": "Butterfly02_0", "label": "Butterfly"}, {"y": 244, "x": 299, "size": 3, "id": "Butterfly02_1", "label": "Butterfly"}, {"y": 315, "x": 557, "size": 3, "id": "Koi_0", "label": "Koi"}, {"y": 290, "x": 467, "size": 3, "id": "Duck02_0", "label": "Duck"}, {"y": 298, "x": 520, "size": 3, "id": "pond_0", "label": "pond"}, {"y": 72, "x": 438, "size": 3, "id": "tree_0", "label": "tree"}, {"y": 143, "x": 206, "size": 3, "id": "tree_1", "label": "tree"}, {"y": 131, "x": 89, "size": 3, "id": "bush_0", "label": "bush"}, {"y": 116, "x": 328, "size": 3, "id": "bush_1", "label": "bush"}, {"y": 136, "x": 560, "size": 3, "id": "bush_2", "label": "bush"}], "edges": [{"source": "Bird_0", "label": "above", "id": 0, "target": "Butterfly02_0"}, {"source": "tree_0", "label": "surrounds", "id": 5, "target": "Bird_0"}, {"source": "Butterfly02_0", "label": "above", "id": 11, "target": "Koi_0"}, {"source": "Butterfly02_0", "label": "above", "id": 12, "target": "Duck02_0"}, {"source": "Butterfly02_0", "label": "above", "id": 13, "target": "pond_0"}, {"source": "tree_0", "label": "surrounds", "id": 14, "target": "Butterfly02_0"}, {"source": "tree_1", "label": "surrounds", "id": 23, "target": "Butterfly02_1"}, {"source": "pond_0", "label": "surrounds", "id": 28, "target": "Koi_0"}, {"source": "pond_0", "label": "surrounds", "id": 34, "target": "Duck02_0"}]}