{"nodes": [{"y": 208, "x": 558, "size": 3, "id": "Doll11_0", "label": "person"}, {"y": 240, "x": 477, "size": 3, "id": "Dog02_0", "label": "Dog"}, {"y": 172, "x": 10, "size": 3, "id": "Bookshelf_0", "label": "Bookshelf"}, {"y": 287, "x": 257, "size": 1, "id": "Desk_0", "label": "Desk"}, {"y": 163, "x": 729, "size": 3, "id": "Door_0", "label": "Door"}, {"y": 241, "x": 499, "size": 3, "id": "Couch_0", "label": "Couch"}, {"y": 135, "x": 369, "size": 3, "id": "Window05_0", "label": "Window"}, {"y": 356, "x": 401, "size": 3, "id": "Rug_0", "label": "Rug"}, {"y": 199, "x": 217, "size": 2, "id": "Plant_0", "label": "Plant"}], "edges": [{"source": "Doll11_0", "label": "beside", "id": 0, "target": "Dog02_0"}, {"source": "Doll11_0", "label": "on", "id": 4, "target": "Couch_0"}, {"source": "Couch_0", "label": "surrounds", "id": 11, "target": "Dog02_0"}, {"source": "Dog02_0", "label": "aboveC", "id": 13, "target": "Rug_0"}, {"source": "Desk_0", "label": "belowC", "id": 25, "target": "Plant_0"}]}