{"nodes": [{"y": 276, "x": 504, "size": 3, "id": "Doll18_0", "label": "person"}, {"y": 240, "x": 135, "size": 3, "id": "Doll17_0", "label": "person"}, {"y": 246, "x": 227, "size": 3, "id": "Doll15_0", "label": "person"}, {"y": 118, "x": 579, "size": 3, "id": "Window02_0", "label": "Window"}, {"y": 114, "x": 81, "size": 3, "id": "Window02_1", "label": "Window"}, {"y": 84, "x": 437, "size": 3, "id": "Picture_0", "label": "Picture"}, {"y": 75, "x": 289, "size": 3, "id": "Picture_1", "label": "Picture"}, {"y": 266, "x": 518, "size": 3, "id": "Doll_0", "label": "Doll"}], "edges": [{"source": "Doll18_0", "label": "near", "id": 0, "target": "Doll17_0"}, {"source": "Doll18_0", "label": "near", "id": 1, "target": "Doll15_0"}, {"source": "Doll18_0", "label": "beside", "id": 6, "target": "Doll_0"}, {"source": "Doll17_0", "label": "beside", "id": 7, "target": "Doll15_0"}, {"source": "Doll17_0", "label": "belowC", "id": 9, "target": "Window02_1"}, {"source": "Doll15_0", "label": "near", "id": 17, "target": "Doll_0"}]}