{"nodes": [{"y": 205, "x": 196, "size": 3, "id": "Doll08_0", "label": "person"}, {"y": 310, "x": 418, "size": 3, "id": "Cat02_0", "label": "Cat"}, {"y": 334, "x": 538, "size": 3, "id": "DiningTable_0", "label": "DiningTable"}, {"y": 252, "x": 578, "size": 3, "id": "Plant_0", "label": "Plant"}, {"y": 241, "x": 514, "size": 3, "id": "Plant_1", "label": "Plant"}, {"y": 67, "x": 204, "size": 3, "id": "Picture_0", "label": "Picture"}, {"y": 131, "x": 537, "size": 3, "id": "Picture_1", "label": "Picture"}], "edges": [{"source": "Doll08_0", "label": "near", "id": 0, "target": "Cat02_0"}, {"source": "Doll08_0", "label": "near", "id": 1, "target": "DiningTable_0"}, {"source": "Doll08_0", "label": "belowC", "id": 4, "target": "Picture_0"}, {"source": "Cat02_0", "label": "beside", "id": 6, "target": "DiningTable_0"}, {"source": "DiningTable_0", "label": "belowC", "id": 11, "target": "Plant_0"}, {"source": "DiningTable_0", "label": "belowC", "id": 12, "target": "Plant_1"}, {"source": "Plant_0", "label": "belowC", "id": 17, "target": "Picture_1"}, {"source": "Plant_1", "label": "belowC", "id": 19, "target": "Picture_1"}]}