{"nodes": [{"y": 232, "x": 212, "size": 1, "id": "Doll01_0", "label": "person"}, {"y": 202, "x": 437, "size": 3, "id": "Doll04_0", "label": "person"}, {"y": 286, "x": 342, "size": 3, "id": "DiningTable_0", "label": "DiningTable"}, {"y": 263, "x": 194, "size": 3, "id": "DiningChair_0", "label": "DiningChair"}, {"y": 261, "x": 485, "size": 3, "id": "DiningChair_1", "label": "DiningChair"}, {"y": 155, "x": 621, "size": 3, "id": "Bookshelf_0", "label": "Bookshelf"}, {"y": 339, "x": 348, "size": 3, "id": "Rug_0", "label": "Rug"}, {"y": 247, "x": 40, "size": 5, "id": "Plant_0", "label": "Plant"}, {"y": 89, "x": 106, "size": 3, "id": "Picture_0", "label": "Picture"}, {"y": 99, "x": 347, "size": 3, "id": "Window05_0", "label": "Window"}, {"y": 159, "x": 573, "size": 3, "id": "Book_0", "label": "Book"}, {"y": 159, "x": 588, "size": 3, "id": "Book_1", "label": "Book"}, {"y": 226, "x": 600, "size": 3, "id": "Book_2", "label": "Book"}, {"y": 210, "x": 403, "size": 3, "id": "pie_0", "label": "pie"}, {"y": 225, "x": 298, "size": 3, "id": "DishesMeal_0", "label": "DishesMeal"}], "edges": [{"source": "Doll01_0", "label": "near_behind", "id": 0, "target": "Doll04_0"}, {"source": "Doll01_0", "label": "near_behind", "id": 1, "target": "DiningTable_0"}, {"source": "Doll01_0", "label": "near_behind", "id": 12, "target": "pie_0"}, {"source": "Doll04_0", "label": "near", "id": 14, "target": "DiningTable_0"}, {"source": "Doll04_0", "label": "aboveC", "id": 16, "target": "DiningChair_1"}, {"source": "Doll04_0", "label": "above", "id": 18, "target": "Rug_0"}, {"source": "Doll04_0", "label": "beside", "id": 25, "target": "pie_0"}, {"source": "DiningTable_0", "label": "aboveC", "id": 30, "target": "Rug_0"}, {"source": "pie_0", "label": "aboveC", "id": 37, "target": "DiningTable_0"}, {"source": "DishesMeal_0", "label": "aboveC", "id": 38, "target": "DiningTable_0"}, {"source": "Bookshelf_0", "label": "surrounds", "id": 64, "target": "Book_0"}, {"source": "Bookshelf_0", "label": "surrounds", "id": 65, "target": "Book_1"}, {"source": "Bookshelf_0", "label": "surrounds", "id": 66, "target": "Book_2"}, {"source": "Book_0", "label": "aboveC", "id": 96, "target": "Book_2"}, {"source": "Book_1", "label": "aboveC", "id": 99, "target": "Book_2"}]}