{"nodes": [{"y": 197, "x": 314, "size": 3, "id": "Doll16_0", "label": "person"}, {"y": 214, "x": 626, "size": 3, "id": "Doll09_0", "label": "person"}, {"y": 251, "x": 573, "size": 3, "id": "bench_0", "label": "bench"}, {"y": 146, "x": 157, "size": 3, "id": "tree_0", "label": "tree"}, {"y": 60, "x": 590, "size": 3, "id": "sun_0", "label": "sun"}, {"y": 274, "x": 303, "size": 3, "id": "jumprope_0", "label": "jumprope"}], "edges": [{"source": "Doll16_0", "label": "opposite", "id": 0, "target": "Doll09_0"}, {"source": "tree_0", "label": "surrounds", "id": 2, "target": "Doll16_0"}, {"source": "Doll16_0", "label": "on", "id": 4, "target": "jumprope_0"}, {"source": "Doll09_0", "label": "on", "id": 5, "target": "bench_0"}]}