{"nodes": [{"y": 197, "x": 526, "size": 3, "id": "Doll04_0", "label": "person"}, {"y": 250, "x": 571, "size": 3, "id": "Doll19_0", "label": "person"}, {"y": 71, "x": 492, "size": 3, "id": "Pigeon_0", "label": "Pigeon"}, {"y": 318, "x": 356, "size": 3, "id": "Pigeon_1", "label": "Pigeon"}, {"y": 191, "x": 217, "size": 3, "id": "bush_0", "label": "bush"}, {"y": 194, "x": 377, "size": 3, "id": "bush_1", "label": "bush"}, {"y": 67, "x": 316, "size": 3, "id": "sun_0", "label": "sun"}, {"y": 290, "x": 535, "size": 3, "id": "scooter_0", "label": "scooter"}, {"y": 189, "x": 377, "size": 3, "id": "beehive_0", "label": "beehive"}, {"y": 199, "x": 302, "size": 3, "id": "flower_0", "label": "flower"}], "edges": [{"source": "Doll04_0", "label": "aboveC", "id": 0, "target": "Doll19_0"}, {"source": "Doll04_0", "label": "below", "id": 1, "target": "Pigeon_0"}, {"source": "Doll04_0", "label": "opposite", "id": 2, "target": "Pigeon_1"}, {"source": "Doll04_0", "label": "above", "id": 6, "target": "scooter_0"}, {"source": "Doll19_0", "label": "belowF", "id": 9, "target": "Pigeon_0"}, {"source": "Doll19_0", "label": "opposite", "id": 10, "target": "Pigeon_1"}, {"source": "scooter_0", "label": "surrounds", "id": 14, "target": "Doll19_0"}, {"source": "Pigeon_0", "label": "aboveF", "id": 17, "target": "Pigeon_1"}, {"source": "bush_1", "label": "surrounds", "id": 37, "target": "beehive_0"}]}