{"nodes": [{"y": 203, "x": 348, "size": 3, "id": "Doll16_0", "label": "person"}, {"y": 61, "x": 502, "size": 3, "id": "Cat02_0", "label": "Cat"}, {"y": 160, "x": 662, "size": 3, "id": "bush_0", "label": "bush"}, {"y": 139, "x": 76, "size": 3, "id": "bush_1", "label": "bush"}, {"y": 214, "x": 48, "size": 3, "id": "bush_2", "label": "bush"}, {"y": 66, "x": 159, "size": 3, "id": "sun_0", "label": "sun"}, {"y": 176, "x": 531, "size": 3, "id": "monkeybars_0", "label": "monkeybars"}, {"y": 369, "x": 664, "size": 3, "id": "flower_0", "label": "flower"}, {"y": 220, "x": 36, "size": 3, "id": "flower_1", "label": "flower"}], "edges": [{"source": "Doll16_0", "label": "opposite", "id": 0, "target": "Cat02_0"}, {"source": "Doll16_0", "label": "near", "id": 5, "target": "monkeybars_0"}, {"source": "Cat02_0", "label": "above", "id": 12, "target": "monkeybars_0"}, {"source": "bush_2", "label": "surrounds", "id": 29, "target": "flower_1"}]}