{"nodes": [{"y": 190, "x": 524, "size": 3, "id": "Doll03_0", "label": "person"}, {"y": 318, "x": 314, "size": 3, "id": "Kitten02_0", "label": "Kitten"}, {"y": 163, "x": 632, "size": 3, "id": "Door_0", "label": "Door"}, {"y": 116, "x": 305, "size": 3, "id": "Window05_0", "label": "Window"}, {"y": 197, "x": 98, "size": 3, "id": "CoatRack_0", "label": "CoatRack"}, {"y": 313, "x": 243, "size": 3, "id": "PetBed_0", "label": "PetBed"}], "edges": [{"source": "Doll03_0", "label": "near", "id": 0, "target": "Kitten02_0"}, {"source": "Doll03_0", "label": "beside", "id": 1, "target": "Door_0"}]}