{"nodes": [{"y": 219, "x": 233, "size": 3, "id": "Doll08_0", "label": "person"}, {"y": 192, "x": 570, "size": 3, "id": "TV_0", "label": "TV"}, {"y": 112, "x": 337, "size": 3, "id": "Window02_0", "label": "Window"}, {"y": 288, "x": 559, "size": 1, "id": "Table_0", "label": "Table"}, {"y": 285, "x": 355, "size": 3, "id": "Footstool_0", "label": "Footstool"}, {"y": 292, "x": 85, "size": 1, "id": "Chair02_0", "label": "Chair"}], "edges": [{"source": "Doll08_0", "label": "near", "id": 0, "target": "TV_0"}, {"source": "Doll08_0", "label": "belowC", "id": 1, "target": "Window02_0"}, {"source": "Doll08_0", "label": "near_infront", "id": 2, "target": "Table_0"}, {"source": "Doll08_0", "label": "beside", "id": 3, "target": "Footstool_0"}, {"source": "Doll08_0", "label": "near_infront", "id": 4, "target": "Chair02_0"}]}