{"nodes": [{"y": 214, "x": 153, "size": 3, "id": "Doll14_0", "label": "person"}, {"y": 306, "x": 463, "size": 3, "id": "Dog01_0", "label": "Dog"}, {"y": 124, "x": 553, "size": 5, "id": "Picture_0", "label": "Picture"}, {"y": 232, "x": 205, "size": 3, "id": "Couch_0", "label": "Couch"}, {"y": 103, "x": 381, "size": 3, "id": "Window02_0", "label": "Window"}, {"y": 260, "x": 485, "size": 3, "id": "Plant_0", "label": "Plant"}], "edges": [{"source": "Couch_0", "label": "surrounds", "id": 2, "target": "Doll14_0"}, {"source": "Dog01_0", "label": "belowC", "id": 8, "target": "Plant_0"}]}