{"nodes": [{"y": 206, "x": 261, "size": 3, "id": "Doll10_0", "label": "person"}, {"y": 325, "x": 437, "size": 3, "id": "Puppy02_0", "label": "Puppy"}, {"y": 103, "x": 569, "size": 3, "id": "Window02_0", "label": "Window"}, {"y": 345, "x": 348, "size": 3, "id": "Rug_0", "label": "Rug"}, {"y": 257, "x": 626, "size": 3, "id": "Plant_0", "label": "Plant"}, {"y": 230, "x": 89, "size": 3, "id": "Fireplace_0", "label": "Fireplace"}, {"y": 314, "x": 336, "size": 3, "id": "PetBed_0", "label": "PetBed"}], "edges": [{"source": "Doll10_0", "label": "near", "id": 0, "target": "Puppy02_0"}, {"source": "Doll10_0", "label": "above", "id": 2, "target": "Rug_0"}, {"source": "Doll10_0", "label": "aboveC", "id": 5, "target": "PetBed_0"}, {"source": "Rug_0", "label": "surrounds", "id": 7, "target": "Puppy02_0"}, {"source": "PetBed_0", "label": "on", "id": 17, "target": "Rug_0"}]}