{"nodes": [{"y": 243, "x": 219, "size": 5, "id": "Doll17_0", "label": "person"}, {"y": 234, "x": 503, "size": 5, "id": "Doll18_0", "label": "person"}, {"y": 93, "x": 596, "size": 3, "id": "Window05_0", "label": "Window"}, {"y": 95, "x": 96, "size": 3, "id": "Window05_1", "label": "Window"}, {"y": 264, "x": 506, "size": 3, "id": "DiningChair_0", "label": "DiningChair"}, {"y": 268, "x": 216, "size": 3, "id": "DiningChair_1", "label": "DiningChair"}, {"y": 270, "x": 361, "size": 5, "id": "DiningTable_0", "label": "DiningTable"}, {"y": 227, "x": 418, "size": 5, "id": "DishesMeal_0", "label": "DishesMeal"}, {"y": 227, "x": 317, "size": 5, "id": "DishesMeal_1", "label": "DishesMeal"}, {"y": 201, "x": 369, "size": 5, "id": "DishesMeal_2", "label": "DishesMeal"}, {"y": 352, "x": 608, "size": 3, "id": "Toy_0", "label": "Toy"}, {"y": 373, "x": 525, "size": 3, "id": "Toy_1", "label": "Toy"}, {"y": 271, "x": 100, "size": 1, "id": "Dollhouse_0", "label": "Dollhouse"}, {"y": 190, "x": 428, "size": 5, "id": "PopCan_0", "label": "PopCan"}, {"y": 216, "x": 227, "size": 5, "id": "PopCan_1", "label": "PopCan"}], "edges": [{"source": "Doll17_0", "label": "opposite", "id": 0, "target": "Doll18_0"}, {"source": "Doll17_0", "label": "near", "id": 5, "target": "DiningTable_0"}, {"source": "Doll17_0", "label": "beside", "id": 7, "target": "DishesMeal_1"}, {"source": "Doll17_0", "label": "belowC", "id": 13, "target": "PopCan_1"}, {"source": "Doll18_0", "label": "near", "id": 18, "target": "DiningTable_0"}, {"source": "Doll18_0", "label": "beside", "id": 19, "target": "DishesMeal_0"}, {"source": "Doll18_0", "label": "beside", "id": 25, "target": "PopCan_0"}, {"source": "Toy_1", "label": "belowC", "id": 56, "target": "DiningChair_0"}, {"source": "DiningChair_1", "label": "surrounds", "id": 68, "target": "PopCan_1"}, {"source": "DiningTable_0", "label": "surrounds", "id": 69, "target": "DishesMeal_0"}, {"source": "DiningTable_0", "label": "surrounds", "id": 70, "target": "DishesMeal_1"}, {"source": "DishesMeal_2", "label": "on", "id": 71, "target": "DiningTable_0"}, {"source": "PopCan_0", "label": "aboveC", "id": 75, "target": "DiningTable_0"}, {"source": "DishesMeal_0", "label": "belowC", "id": 82, "target": "PopCan_0"}]}