{"nodes": [{"y": 101, "x": 350, "size": 3, "id": "tree_0", "label": "tree"}, {"y": 164, "x": 342, "size": 3, "id": "tree_1", "label": "tree"}, {"y": 269, "x": 358, "size": 3, "id": "tree_2", "label": "tree"}, {"y": 190, "x": 710, "size": 1, "id": "slide_0", "label": "slide"}, {"y": 175, "x": 540, "size": 1, "id": "slide_1", "label": "slide"}, {"y": 347, "x": 646, "size": 3, "id": "sandbox_0", "label": "sandbox"}, {"y": 353, "x": 103, "size": 3, "id": "sidewalk_0", "label": "sidewalk"}, {"y": 314, "x": 612, "size": 3, "id": "pail_0", "label": "pail"}], "edges": [{"source": "tree_0", "label": "on", "id": 0, "target": "tree_1"}, {"source": "tree_0", "label": "above", "id": 1, "target": "tree_2"}, {"source": "tree_1", "label": "on", "id": 7, "target": "tree_2"}, {"source": "pail_0", "label": "on", "id": 26, "target": "sandbox_0"}]}