{"nodes": [{"y": 146, "x": 485, "size": 3, "id": "Doll13_0", "label": "person"}, {"y": 268, "x": 297, "size": 3, "id": "Koi_0", "label": "Koi"}, {"y": 271, "x": 327, "size": 3, "id": "pond_0", "label": "pond"}, {"y": 211, "x": 475, "size": 3, "id": "log_0", "label": "log"}, {"y": 176, "x": 100, "size": 3, "id": "bush_0", "label": "bush"}, {"y": 317, "x": 100, "size": 3, "id": "bush_1", "label": "bush"}, {"y": 306, "x": 580, "size": 3, "id": "bench_0", "label": "bench"}], "edges": [{"source": "Doll13_0", "label": "aboveC", "id": 2, "target": "log_0"}, {"source": "Doll13_0", "label": "above", "id": 5, "target": "bench_0"}, {"source": "pond_0", "label": "surrounds", "id": 6, "target": "Koi_0"}]}