{"nodes": [{"y": 221, "x": 464, "size": 3, "id": "Doll14_0", "label": "person"}, {"y": 247, "x": 509, "size": 3, "id": "Plant_0", "label": "Plant"}, {"y": 280, "x": 110, "size": 3, "id": "Couch_0", "label": "Couch"}, {"y": 344, "x": 451, "size": 3, "id": "Rug_0", "label": "Rug"}, {"y": 229, "x": 375, "size": 3, "id": "Fireplace_0", "label": "Fireplace"}, {"y": 79, "x": 173, "size": 3, "id": "Picture_0", "label": "Picture"}], "edges": [{"source": "Doll14_0", "label": "beside", "id": 0, "target": "Plant_0"}, {"source": "Doll14_0", "label": "near", "id": 1, "target": "Couch_0"}, {"source": "Doll14_0", "label": "aboveC", "id": 2, "target": "Rug_0"}, {"source": "Doll14_0", "label": "beside", "id": 3, "target": "Fireplace_0"}, {"source": "Plant_0", "label": "aboveC", "id": 6, "target": "Rug_0"}, {"source": "Rug_0", "label": "belowC", "id": 12, "target": "Fireplace_0"}]}