{"nodes": [{"y": 216, "x": 209, "size": 1, "id": "Doll01_0", "label": "person"}, {"y": 177, "x": 496, "size": 3, "id": "Doll02_0", "label": "person"}, {"y": 377, "x": 360, "size": 2, "id": "CoffeeTable_0", "label": "CoffeeTable"}, {"y": 310, "x": 365, "size": 2, "id": "Plant_0", "label": "Plant"}, {"y": 370, "x": 75, "size": 3, "id": "Sofa_0", "label": "Sofa"}, {"y": 366, "x": 646, "size": 1, "id": "Sofa_1", "label": "Sofa"}, {"y": 91, "x": 110, "size": 3, "id": "Window02_0", "label": "Window"}, {"y": 86, "x": 599, "size": 3, "id": "Window02_1", "label": "Window"}, {"y": 101, "x": 358, "size": 3, "id": "Window02_2", "label": "Window"}], "edges": [{"source": "Doll01_0", "label": "near_behind", "id": 0, "target": "Doll02_0"}, {"source": "Doll01_0", "label": "above", "id": 1, "target": "CoffeeTable_0"}, {"source": "Doll01_0", "label": "near_behind", "id": 7, "target": "Window02_2"}, {"source": "Doll02_0", "label": "above", "id": 8, "target": "CoffeeTable_0"}, {"source": "Doll02_0", "label": "above", "id": 9, "target": "Plant_0"}, {"source": "Doll02_0", "label": "beside", "id": 13, "target": "Window02_1"}, {"source": "Doll02_0", "label": "near", "id": 14, "target": "Window02_2"}, {"source": "CoffeeTable_0", "label": "belowC", "id": 15, "target": "Plant_0"}]}