{"nodes": [{"y": 334, "x": 497, "size": 3, "id": "Dog02_0", "label": "Dog"}, {"y": 340, "x": 354, "size": 3, "id": "Puppy01_0", "label": "Puppy"}, {"y": 220, "x": 346, "size": 3, "id": "Couch_0", "label": "Couch"}, {"y": 267, "x": 103, "size": 3, "id": "Desk_0", "label": "Desk"}, {"y": 104, "x": 560, "size": 3, "id": "Window05_0", "label": "Window"}, {"y": 107, "x": 136, "size": 3, "id": "Window05_1", "label": "Window"}, {"y": 205, "x": 143, "size": 3, "id": "Bottle_0", "label": "Bottle"}, {"y": 341, "x": 612, "size": 3, "id": "DogBone_0", "label": "DogBone"}], "edges": [{"source": "Dog02_0", "label": "beside", "id": 6, "target": "DogBone_0"}, {"source": "Puppy01_0", "label": "belowC", "id": 7, "target": "Couch_0"}, {"source": "Bottle_0", "label": "aboveC", "id": 20, "target": "Desk_0"}, {"source": "Bottle_0", "label": "belowC", "id": 25, "target": "Window05_1"}]}