{"nodes": [{"y": 170, "x": 171, "size": 3, "id": "Doll12_0", "label": "person"}, {"y": 233, "x": 563, "size": 2, "id": "bike_0", "label": "bike"}, {"y": 55, "x": 321, "size": 3, "id": "sun_0", "label": "sun"}, {"y": 356, "x": 641, "size": 3, "id": "bush_0", "label": "bush"}, {"y": 202, "x": 57, "size": 3, "id": "bush_1", "label": "bush"}, {"y": 132, "x": 599, "size": 3, "id": "tree_0", "label": "tree"}, {"y": 172, "x": 309, "size": 5, "id": "baseball_0", "label": "baseball"}, {"y": 178, "x": 74, "size": 5, "id": "bat_0", "label": "bat"}], "edges": [{"source": "bike_0", "label": "on", "id": 10, "target": "tree_0"}, {"source": "bush_1", "label": "surrounds", "id": 24, "target": "bat_0"}]}