{"nodes": [{"y": 231, "x": 380, "size": 3, "id": "Doll13_0", "label": "person"}, {"y": 275, "x": 61, "size": 3, "id": "Doll13_1", "label": "person"}, {"y": 315, "x": 70, "size": 1, "id": "Couch_0", "label": "Couch"}, {"y": 165, "x": 693, "size": 3, "id": "Door_0", "label": "Door"}, {"y": 387, "x": 395, "size": 3, "id": "Rug_0", "label": "Rug"}, {"y": 95, "x": 494, "size": 3, "id": "Window05_0", "label": "Window"}, {"y": 296, "x": 247, "size": 1, "id": "Footstool_0", "label": "Footstool"}, {"y": 72, "x": 154, "size": 3, "id": "Picture_0", "label": "Picture"}, {"y": 256, "x": 388, "size": 1, "id": "Chair02_0", "label": "Chair"}, {"y": 274, "x": 246, "size": 2, "id": "Yarn_0", "label": "Yarn"}, {"y": 242, "x": 375, "size": 1, "id": "Pillow_0", "label": "Pillow"}], "edges": [{"source": "Doll13_0", "label": "near", "id": 0, "target": "Doll13_1"}, {"source": "Doll13_0", "label": "above", "id": 3, "target": "Rug_0"}, {"source": "Doll13_0", "label": "above_infront", "id": 7, "target": "Chair02_0"}, {"source": "Doll13_0", "label": "beside", "id": 8, "target": "Yarn_0"}, {"source": "Doll13_1", "label": "near_infront", "id": 16, "target": "Chair02_0"}, {"source": "Yarn_0", "label": "on", "id": 47, "target": "Footstool_0"}, {"source": "Chair02_0", "label": "surrounds", "id": 53, "target": "Pillow_0"}]}