{"nodes": [{"y": 231, "x": 288, "size": 3, "id": "Doll18_0", "label": "person"}, {"y": 257, "x": 117, "size": 3, "id": "Cat02_0", "label": "Cat"}, {"y": 157, "x": 528, "size": 3, "id": "Bookshelf_0", "label": "Bookshelf"}, {"y": 89, "x": 164, "size": 5, "id": "Picture_0", "label": "Picture"}, {"y": 306, "x": 285, "size": 3, "id": "Chair02_0", "label": "Chair"}, {"y": 291, "x": 109, "size": 3, "id": "Footstool_0", "label": "Footstool"}, {"y": 111, "x": 524, "size": 3, "id": "Bottle_0", "label": "Bottle"}, {"y": 319, "x": 643, "size": 3, "id": "Dollhouse_0", "label": "Dollhouse"}, {"y": 229, "x": 561, "size": 3, "id": "Book_0", "label": "Book"}], "edges": [{"source": "Doll18_0", "label": "near", "id": 0, "target": "Cat02_0"}, {"source": "Doll18_0", "label": "on", "id": 3, "target": "Chair02_0"}, {"source": "Doll18_0", "label": "near", "id": 4, "target": "Footstool_0"}, {"source": "Cat02_0", "label": "aboveC", "id": 11, "target": "Footstool_0"}, {"source": "Bookshelf_0", "label": "surrounds", "id": 18, "target": "Bottle_0"}, {"source": "Bookshelf_0", "label": "surrounds", "id": 20, "target": "Book_0"}, {"source": "Bottle_0", "label": "aboveC", "id": 34, "target": "Book_0"}, {"source": "Dollhouse_0", "label": "belowC", "id": 35, "target": "Book_0"}]}