{"nodes": [{"y": 215, "x": 165, "size": 3, "id": "Doll14_0", "label": "person"}, {"y": 289, "x": 523, "size": 3, "id": "Turtle_0", "label": "Turtle"}, {"y": 291, "x": 207, "size": 3, "id": "Puppy01_0", "label": "Puppy"}, {"y": 265, "x": 117, "size": 3, "id": "bench_0", "label": "bench"}, {"y": 218, "x": 618, "size": 3, "id": "bush_0", "label": "bush"}, {"y": 12, "x": 686, "size": 3, "id": "sun_0", "label": "sun"}, {"y": 193, "x": 236, "size": 1, "id": "bike_0", "label": "bike"}, {"y": 124, "x": 95, "size": 3, "id": "tree_0", "label": "tree"}, {"y": 329, "x": 584, "size": 3, "id": "pond_0", "label": "pond"}], "edges": [{"source": "Doll14_0", "label": "opposite", "id": 0, "target": "Turtle_0"}, {"source": "Doll14_0", "label": "above", "id": 1, "target": "Puppy01_0"}, {"source": "Doll14_0", "label": "on", "id": 2, "target": "bench_0"}, {"source": "Doll14_0", "label": "beside_infront", "id": 5, "target": "bike_0"}, {"source": "Doll14_0", "label": "on", "id": 6, "target": "tree_0"}, {"source": "Turtle_0", "label": "on", "id": 14, "target": "pond_0"}, {"source": "Puppy01_0", "label": "on", "id": 15, "target": "bench_0"}]}