{"nodes": [{"y": 193, "x": 497, "size": 3, "id": "Doll17_0", "label": "person"}, {"y": 209, "x": 164, "size": 3, "id": "Chipmunk_0", "label": "Chipmunk"}, {"y": 88, "x": 253, "size": 3, "id": "Owl_0", "label": "Owl"}, {"y": 54, "x": 37, "size": 3, "id": "sun_0", "label": "sun"}, {"y": 65, "x": 380, "size": 3, "id": "tree_0", "label": "tree"}, {"y": 108, "x": 662, "size": 3, "id": "tree_1", "label": "tree"}, {"y": 244, "x": 498, "size": 3, "id": "log_0", "label": "log"}, {"y": 144, "x": 489, "size": 3, "id": "bush_0", "label": "bush"}], "edges": [{"source": "Doll17_0", "label": "opposite", "id": 1, "target": "Owl_0"}, {"source": "Doll17_0", "label": "below", "id": 3, "target": "tree_0"}, {"source": "Doll17_0", "label": "on", "id": 4, "target": "tree_1"}, {"source": "Doll17_0", "label": "aboveC", "id": 5, "target": "log_0"}, {"source": "Doll17_0", "label": "belowC", "id": 6, "target": "bush_0"}]}