{"nodes": [{"y": 256, "x": 497, "size": 3, "id": "Doll15_0", "label": "person"}, {"y": 259, "x": 227, "size": 3, "id": "Doll02_0", "label": "person"}, {"y": 44, "x": 640, "size": 3, "id": "moon_0", "label": "moon"}, {"y": 179, "x": 97, "size": 3, "id": "bush_0", "label": "bush"}, {"y": 360, "x": 633, "size": 3, "id": "bush_1", "label": "bush"}, {"y": 227, "x": 428, "size": 3, "id": "marshmallow_0", "label": "marshmallow"}, {"y": 238, "x": 300, "size": 3, "id": "marshmallow_1", "label": "marshmallow"}, {"y": 230, "x": 367, "size": 3, "id": "campfire_0", "label": "campfire"}], "edges": [{"source": "Doll15_0", "label": "opposite", "id": 0, "target": "Doll02_0"}, {"source": "Doll15_0", "label": "beside", "id": 4, "target": "marshmallow_0"}, {"source": "Doll15_0", "label": "near", "id": 6, "target": "campfire_0"}, {"source": "Doll02_0", "label": "beside", "id": 11, "target": "marshmallow_1"}, {"source": "Doll02_0", "label": "near", "id": 12, "target": "campfire_0"}, {"source": "marshmallow_0", "label": "beside", "id": 26, "target": "campfire_0"}, {"source": "marshmallow_1", "label": "beside", "id": 27, "target": "campfire_0"}]}