{"nodes": [{"y": 156, "x": 240, "size": 3, "id": "Doll14_0", "label": "person"}, {"y": 189, "x": 638, "size": 3, "id": "Cat01_0", "label": "Cat"}, {"y": 259, "x": 170, "size": 3, "id": "grill_0", "label": "grill"}, {"y": 220, "x": 595, "size": 3, "id": "bench_0", "label": "bench"}, {"y": 316, "x": 289, "size": 3, "id": "sidewalk_0", "label": "sidewalk"}, {"y": 109, "x": 87, "size": 3, "id": "tree_0", "label": "tree"}, {"y": 74, "x": 397, "size": 3, "id": "sun_0", "label": "sun"}, {"y": 256, "x": 44, "size": 3, "id": "bush_0", "label": "bush"}, {"y": 332, "x": 625, "size": 3, "id": "bush_1", "label": "bush"}, {"y": 93, "x": 415, "size": 3, "id": "cloud_0", "label": "cloud"}, {"y": 274, "x": 121, "size": 1, "id": "bottle_0", "label": "bottle"}, {"y": 345, "x": 298, "size": 3, "id": "steak_0", "label": "steak"}, {"y": 362, "x": 289, "size": 3, "id": "steak_1", "label": "steak"}, {"y": 350, "x": 298, "size": 3, "id": "frisbee_0", "label": "frisbee"}, {"y": 368, "x": 284, "size": 3, "id": "frisbee_1", "label": "frisbee"}, {"y": 327, "x": 261, "size": 3, "id": "corn_0", "label": "corn"}, {"y": 318, "x": 247, "size": 3, "id": "corn_1", "label": "corn"}, {"y": 333, "x": 230, "size": 3, "id": "corn_2", "label": "corn"}, {"y": 334, "x": 279, "size": 3, "id": "corn_3", "label": "corn"}, {"y": 348, "x": 248, "size": 3, "id": "corn_4", "label": "corn"}, {"y": 297, "x": 133, "size": 3, "id": "apple_0", "label": "apple"}], "edges": [{"source": "Doll14_0", "label": "above", "id": 1, "target": "grill_0"}, {"source": "Doll14_0", "label": "above", "id": 3, "target": "sidewalk_0"}, {"source": "Doll14_0", "label": "above", "id": 14, "target": "corn_0"}, {"source": "Doll14_0", "label": "above", "id": 15, "target": "corn_1"}, {"source": "Doll14_0", "label": "above", "id": 16, "target": "corn_2"}, {"source": "Doll14_0", "label": "above", "id": 19, "target": "apple_0"}, {"source": "Cat01_0", "label": "on", "id": 21, "target": "bench_0"}, {"source": "grill_0", "label": "on", "id": 40, "target": "sidewalk_0"}, {"source": "apple_0", "label": "on", "id": 56, "target": "grill_0"}, {"source": "sidewalk_0", "label": "surrounds", "id": 79, "target": "bottle_0"}, {"source": "sidewalk_0", "label": "surrounds", "id": 80, "target": "steak_0"}, {"source": "sidewalk_0", "label": "surrounds", "id": 81, "target": "steak_1"}, {"source": "sidewalk_0", "label": "surrounds", "id": 82, "target": "frisbee_0"}, {"source": "sidewalk_0", "label": "surrounds", "id": 83, "target": "frisbee_1"}, {"source": "sidewalk_0", "label": "surrounds", "id": 84, "target": "corn_0"}, {"source": "sidewalk_0", "label": "surrounds", "id": 85, "target": "corn_1"}, {"source": "sidewalk_0", "label": "surrounds", "id": 86, "target": "corn_2"}, {"source": "sidewalk_0", "label": "surrounds", "id": 87, "target": "corn_3"}, {"source": "sidewalk_0", "label": "surrounds", "id": 88, "target": "corn_4"}, {"source": "sidewalk_0", "label": "surrounds", "id": 89, "target": "apple_0"}, {"source": "sun_0", "label": "aboveC", "id": 107, "target": "cloud_0"}, {"source": "steak_0", "label": "aboveC", "id": 165, "target": "steak_1"}, {"source": "steak_0", "label": "on", "id": 166, "target": "frisbee_0"}, {"source": "steak_0", "label": "aboveC", "id": 167, "target": "frisbee_1"}, {"source": "steak_1", "label": "belowC", "id": 174, "target": "frisbee_0"}, {"source": "steak_1", "label": "aboveC", "id": 175, "target": "frisbee_1"}, {"source": "steak_1", "label": "belowC", "id": 176, "target": "corn_0"}, {"source": "steak_1", "label": "belowC", "id": 177, "target": "corn_1"}, {"source": "steak_1", "label": "belowC", "id": 179, "target": "corn_3"}, {"source": "frisbee_0", "label": "aboveC", "id": 182, "target": "frisbee_1"}, {"source": "frisbee_1", "label": "belowC", "id": 189, "target": "corn_0"}, {"source": "frisbee_1", "label": "belowC", "id": 190, "target": "corn_1"}, {"source": "frisbee_1", "label": "belowC", "id": 192, "target": "corn_3"}, {"source": "corn_0", "label": "aboveC", "id": 198, "target": "corn_4"}, {"source": "corn_1", "label": "aboveC", "id": 202, "target": "corn_4"}]}