{"nodes": [{"y": 161, "x": 483, "size": 3, "id": "Doll11_0", "label": "person"}, {"y": 182, "x": 639, "size": 3, "id": "Doll12_0", "label": "person"}, {"y": 87, "x": 167, "size": 3, "id": "Window02_0", "label": "Window"}, {"y": 239, "x": 41, "size": 3, "id": "DiningChair_0", "label": "DiningChair"}, {"y": 281, "x": 149, "size": 3, "id": "DiningTable_0", "label": "DiningTable"}, {"y": 227, "x": 177, "size": 3, "id": "plate_0", "label": "plate"}, {"y": 248, "x": 291, "size": 3, "id": "GameSystem_0", "label": "GameSystem"}, {"y": 216, "x": 97, "size": 3, "id": "wine_0", "label": "wine"}, {"y": 214, "x": 128, "size": 3, "id": "wine_1", "label": "wine"}], "edges": [{"source": "Doll11_0", "label": "near", "id": 0, "target": "Doll12_0"}, {"source": "plate_0", "label": "belowC", "id": 17, "target": "Window02_0"}, {"source": "wine_0", "label": "belowC", "id": 19, "target": "Window02_0"}, {"source": "wine_1", "label": "belowC", "id": 20, "target": "Window02_0"}, {"source": "plate_0", "label": "aboveC", "id": 26, "target": "DiningTable_0"}, {"source": "wine_0", "label": "aboveC", "id": 28, "target": "DiningTable_0"}, {"source": "wine_1", "label": "aboveC", "id": 29, "target": "DiningTable_0"}, {"source": "wine_0", "label": "beside", "id": 35, "target": "wine_1"}]}