{"nodes": [{"y": 277, "x": 51, "size": 5, "id": "bush_0", "label": "bush"}, {"y": 357, "x": 57, "size": 3, "id": "bush_1", "label": "bush"}, {"y": 180, "x": 244, "size": 3, "id": "bush_2", "label": "bush"}, {"y": 127, "x": 163, "size": 3, "id": "tree_0", "label": "tree"}, {"y": 144, "x": 62, "size": 3, "id": "tree_1", "label": "tree"}, {"y": 133, "x": 230, "size": 3, "id": "tree_2", "label": "tree"}, {"y": 132, "x": 274, "size": 3, "id": "tree_3", "label": "tree"}, {"y": 134, "x": 162, "size": 3, "id": "tree_4", "label": "tree"}, {"y": 246, "x": -18, "size": 3, "id": "sidewalk_0", "label": "sidewalk"}, {"y": 275, "x": 190, "size": 3, "id": "log_0", "label": "log"}, {"y": 134, "x": 696, "size": 3, "id": "sun_0", "label": "sun"}, {"y": 240, "x": 270, "size": 3, "id": "flower_0", "label": "flower"}], "edges": [{"source": "bush_2", "label": "on", "id": 21, "target": "tree_0"}, {"source": "bush_2", "label": "on", "id": 22, "target": "tree_1"}, {"source": "bush_2", "label": "on", "id": 23, "target": "tree_2"}, {"source": "bush_2", "label": "on", "id": 24, "target": "tree_3"}, {"source": "bush_2", "label": "on", "id": 25, "target": "tree_4"}, {"source": "flower_0", "label": "belowC", "id": 29, "target": "bush_2"}, {"source": "tree_1", "label": "surrounds", "id": 30, "target": "tree_0"}, {"source": "tree_0", "label": "on", "id": 31, "target": "tree_2"}, {"source": "tree_4", "label": "surrounds", "id": 33, "target": "tree_0"}, {"source": "tree_1", "label": "on", "id": 40, "target": "tree_4"}, {"source": "tree_1", "label": "above", "id": 41, "target": "sidewalk_0"}, {"source": "tree_2", "label": "on", "id": 45, "target": "tree_3"}, {"source": "tree_2", "label": "on", "id": 46, "target": "tree_4"}, {"source": "flower_0", "label": "on", "id": 50, "target": "tree_2"}, {"source": "flower_0", "label": "on", "id": 55, "target": "tree_3"}]}