{"nodes": [{"y": 274, "x": 268, "size": 3, "id": "sidewalk_0", "label": "sidewalk"}, {"y": 162, "x": 113, "size": 3, "id": "tree_0", "label": "tree"}, {"y": 165, "x": 266, "size": 3, "id": "tree_1", "label": "tree"}, {"y": 49, "x": 631, "size": 3, "id": "sun_0", "label": "sun"}, {"y": 258, "x": 541, "size": 3, "id": "slide_0", "label": "slide"}, {"y": 349, "x": 99, "size": 3, "id": "log_0", "label": "log"}], "edges": [{"source": "sidewalk_0", "label": "below", "id": 1, "target": "tree_1"}, {"source": "tree_0", "label": "above", "id": 8, "target": "log_0"}]}