{"nodes": [{"y": 177, "x": 87, "size": 3, "id": "Doll17_0", "label": "person"}, {"y": 193, "x": 618, "size": 3, "id": "Doll07_0", "label": "person"}, {"y": 169, "x": 282, "size": 3, "id": "Doll07_1", "label": "person"}, {"y": 156, "x": 393, "size": 3, "id": "Doll10_0", "label": "person"}, {"y": 243, "x": 171, "size": 3, "id": "Kitten01_0", "label": "Kitten"}, {"y": 166, "x": 496, "size": 3, "id": "Puppy01_0", "label": "Puppy"}, {"y": 323, "x": 387, "size": 3, "id": "Rug_0", "label": "Rug"}, {"y": 191, "x": 356, "size": 3, "id": "Couch_0", "label": "Couch"}, {"y": 223, "x": 624, "size": 3, "id": "DiningChair_0", "label": "DiningChair"}, {"y": 205, "x": 86, "size": 3, "id": "DiningChair_1", "label": "DiningChair"}, {"y": 41, "x": 473, "size": 3, "id": "Picture_0", "label": "Picture"}, {"y": 28, "x": 284, "size": 3, "id": "Picture_1", "label": "Picture"}, {"y": 103, "x": 635, "size": 3, "id": "Window03_0", "label": "Window"}, {"y": 100, "x": 77, "size": 3, "id": "Window03_1", "label": "Window"}, {"y": 245, "x": 9, "size": 3, "id": "Plant_0", "label": "Plant"}, {"y": 233, "x": 535, "size": 3, "id": "Plant_1", "label": "Plant"}, {"y": 260, "x": 688, "size": 3, "id": "Plant_2", "label": "Plant"}, {"y": 218, "x": 670, "size": 3, "id": "cup_0", "label": "cup"}, {"y": 261, "x": 167, "size": 3, "id": "PetBed_0", "label": "PetBed"}], "edges": [{"source": "Doll17_0", "label": "opposite", "id": 0, "target": "Doll07_0"}, {"source": "Doll17_0", "label": "near", "id": 1, "target": "Doll07_1"}, {"source": "Doll17_0", "label": "opposite", "id": 2, "target": "Doll10_0"}, {"source": "Doll17_0", "label": "near", "id": 3, "target": "Kitten01_0"}, {"source": "Doll17_0", "label": "opposite", "id": 4, "target": "Puppy01_0"}, {"source": "Doll17_0", "label": "on", "id": 8, "target": "DiningChair_1"}, {"source": "Doll17_0", "label": "on", "id": 12, "target": "Window03_1"}, {"source": "Doll17_0", "label": "above", "id": 17, "target": "PetBed_0"}, {"source": "Doll07_0", "label": "opposite", "id": 18, "target": "Doll07_1"}, {"source": "Doll07_0", "label": "opposite", "id": 19, "target": "Doll10_0"}, {"source": "Doll07_0", "label": "opposite", "id": 20, "target": "Kitten01_0"}, {"source": "Doll07_0", "label": "near", "id": 21, "target": "Puppy01_0"}, {"source": "Doll07_0", "label": "on", "id": 24, "target": "DiningChair_0"}, {"source": "Doll07_0", "label": "beside", "id": 33, "target": "cup_0"}, {"source": "Doll07_1", "label": "near", "id": 35, "target": "Doll10_0"}, {"source": "Doll07_1", "label": "near", "id": 36, "target": "Kitten01_0"}, {"source": "Doll07_1", "label": "near", "id": 37, "target": "Puppy01_0"}, {"source": "Doll07_1", "label": "above", "id": 38, "target": "Rug_0"}, {"source": "Doll07_1", "label": "on", "id": 39, "target": "Couch_0"}, {"source": "Doll10_0", "label": "opposite", "id": 51, "target": "Kitten01_0"}, {"source": "Doll10_0", "label": "near", "id": 52, "target": "Puppy01_0"}, {"source": "Doll10_0", "label": "above", "id": 53, "target": "Rug_0"}, {"source": "Doll10_0", "label": "on", "id": 54, "target": "Couch_0"}, {"source": "Kitten01_0", "label": "on", "id": 79, "target": "PetBed_0"}, {"source": "Puppy01_0", "label": "aboveC", "id": 89, "target": "Plant_1"}, {"source": "cup_0", "label": "on", "id": 168, "target": "Plant_2"}]}