{"nodes": [{"y": 303, "x": 388, "size": 3, "id": "Duck01_0", "label": "Duck"}, {"y": 310, "x": 248, "size": 3, "id": "Duck01_1", "label": "Duck"}, {"y": 308, "x": 166, "size": 3, "id": "Racoon_0", "label": "Racoon"}, {"y": 307, "x": 383, "size": 3, "id": "pond_0", "label": "pond"}, {"y": 148, "x": 105, "size": 3, "id": "tree_0", "label": "tree"}, {"y": 148, "x": 571, "size": 3, "id": "tree_1", "label": "tree"}, {"y": 127, "x": 286, "size": 2, "id": "tree_2", "label": "tree"}, {"y": 154, "x": 427, "size": 2, "id": "tree_3", "label": "tree"}, {"y": 74, "x": 53, "size": 3, "id": "sun_0", "label": "sun"}], "edges": [{"source": "Duck01_0", "label": "near", "id": 0, "target": "Duck01_1"}, {"source": "pond_0", "label": "surrounds", "id": 2, "target": "Duck01_0"}, {"source": "Duck01_0", "label": "below", "id": 6, "target": "tree_3"}, {"source": "Duck01_1", "label": "below", "id": 12, "target": "tree_2"}, {"source": "pond_0", "label": "below", "id": 24, "target": "tree_3"}]}