{"nodes": [{"y": 46, "x": 184, "size": 3, "id": "Butterfly01_0", "label": "Butterfly"}, {"y": 320, "x": 114, "size": 3, "id": "Dog01_0", "label": "Dog"}, {"y": 33, "x": 649, "size": 3, "id": "Bird_0", "label": "Bird"}, {"y": 59, "x": 389, "size": 3, "id": "Bird_1", "label": "Bird"}, {"y": 349, "x": 632, "size": 3, "id": "bush_0", "label": "bush"}, {"y": 347, "x": 422, "size": 3, "id": "bush_1", "label": "bush"}, {"y": 116, "x": 219, "size": 3, "id": "bush_2", "label": "bush"}, {"y": 228, "x": 219, "size": 3, "id": "sandbox_0", "label": "sandbox"}, {"y": 149, "x": 543, "size": 3, "id": "monkeybars_0", "label": "monkeybars"}, {"y": 121, "x": 89, "size": 3, "id": "tree_0", "label": "tree"}], "edges": [{"source": "Bird_0", "label": "opposite", "id": 17, "target": "Bird_1"}, {"source": "Bird_0", "label": "above", "id": 22, "target": "monkeybars_0"}]}