{"nodes": [{"y": 243, "x": 143, "size": 3, "id": "Doll14_0", "label": "person"}, {"y": 277, "x": 373, "size": 3, "id": "Doll16_0", "label": "person"}, {"y": 352, "x": 476, "size": 3, "id": "Puppy01_0", "label": "Puppy"}, {"y": 68, "x": 114, "size": 3, "id": "Picture_0", "label": "Picture"}, {"y": 69, "x": 534, "size": 3, "id": "Picture_1", "label": "Picture"}, {"y": 108, "x": 343, "size": 3, "id": "Window05_0", "label": "Window"}, {"y": 268, "x": 144, "size": 3, "id": "Chair02_0", "label": "Chair"}, {"y": 285, "x": 562, "size": 3, "id": "Chair02_1", "label": "Chair"}, {"y": 261, "x": 674, "size": 3, "id": "Plant_0", "label": "Plant"}, {"y": 273, "x": 168, "size": 3, "id": "Book_0", "label": "Book"}], "edges": [{"source": "Doll14_0", "label": "near", "id": 0, "target": "Doll16_0"}, {"source": "Doll14_0", "label": "near", "id": 1, "target": "Puppy01_0"}, {"source": "Doll14_0", "label": "on", "id": 5, "target": "Chair02_0"}, {"source": "Doll14_0", "label": "aboveC", "id": 8, "target": "Book_0"}, {"source": "Doll16_0", "label": "beside", "id": 9, "target": "Puppy01_0"}, {"source": "Doll16_0", "label": "near", "id": 13, "target": "Chair02_0"}, {"source": "Doll16_0", "label": "near", "id": 14, "target": "Chair02_1"}, {"source": "Doll16_0", "label": "near", "id": 16, "target": "Book_0"}, {"source": "Puppy01_0", "label": "beside", "id": 21, "target": "Chair02_1"}, {"source": "Chair02_0", "label": "surrounds", "id": 41, "target": "Book_0"}]}