{"nodes": [{"y": 212, "x": 407, "size": 3, "id": "Doll07_0", "label": "person"}, {"y": 296, "x": 446, "size": 3, "id": "Dog02_0", "label": "Dog"}, {"y": 175, "x": 63, "size": 3, "id": "bush_0", "label": "bush"}, {"y": 212, "x": 173, "size": 3, "id": "bush_1", "label": "bush"}, {"y": 282, "x": 94, "size": 3, "id": "bush_2", "label": "bush"}, {"y": 265, "x": 429, "size": 3, "id": "bench_0", "label": "bench"}, {"y": 77, "x": 572, "size": 3, "id": "sun_0", "label": "sun"}], "edges": [{"source": "Doll07_0", "label": "above", "id": 0, "target": "Dog02_0"}, {"source": "Doll07_0", "label": "on", "id": 4, "target": "bench_0"}, {"source": "bench_0", "label": "surrounds", "id": 9, "target": "Dog02_0"}]}