{"nodes": [{"y": 184, "x": 291, "size": 1, "id": "Doll12_0", "label": "person"}, {"y": 200, "x": 115, "size": 2, "id": "Doll01_0", "label": "person"}, {"y": 335, "x": 622, "size": 3, "id": "Chipmunk_0", "label": "Chipmunk"}, {"y": 136, "x": 627, "size": 3, "id": "Bluejay_0", "label": "Bluejay"}, {"y": 169, "x": 597, "size": 3, "id": "Bluejay_1", "label": "Bluejay"}, {"y": 207, "x": 420, "size": 3, "id": "Butterfly02_0", "label": "Butterfly"}, {"y": 330, "x": 430, "size": 3, "id": "Bee_0", "label": "Bee"}, {"y": 359, "x": 501, "size": 3, "id": "Bee_1", "label": "Bee"}, {"y": 363, "x": 415, "size": 3, "id": "Bee_2", "label": "Bee"}, {"y": 269, "x": 564, "size": 5, "id": "pond_0", "label": "pond"}, {"y": 243, "x": 461, "size": 3, "id": "log_0", "label": "log"}, {"y": 16, "x": 55, "size": 3, "id": "cloud_0", "label": "cloud"}, {"y": 19, "x": 166, "size": 3, "id": "cloud_1", "label": "cloud"}, {"y": 41, "x": 189, "size": 3, "id": "cloud_2", "label": "cloud"}, {"y": 18, "x": 282, "size": 3, "id": "cloud_3", "label": "cloud"}, {"y": 36, "x": 568, "size": 3, "id": "cloud_4", "label": "cloud"}, {"y": 130, "x": 431, "size": 4, "id": "bush_0", "label": "bush"}, {"y": 159, "x": 495, "size": 4, "id": "bush_1", "label": "bush"}, {"y": 128, "x": 565, "size": 3, "id": "bush_2", "label": "bush"}, {"y": 151, "x": 636, "size": 3, "id": "bush_3", "label": "bush"}, {"y": 30, "x": 674, "size": 3, "id": "sun_0", "label": "sun"}, {"y": 226, "x": 221, "size": 3, "id": "blanket_0", "label": "blanket"}, {"y": 221, "x": 203, "size": 3, "id": "cup_0", "label": "cup"}, {"y": 226, "x": 219, "size": 3, "id": "cup_1", "label": "cup"}, {"y": 344, "x": 439, "size": 3, "id": "flower_0", "label": "flower"}, {"y": 329, "x": 469, "size": 3, "id": "flower_1", "label": "flower"}, {"y": 315, "x": 441, "size": 3, "id": "flower_2", "label": "flower"}, {"y": 152, "x": 182, "size": 1, "id": "flower_3", "label": "flower"}, {"y": 308, "x": 73, "size": 3, "id": "flower_4", "label": "flower"}, {"y": 196, "x": 212, "size": 1, "id": "basket_0", "label": "basket"}, {"y": 150, "x": 249, "size": 1, "id": "watermelon_0", "label": "watermelon"}, {"y": 149, "x": 626, "size": 3, "id": "nest_0", "label": "nest"}], "edges": [{"source": "Doll12_0", "label": "near", "id": 0, "target": "Doll01_0"}, {"source": "Doll12_0", "label": "beside", "id": 28, "target": "basket_0"}, {"source": "Doll12_0", "label": "beside", "id": 29, "target": "watermelon_0"}, {"source": "Doll01_0", "label": "near", "id": 50, "target": "blanket_0"}, {"source": "Doll01_0", "label": "beside", "id": 56, "target": "flower_3"}, {"source": "Doll01_0", "label": "above", "id": 57, "target": "flower_4"}, {"source": "Doll01_0", "label": "near", "id": 59, "target": "watermelon_0"}, {"source": "Bluejay_0", "label": "aboveC", "id": 90, "target": "Bluejay_1"}, {"source": "bush_2", "label": "surrounds", "id": 104, "target": "Bluejay_0"}, {"source": "bush_3", "label": "surrounds", "id": 105, "target": "Bluejay_0"}, {"source": "Bluejay_0", "label": "aboveC", "id": 117, "target": "nest_0"}, {"source": "bush_2", "label": "surrounds", "id": 131, "target": "Bluejay_1"}, {"source": "bush_3", "label": "surrounds", "id": 132, "target": "Bluejay_1"}, {"source": "Bee_0", "label": "aboveC", "id": 172, "target": "Bee_2"}, {"source": "Bee_0", "label": "aboveC", "id": 188, "target": "flower_0"}, {"source": "Bee_0", "label": "belowC", "id": 190, "target": "flower_2"}, {"source": "Bee_2", "label": "belowC", "id": 237, "target": "flower_2"}, {"source": "cloud_1", "label": "on", "id": 306, "target": "cloud_2"}, {"source": "bush_1", "label": "on", "id": 391, "target": "bush_2"}, {"source": "bush_2", "label": "surrounds", "id": 417, "target": "nest_0"}, {"source": "bush_3", "label": "surrounds", "id": 429, "target": "nest_0"}, {"source": "blanket_0", "label": "surrounds", "id": 441, "target": "cup_0"}, {"source": "blanket_0", "label": "surrounds", "id": 442, "target": "cup_1"}, {"source": "flower_0", "label": "belowC", "id": 469, "target": "flower_2"}, {"source": "flower_3", "label": "aboveC", "id": 487, "target": "basket_0"}, {"source": "basket_0", "label": "belowC", "id": 493, "target": "watermelon_0"}]}