{"nodes": [{"y": 121, "x": 500, "size": 2, "id": "Doll03_0", "label": "person"}, {"y": 179, "x": 211, "size": 1, "id": "monkeybars_0", "label": "monkeybars"}, {"y": 154, "x": 12, "size": 1, "id": "bush_0", "label": "bush"}, {"y": 205, "x": 11, "size": 2, "id": "bush_1", "label": "bush"}, {"y": 161, "x": 698, "size": 1, "id": "bush_2", "label": "bush"}, {"y": 146, "x": 601, "size": 1, "id": "bush_3", "label": "bush"}, {"y": 274, "x": 13, "size": 1, "id": "bush_4", "label": "bush"}, {"y": 326, "x": 663, "size": 3, "id": "sidewalk_0", "label": "sidewalk"}, {"y": 190, "x": 555, "size": 2, "id": "bench_0", "label": "bench"}, {"y": 302, "x": 535, "size": 3, "id": "log_0", "label": "log"}, {"y": 348, "x": 429, "size": 1, "id": "log_1", "label": "log"}, {"y": 322, "x": 504, "size": 3, "id": "log_2", "label": "log"}, {"y": 300, "x": 426, "size": 3, "id": "log_3", "label": "log"}, {"y": 11, "x": 680, "size": 2, "id": "sun_0", "label": "sun"}, {"y": 295, "x": 477, "size": 3, "id": "soccer_0", "label": "soccer"}, {"y": 291, "x": 457, "size": 3, "id": "soccer_1", "label": "soccer"}, {"y": 320, "x": 469, "size": 2, "id": "soccer_2", "label": "soccer"}, {"y": 322, "x": 480, "size": 1, "id": "soccer_3", "label": "soccer"}, {"y": 309, "x": 447, "size": 3, "id": "soccer_4", "label": "soccer"}], "edges": [{"source": "Doll03_0", "label": "aboveC", "id": 7, "target": "bench_0"}, {"source": "Doll03_0", "label": "above", "id": 13, "target": "soccer_0"}, {"source": "Doll03_0", "label": "above", "id": 14, "target": "soccer_1"}, {"source": "Doll03_0", "label": "above", "id": 15, "target": "soccer_2"}, {"source": "Doll03_0", "label": "above", "id": 16, "target": "soccer_3"}, {"source": "bush_0", "label": "aboveC", "id": 35, "target": "bush_1"}, {"source": "bush_1", "label": "aboveC", "id": 53, "target": "bush_4"}, {"source": "bush_3", "label": "on", "id": 82, "target": "bench_0"}, {"source": "sidewalk_0", "label": "surrounds", "id": 114, "target": "soccer_3"}, {"source": "soccer_0", "label": "below", "id": 121, "target": "bench_0"}, {"source": "soccer_1", "label": "below", "id": 122, "target": "bench_0"}, {"source": "soccer_2", "label": "below", "id": 123, "target": "bench_0"}, {"source": "soccer_3", "label": "below", "id": 124, "target": "bench_0"}, {"source": "soccer_4", "label": "below", "id": 125, "target": "bench_0"}, {"source": "log_0", "label": "on", "id": 127, "target": "log_2"}, {"source": "log_0", "label": "surrounds", "id": 130, "target": "soccer_0"}, {"source": "soccer_2", "label": "on", "id": 132, "target": "log_0"}, {"source": "log_0", "label": "surrounds", "id": 133, "target": "soccer_3"}, {"source": "soccer_0", "label": "on", "id": 145, "target": "log_2"}, {"source": "soccer_1", "label": "on", "id": 146, "target": "log_2"}, {"source": "log_2", "label": "surrounds", "id": 147, "target": "soccer_2"}, {"source": "log_2", "label": "surrounds", "id": 148, "target": "soccer_3"}, {"source": "log_2", "label": "surrounds", "id": 149, "target": "soccer_4"}, {"source": "log_3", "label": "surrounds", "id": 151, "target": "soccer_0"}, {"source": "log_3", "label": "surrounds", "id": 152, "target": "soccer_1"}, {"source": "log_3", "label": "surrounds", "id": 153, "target": "soccer_2"}, {"source": "log_3", "label": "surrounds", "id": 154, "target": "soccer_3"}, {"source": "log_3", "label": "surrounds", "id": 155, "target": "soccer_4"}, {"source": "soccer_0", "label": "beside", "id": 161, "target": "soccer_1"}, {"source": "soccer_0", "label": "aboveC", "id": 162, "target": "soccer_2"}, {"source": "soccer_0", "label": "beside", "id": 164, "target": "soccer_4"}, {"source": "soccer_1", "label": "aboveC", "id": 165, "target": "soccer_2"}, {"source": "soccer_1", "label": "aboveC", "id": 167, "target": "soccer_4"}, {"source": "soccer_2", "label": "beside", "id": 168, "target": "soccer_3"}, {"source": "soccer_2", "label": "beside", "id": 169, "target": "soccer_4"}, {"source": "soccer_3", "label": "beside_behind", "id": 170, "target": "soccer_4"}]}