{"nodes": [{"y": 262, "x": 496, "size": 5, "id": "Doll10_0", "label": "person"}, {"y": 279, "x": 219, "size": 3, "id": "Puppy01_0", "label": "Puppy"}, {"y": 67, "x": 65, "size": 5, "id": "Picture_0", "label": "Picture"}, {"y": 91, "x": 298, "size": 3, "id": "Window03_0", "label": "Window"}, {"y": 358, "x": 326, "size": 3, "id": "Rug_0", "label": "Rug"}, {"y": 159, "x": 628, "size": 3, "id": "Door_0", "label": "Door"}, {"y": 364, "x": 48, "size": 3, "id": "Stool_0", "label": "Stool"}, {"y": 292, "x": 53, "size": 5, "id": "Plant_0", "label": "Plant"}, {"y": 319, "x": 512, "size": 5, "id": "Chair01_0", "label": "Chair"}, {"y": 288, "x": 219, "size": 3, "id": "PetBed_0", "label": "PetBed"}, {"y": 227, "x": 503, "size": 3, "id": "wine_0", "label": "wine"}, {"y": 199, "x": 450, "size": 3, "id": "wine_1", "label": "wine"}], "edges": [{"source": "Doll10_0", "label": "near_infront", "id": 3, "target": "Rug_0"}, {"source": "Doll10_0", "label": "on", "id": 7, "target": "Chair01_0"}, {"source": "PetBed_0", "label": "surrounds", "id": 18, "target": "Puppy01_0"}, {"source": "wine_1", "label": "above", "id": 44, "target": "Rug_0"}, {"source": "wine_0", "label": "beside", "id": 65, "target": "wine_1"}]}