{"nodes": [{"y": 210, "x": 381, "size": 3, "id": "Doll02_0", "label": "person"}, {"y": 56, "x": 190, "size": 3, "id": "Chipmunk_0", "label": "Chipmunk"}, {"y": 330, "x": 194, "size": 3, "id": "Bird_0", "label": "Bird"}, {"y": 357, "x": 212, "size": 3, "id": "Bird_1", "label": "Bird"}, {"y": 352, "x": 143, "size": 3, "id": "Bird_2", "label": "Bird"}, {"y": 147, "x": 168, "size": 3, "id": "tree_0", "label": "tree"}, {"y": 323, "x": 502, "size": 3, "id": "sidewalk_0", "label": "sidewalk"}, {"y": 249, "x": 408, "size": 3, "id": "bench_0", "label": "bench"}], "edges": [{"source": "Doll02_0", "label": "near", "id": 5, "target": "sidewalk_0"}, {"source": "Doll02_0", "label": "on", "id": 6, "target": "bench_0"}, {"source": "tree_0", "label": "surrounds", "id": 10, "target": "Chipmunk_0"}, {"source": "Bird_0", "label": "aboveC", "id": 13, "target": "Bird_1"}, {"source": "Bird_0", "label": "beside", "id": 14, "target": "Bird_2"}, {"source": "Bird_1", "label": "beside", "id": 18, "target": "Bird_2"}]}