{"nodes": [{"y": 216, "x": 71, "size": 3, "id": "Doll01_0", "label": "person"}, {"y": 269, "x": 533, "size": 3, "id": "Doll18_0", "label": "person"}, {"y": 327, "x": 398, "size": 3, "id": "Puppy02_0", "label": "Puppy"}, {"y": 238, "x": 385, "size": 3, "id": "Fireplace_0", "label": "Fireplace"}, {"y": 253, "x": 76, "size": 3, "id": "Chair02_0", "label": "Chair"}, {"y": 69, "x": 373, "size": 3, "id": "Window02_0", "label": "Window"}, {"y": 273, "x": 470, "size": 3, "id": "steak_0", "label": "steak"}], "edges": [{"source": "Doll01_0", "label": "opposite", "id": 0, "target": "Doll18_0"}, {"source": "Doll01_0", "label": "near", "id": 1, "target": "Puppy02_0"}, {"source": "Doll01_0", "label": "near", "id": 2, "target": "Fireplace_0"}, {"source": "Doll01_0", "label": "on", "id": 3, "target": "Chair02_0"}, {"source": "Doll18_0", "label": "beside", "id": 6, "target": "Puppy02_0"}, {"source": "Doll18_0", "label": "near", "id": 7, "target": "Fireplace_0"}, {"source": "Doll18_0", "label": "beside", "id": 10, "target": "steak_0"}, {"source": "Puppy02_0", "label": "belowC", "id": 11, "target": "Fireplace_0"}]}