{"nodes": [{"y": 136, "x": 582, "size": 2, "id": "Doll04_0", "label": "person"}, {"y": 205, "x": 96, "size": 2, "id": "Doll15_0", "label": "person"}, {"y": 194, "x": 648, "size": 2, "id": "bench_0", "label": "bench"}, {"y": 226, "x": 68, "size": 2, "id": "bench_1", "label": "bench"}, {"y": 242, "x": 314, "size": 2, "id": "seesaw_0", "label": "seesaw"}, {"y": 29, "x": 672, "size": 2, "id": "sun_0", "label": "sun"}, {"y": 116, "x": 688, "size": 1, "id": "tree_0", "label": "tree"}, {"y": 100, "x": 655, "size": 1, "id": "tree_1", "label": "tree"}, {"y": 77, "x": 217, "size": 1, "id": "tree_2", "label": "tree"}, {"y": 103, "x": 284, "size": 1, "id": "tree_3", "label": "tree"}, {"y": 157, "x": 328, "size": 2, "id": "bush_0", "label": "bush"}, {"y": 356, "x": 377, "size": 2, "id": "bush_1", "label": "bush"}, {"y": 357, "x": 452, "size": 1, "id": "bush_2", "label": "bush"}, {"y": 155, "x": 239, "size": 1, "id": "bush_3", "label": "bush"}], "edges": [{"source": "Doll04_0", "label": "opposite", "id": 0, "target": "Doll15_0"}, {"source": "Doll04_0", "label": "beside", "id": 1, "target": "bench_0"}, {"source": "Doll04_0", "label": "on", "id": 6, "target": "tree_1"}, {"source": "Doll15_0", "label": "on", "id": 14, "target": "bench_1"}, {"source": "Doll15_0", "label": "near", "id": 15, "target": "seesaw_0"}, {"source": "bench_0", "label": "belowC", "id": 28, "target": "tree_0"}, {"source": "bench_0", "label": "belowC", "id": 29, "target": "tree_1"}, {"source": "seesaw_0", "label": "belowC", "id": 51, "target": "bush_0"}, {"source": "sun_0", "label": "on", "id": 55, "target": "tree_0"}, {"source": "sun_0", "label": "on", "id": 56, "target": "tree_1"}, {"source": "tree_0", "label": "on", "id": 63, "target": "tree_1"}, {"source": "tree_2", "label": "on", "id": 76, "target": "tree_3"}, {"source": "tree_2", "label": "aboveC", "id": 80, "target": "bush_3"}, {"source": "tree_3", "label": "aboveC", "id": 81, "target": "bush_0"}, {"source": "tree_3", "label": "aboveC", "id": 84, "target": "bush_3"}]}