{"nodes": [{"y": 251, "x": 56, "size": 1, "id": "Doll12_0", "label": "person"}, {"y": 161, "x": 626, "size": 1, "id": "Window02_0", "label": "Window"}, {"y": 152, "x": 78, "size": 1, "id": "Window02_1", "label": "Window"}, {"y": 377, "x": 31, "size": 3, "id": "Rug_0", "label": "Rug"}, {"y": 369, "x": 692, "size": 3, "id": "Rug_1", "label": "Rug"}, {"y": 370, "x": 359, "size": 2, "id": "Rug_2", "label": "Rug"}, {"y": 171, "x": 366, "size": 1, "id": "Door_0", "label": "Door"}, {"y": 368, "x": 365, "size": 2, "id": "Table_0", "label": "Table"}, {"y": 46, "x": 74, "size": 1, "id": "Picture_0", "label": "Picture"}, {"y": 51, "x": 624, "size": 1, "id": "Picture_1", "label": "Picture"}], "edges": [{"source": "Doll12_0", "label": "belowC", "id": 1, "target": "Window02_1"}, {"source": "Window02_0", "label": "belowC", "id": 16, "target": "Picture_1"}, {"source": "Window02_1", "label": "belowC", "id": 22, "target": "Picture_0"}, {"source": "Rug_2", "label": "on", "id": 36, "target": "Table_0"}]}