{"nodes": [{"y": 137, "x": 511, "size": 3, "id": "Doll17_0", "label": "person"}, {"y": 291, "x": 29, "size": 3, "id": "Bee_0", "label": "Bee"}, {"y": 208, "x": 229, "size": 3, "id": "Dog01_0", "label": "Dog"}, {"y": 17, "x": 668, "size": 3, "id": "sun_0", "label": "sun"}, {"y": 370, "x": 23, "size": 3, "id": "bush_0", "label": "bush"}, {"y": 74, "x": 20, "size": 3, "id": "tree_0", "label": "tree"}, {"y": 209, "x": 337, "size": 3, "id": "soccer_0", "label": "soccer"}], "edges": [{"source": "Doll17_0", "label": "opposite", "id": 1, "target": "Dog01_0"}, {"source": "Doll17_0", "label": "near", "id": 5, "target": "soccer_0"}]}