{"nodes": [{"y": 126, "x": 597, "size": 3, "id": "Doll18_0", "label": "person"}, {"y": 157, "x": 167, "size": 1, "id": "Rabbit_0", "label": "Rabbit"}, {"y": 172, "x": 102, "size": 1, "id": "Rabbit_1", "label": "Rabbit"}, {"y": 215, "x": 682, "size": 3, "id": "Chipmunk_0", "label": "Chipmunk"}, {"y": 63, "x": 135, "size": 3, "id": "tree_0", "label": "tree"}, {"y": 188, "x": 625, "size": 3, "id": "log_0", "label": "log"}, {"y": 11, "x": 288, "size": 5, "id": "moon_0", "label": "moon"}, {"y": 218, "x": 592, "size": 3, "id": "jumprope_0", "label": "jumprope"}], "edges": [{"source": "Doll18_0", "label": "above", "id": 2, "target": "Chipmunk_0"}, {"source": "Doll18_0", "label": "aboveC", "id": 4, "target": "log_0"}, {"source": "Doll18_0", "label": "above", "id": 6, "target": "jumprope_0"}, {"source": "tree_0", "label": "surrounds", "id": 9, "target": "Rabbit_0"}, {"source": "Chipmunk_0", "label": "on", "id": 19, "target": "log_0"}, {"source": "jumprope_0", "label": "on", "id": 26, "target": "log_0"}]}