{"nodes": [{"y": 262, "x": 349, "size": 3, "id": "Doll05_0", "label": "person"}, {"y": 309, "x": 299, "size": 3, "id": "Cat02_0", "label": "Cat"}, {"y": 337, "x": 297, "size": 3, "id": "Rug_0", "label": "Rug"}, {"y": 280, "x": 563, "size": 3, "id": "Couch_0", "label": "Couch"}, {"y": 189, "x": 91, "size": 5, "id": "TV_0", "label": "TV"}, {"y": 289, "x": 95, "size": 3, "id": "Desk_0", "label": "Desk"}, {"y": 98, "x": 529, "size": 3, "id": "Picture_0", "label": "Picture"}, {"y": 96, "x": 121, "size": 3, "id": "Picture_1", "label": "Picture"}, {"y": 108, "x": 313, "size": 3, "id": "Window05_0", "label": "Window"}, {"y": 319, "x": 302, "size": 3, "id": "PetBed_0", "label": "PetBed"}], "edges": [{"source": "Doll05_0", "label": "beside", "id": 0, "target": "Cat02_0"}, {"source": "Doll05_0", "label": "aboveC", "id": 1, "target": "Rug_0"}, {"source": "Doll05_0", "label": "near_behind", "id": 3, "target": "TV_0"}, {"source": "Doll05_0", "label": "aboveC", "id": 8, "target": "PetBed_0"}, {"source": "Rug_0", "label": "surrounds", "id": 9, "target": "Cat02_0"}, {"source": "PetBed_0", "label": "surrounds", "id": 16, "target": "Cat02_0"}, {"source": "Rug_0", "label": "surrounds", "id": 23, "target": "PetBed_0"}]}