{"nodes": [{"y": 321, "x": 301, "size": 3, "id": "Doll14_0", "label": "person"}, {"y": 345, "x": 293, "size": 3, "id": "Puppy01_0", "label": "Puppy"}, {"y": 90, "x": 581, "size": 3, "id": "Window05_0", "label": "Window"}, {"y": 148, "x": 378, "size": 3, "id": "Picture_0", "label": "Picture"}, {"y": 183, "x": 115, "size": 3, "id": "Door_0", "label": "Door"}, {"y": 273, "x": 580, "size": 3, "id": "Chair02_0", "label": "Chair"}], "edges": [{"source": "Doll14_0", "label": "aboveC", "id": 0, "target": "Puppy01_0"}]}