{"nodes": [{"y": 219, "x": 175, "size": 2, "id": "Doll15_0", "label": "person"}, {"y": 270, "x": 569, "size": 2, "id": "Doll18_0", "label": "person"}, {"y": 245, "x": 127, "size": 1, "id": "Couch_0", "label": "Couch"}, {"y": 309, "x": 611, "size": 1, "id": "Couch_1", "label": "Couch"}, {"y": 245, "x": 393, "size": 2, "id": "Fireplace_0", "label": "Fireplace"}, {"y": 86, "x": 104, "size": 2, "id": "Window05_0", "label": "Window"}, {"y": 93, "x": 607, "size": 2, "id": "Window05_1", "label": "Window"}, {"y": 76, "x": 335, "size": 1, "id": "Picture_0", "label": "Picture"}], "edges": [{"source": "Doll15_0", "label": "opposite", "id": 0, "target": "Doll18_0"}, {"source": "Doll15_0", "label": "on", "id": 1, "target": "Couch_0"}, {"source": "Doll15_0", "label": "near", "id": 3, "target": "Fireplace_0"}, {"source": "Doll18_0", "label": "on", "id": 8, "target": "Couch_1"}, {"source": "Doll18_0", "label": "near", "id": 9, "target": "Fireplace_0"}]}