{"nodes": [{"y": 280, "x": 309, "size": 3, "id": "Doll10_0", "label": "person"}, {"y": 228, "x": 387, "size": 3, "id": "Doll20_0", "label": "person"}, {"y": 99, "x": 417, "size": 3, "id": "Picture_0", "label": "Picture"}, {"y": 339, "x": 408, "size": 3, "id": "Rug_0", "label": "Rug"}, {"y": 160, "x": 105, "size": 3, "id": "Door_0", "label": "Door"}, {"y": 314, "x": 443, "size": 3, "id": "Toy_0", "label": "Toy"}, {"y": 295, "x": 510, "size": 3, "id": "Doll_0", "label": "Doll"}], "edges": [{"source": "Doll10_0", "label": "beside", "id": 0, "target": "Doll20_0"}, {"source": "Doll10_0", "label": "beside", "id": 2, "target": "Rug_0"}, {"source": "Doll10_0", "label": "beside", "id": 4, "target": "Toy_0"}, {"source": "Doll20_0", "label": "belowC", "id": 6, "target": "Picture_0"}, {"source": "Doll20_0", "label": "aboveC", "id": 7, "target": "Rug_0"}, {"source": "Doll20_0", "label": "aboveC", "id": 9, "target": "Toy_0"}, {"source": "Doll20_0", "label": "beside", "id": 10, "target": "Doll_0"}, {"source": "Rug_0", "label": "surrounds", "id": 16, "target": "Toy_0"}]}