{"nodes": [{"y": 212, "x": 138, "size": 3, "id": "Doll07_0", "label": "person"}, {"y": 86, "x": 249, "size": 3, "id": "Bird_0", "label": "Bird"}, {"y": 204, "x": 435, "size": 3, "id": "Puppy02_0", "label": "Puppy"}, {"y": 272, "x": 134, "size": 3, "id": "log_0", "label": "log"}, {"y": 211, "x": 577, "size": 3, "id": "bush_0", "label": "bush"}, {"y": 92, "x": 108, "size": 3, "id": "moon_0", "label": "moon"}, {"y": 324, "x": 592, "size": 3, "id": "bench_0", "label": "bench"}, {"y": 273, "x": 314, "size": 3, "id": "campfire_0", "label": "campfire"}, {"y": 204, "x": 132, "size": 3, "id": "marshmallow_0", "label": "marshmallow"}], "edges": [{"source": "Doll07_0", "label": "opposite", "id": 1, "target": "Puppy02_0"}, {"source": "Doll07_0", "label": "aboveC", "id": 2, "target": "log_0"}, {"source": "Doll07_0", "label": "near", "id": 6, "target": "campfire_0"}, {"source": "Doll07_0", "label": "belowC", "id": 7, "target": "marshmallow_0"}, {"source": "marshmallow_0", "label": "aboveC", "id": 25, "target": "log_0"}]}