{"nodes": [{"y": 167, "x": 174, "size": 4, "id": "Doll18_0", "label": "person"}, {"y": 109, "x": 268, "size": 2, "id": "Doll07_0", "label": "person"}, {"y": 142, "x": 67, "size": 4, "id": "Doll10_0", "label": "person"}, {"y": 260, "x": 372, "size": 3, "id": "Dog02_0", "label": "Dog"}, {"y": 288, "x": 265, "size": 5, "id": "Puppy01_0", "label": "Puppy"}, {"y": 241, "x": 599, "size": 3, "id": "bush_0", "label": "bush"}, {"y": 307, "x": 629, "size": 3, "id": "bush_1", "label": "bush"}, {"y": 30, "x": 92, "size": 3, "id": "sun_0", "label": "sun"}, {"y": 240, "x": 651, "size": 1, "id": "tree_0", "label": "tree"}, {"y": 123, "x": 554, "size": 1, "id": "tree_1", "label": "tree"}], "edges": [{"source": "Doll18_0", "label": "near_infront", "id": 0, "target": "Doll07_0"}, {"source": "Doll18_0", "label": "near", "id": 1, "target": "Doll10_0"}, {"source": "Doll07_0", "label": "opposite_behind", "id": 9, "target": "Doll10_0"}, {"source": "Doll07_0", "label": "above", "id": 10, "target": "Dog02_0"}, {"source": "bush_0", "label": "aboveC", "id": 35, "target": "bush_1"}]}