{"nodes": [{"y": 158, "x": 71, "size": 3, "id": "Doll05_0", "label": "person"}, {"y": 249, "x": 355, "size": 3, "id": "Doll04_0", "label": "person"}, {"y": 224, "x": 572, "size": 3, "id": "sandbox_0", "label": "sandbox"}, {"y": 328, "x": 389, "size": 3, "id": "blanket_0", "label": "blanket"}, {"y": 28, "x": 657, "size": 3, "id": "sun_0", "label": "sun"}, {"y": 267, "x": 149, "size": 3, "id": "grill_0", "label": "grill"}, {"y": 144, "x": 265, "size": 3, "id": "tree_0", "label": "tree"}, {"y": 302, "x": 397, "size": 3, "id": "plate_0", "label": "plate"}, {"y": 292, "x": 387, "size": 3, "id": "hamburger_0", "label": "hamburger"}, {"y": 301, "x": 409, "size": 3, "id": "steak_0", "label": "steak"}, {"y": 280, "x": 432, "size": 3, "id": "bottle_0", "label": "bottle"}, {"y": 316, "x": 299, "size": 3, "id": "basket_0", "label": "basket"}], "edges": [{"source": "Doll05_0", "label": "opposite", "id": 0, "target": "Doll04_0"}, {"source": "Doll05_0", "label": "above", "id": 4, "target": "grill_0"}, {"source": "Doll04_0", "label": "above", "id": 12, "target": "blanket_0"}, {"source": "Doll04_0", "label": "on", "id": 15, "target": "tree_0"}, {"source": "Doll04_0", "label": "aboveC", "id": 16, "target": "plate_0"}, {"source": "Doll04_0", "label": "aboveC", "id": 17, "target": "hamburger_0"}, {"source": "Doll04_0", "label": "beside", "id": 18, "target": "steak_0"}, {"source": "Doll04_0", "label": "above", "id": 20, "target": "basket_0"}, {"source": "blanket_0", "label": "surrounds", "id": 33, "target": "plate_0"}, {"source": "hamburger_0", "label": "on", "id": 34, "target": "blanket_0"}, {"source": "blanket_0", "label": "surrounds", "id": 35, "target": "steak_0"}, {"source": "bottle_0", "label": "aboveC", "id": 36, "target": "blanket_0"}, {"source": "basket_0", "label": "on", "id": 37, "target": "blanket_0"}, {"source": "grill_0", "label": "on", "id": 45, "target": "tree_0"}, {"source": "plate_0", "label": "belowC", "id": 56, "target": "hamburger_0"}, {"source": "plate_0", "label": "on", "id": 57, "target": "steak_0"}]}