{"nodes": [{"y": 172, "x": 350, "size": 3, "id": "Doll08_0", "label": "person"}, {"y": 331, "x": 550, "size": 3, "id": "Cat01_0", "label": "Cat"}, {"y": 93, "x": 626, "size": 3, "id": "Picture_0", "label": "Picture"}, {"y": 266, "x": 581, "size": 3, "id": "Plant_0", "label": "Plant"}, {"y": 221, "x": 372, "size": 3, "id": "Couch_0", "label": "Couch"}, {"y": 139, "x": 104, "size": 3, "id": "Window05_0", "label": "Window"}, {"y": 280, "x": 437, "size": 3, "id": "Yarn_0", "label": "Yarn"}], "edges": [{"source": "Doll08_0", "label": "near", "id": 0, "target": "Cat01_0"}, {"source": "Doll08_0", "label": "on", "id": 3, "target": "Couch_0"}, {"source": "Doll08_0", "label": "aboveC", "id": 5, "target": "Yarn_0"}, {"source": "Cat01_0", "label": "belowC", "id": 7, "target": "Plant_0"}, {"source": "Cat01_0", "label": "beside", "id": 10, "target": "Yarn_0"}, {"source": "Couch_0", "label": "surrounds", "id": 19, "target": "Yarn_0"}]}