{"nodes": [{"y": 215, "x": 501, "size": 3, "id": "Doll04_0", "label": "person"}, {"y": 248, "x": 504, "size": 3, "id": "Chair02_0", "label": "Chair"}, {"y": 362, "x": 512, "size": 3, "id": "Rug_0", "label": "Rug"}, {"y": 103, "x": 341, "size": 3, "id": "Picture_0", "label": "Picture"}, {"y": 162, "x": 178, "size": 3, "id": "Door_0", "label": "Door"}, {"y": 141, "x": 508, "size": 3, "id": "Window03_0", "label": "Window"}, {"y": 263, "x": 649, "size": 3, "id": "Plant_0", "label": "Plant"}, {"y": 264, "x": 348, "size": 3, "id": "Plant_1", "label": "Plant"}], "edges": [{"source": "Doll04_0", "label": "on", "id": 0, "target": "Chair02_0"}, {"source": "Doll04_0", "label": "aboveC", "id": 1, "target": "Rug_0"}, {"source": "Doll04_0", "label": "on", "id": 4, "target": "Window03_0"}, {"source": "Chair02_0", "label": "aboveC", "id": 7, "target": "Rug_0"}, {"source": "Chair02_0", "label": "belowC", "id": 10, "target": "Window03_0"}]}