{"nodes": [{"y": 287, "x": 81, "size": 3, "id": "Doll08_0", "label": "person"}, {"y": 135, "x": 632, "size": 3, "id": "Butterfly01_0", "label": "Butterfly"}, {"y": 341, "x": 668, "size": 3, "id": "Racoon_0", "label": "Racoon"}, {"y": 282, "x": 632, "size": 3, "id": "Koi_0", "label": "Koi"}, {"y": 274, "x": 580, "size": 3, "id": "Koi_1", "label": "Koi"}, {"y": 293, "x": 593, "size": 3, "id": "Koi_2", "label": "Koi"}, {"y": 280, "x": 541, "size": 3, "id": "Koi_3", "label": "Koi"}, {"y": 305, "x": 506, "size": 3, "id": "Koi_4", "label": "Koi"}, {"y": 289, "x": 540, "size": 5, "id": "pond_0", "label": "pond"}, {"y": 151, "x": 137, "size": 3, "id": "tree_0", "label": "tree"}, {"y": 126, "x": 376, "size": 3, "id": "tree_1", "label": "tree"}, {"y": 65, "x": 472, "size": 5, "id": "moon_0", "label": "moon"}], "edges": [{"source": "Racoon_0", "label": "belowC", "id": 21, "target": "Koi_0"}, {"source": "Koi_0", "label": "beside", "id": 30, "target": "Koi_1"}, {"source": "Koi_0", "label": "beside", "id": 31, "target": "Koi_2"}, {"source": "pond_0", "label": "surrounds", "id": 34, "target": "Koi_0"}, {"source": "Koi_1", "label": "aboveC", "id": 38, "target": "Koi_2"}, {"source": "Koi_1", "label": "beside", "id": 39, "target": "Koi_3"}, {"source": "pond_0", "label": "surrounds", "id": 41, "target": "Koi_1"}, {"source": "Koi_2", "label": "beside", "id": 45, "target": "Koi_3"}, {"source": "pond_0", "label": "surrounds", "id": 47, "target": "Koi_2"}, {"source": "Koi_3", "label": "beside", "id": 51, "target": "Koi_4"}, {"source": "pond_0", "label": "surrounds", "id": 52, "target": "Koi_3"}, {"source": "pond_0", "label": "surrounds", "id": 56, "target": "Koi_4"}]}