{"nodes": [{"y": 160, "x": 357, "size": 3, "id": "Doll10_0", "label": "person"}, {"y": 339, "x": 456, "size": 5, "id": "Doll20_0", "label": "person"}, {"y": 295, "x": 295, "size": 5, "id": "Dog01_0", "label": "Dog"}, {"y": 238, "x": 63, "size": 5, "id": "Cat02_0", "label": "Cat"}, {"y": 239, "x": 120, "size": 3, "id": "Desk_0", "label": "Desk"}, {"y": 341, "x": 399, "size": 3, "id": "Rug_0", "label": "Rug"}, {"y": 277, "x": 68, "size": 5, "id": "Chair02_0", "label": "Chair"}, {"y": 141, "x": 128, "size": 3, "id": "Plant_0", "label": "Plant"}, {"y": 77, "x": 657, "size": 3, "id": "Window05_0", "label": "Window"}, {"y": 278, "x": 740, "size": 5, "id": "Sofa_0", "label": "Sofa"}, {"y": 195, "x": 389, "size": 3, "id": "Couch_0", "label": "Couch"}, {"y": 50, "x": 391, "size": 3, "id": "Picture_0", "label": "Picture"}, {"y": 352, "x": 532, "size": 3, "id": "Yarn_0", "label": "Yarn"}, {"y": 337, "x": 402, "size": 2, "id": "Doll_0", "label": "Doll"}, {"y": 176, "x": 438, "size": 3, "id": "Doll_1", "label": "Doll"}], "edges": [{"source": "Doll10_0", "label": "above_behind", "id": 0, "target": "Doll20_0"}, {"source": "Doll10_0", "label": "above_behind", "id": 1, "target": "Dog01_0"}, {"source": "Doll10_0", "label": "above", "id": 4, "target": "Rug_0"}, {"source": "Doll10_0", "label": "on", "id": 9, "target": "Couch_0"}, {"source": "Doll10_0", "label": "above", "id": 11, "target": "Yarn_0"}, {"source": "Doll10_0", "label": "above", "id": 12, "target": "Doll_0"}, {"source": "Doll10_0", "label": "beside", "id": 13, "target": "Doll_1"}, {"source": "Doll20_0", "label": "near", "id": 14, "target": "Dog01_0"}, {"source": "Doll20_0", "label": "beside_infront", "id": 17, "target": "Rug_0"}, {"source": "Chair02_0", "label": "surrounds", "id": 41, "target": "Cat02_0"}, {"source": "Desk_0", "label": "belowC", "id": 52, "target": "Plant_0"}, {"source": "Rug_0", "label": "below", "id": 64, "target": "Couch_0"}, {"source": "Rug_0", "label": "surrounds", "id": 66, "target": "Yarn_0"}, {"source": "Rug_0", "label": "surrounds", "id": 67, "target": "Doll_0"}, {"source": "Couch_0", "label": "surrounds", "id": 98, "target": "Doll_1"}]}