{"nodes": [{"y": 340, "x": 190, "size": 3, "id": "Puppy02_0", "label": "Puppy"}, {"y": 358, "x": 300, "size": 3, "id": "Rug_0", "label": "Rug"}, {"y": 163, "x": 102, "size": 3, "id": "Door_0", "label": "Door"}, {"y": 304, "x": 592, "size": 3, "id": "Sofa_0", "label": "Sofa"}, {"y": 89, "x": 315, "size": 5, "id": "Picture_0", "label": "Picture"}, {"y": 255, "x": 196, "size": 3, "id": "Plant_0", "label": "Plant"}, {"y": 120, "x": 607, "size": 3, "id": "Window02_0", "label": "Window"}, {"y": 246, "x": 308, "size": 3, "id": "Fireplace_0", "label": "Fireplace"}, {"y": 141, "x": 261, "size": 3, "id": "TV_0", "label": "TV"}, {"y": 250, "x": 525, "size": 3, "id": "Pillow_0", "label": "Pillow"}, {"y": 358, "x": 230, "size": 3, "id": "DogBone_0", "label": "DogBone"}], "edges": [{"source": "Rug_0", "label": "surrounds", "id": 0, "target": "Puppy02_0"}, {"source": "Puppy02_0", "label": "belowC", "id": 4, "target": "Plant_0"}, {"source": "Puppy02_0", "label": "beside", "id": 9, "target": "DogBone_0"}, {"source": "Rug_0", "label": "belowC", "id": 15, "target": "Fireplace_0"}, {"source": "Rug_0", "label": "surrounds", "id": 18, "target": "DogBone_0"}, {"source": "Sofa_0", "label": "surrounds", "id": 32, "target": "Pillow_0"}, {"source": "Plant_0", "label": "belowC", "id": 42, "target": "TV_0"}, {"source": "DogBone_0", "label": "belowC", "id": 44, "target": "Plant_0"}, {"source": "Fireplace_0", "label": "belowC", "id": 49, "target": "TV_0"}, {"source": "DogBone_0", "label": "belowC", "id": 51, "target": "Fireplace_0"}]}