{"nodes": [{"y": 176, "x": 217, "size": 3, "id": "Doll03_0", "label": "person"}, {"y": 232, "x": 215, "size": 3, "id": "Chair02_0", "label": "Chair"}, {"y": 315, "x": 570, "size": 3, "id": "Desk_0", "label": "Desk"}, {"y": 217, "x": 575, "size": 3, "id": "Plant_0", "label": "Plant"}, {"y": 294, "x": 413, "size": 3, "id": "Book_0", "label": "Book"}, {"y": 280, "x": 455, "size": 3, "id": "Book_1", "label": "Book"}, {"y": 293, "x": 393, "size": 4, "id": "Book_2", "label": "Book"}], "edges": [{"source": "Doll03_0", "label": "on", "id": 0, "target": "Chair02_0"}, {"source": "Doll03_0", "label": "near", "id": 2, "target": "Plant_0"}, {"source": "Doll03_0", "label": "near", "id": 3, "target": "Book_0"}, {"source": "Doll03_0", "label": "near", "id": 4, "target": "Book_1"}, {"source": "Doll03_0", "label": "near", "id": 5, "target": "Book_2"}, {"source": "Desk_0", "label": "belowC", "id": 11, "target": "Plant_0"}, {"source": "Book_1", "label": "beside", "id": 13, "target": "Desk_0"}, {"source": "Book_1", "label": "beside", "id": 16, "target": "Plant_0"}, {"source": "Book_0", "label": "beside", "id": 18, "target": "Book_1"}, {"source": "Book_0", "label": "on", "id": 19, "target": "Book_2"}, {"source": "Book_1", "label": "beside", "id": 20, "target": "Book_2"}]}