{"nodes": [{"y": 260, "x": 194, "size": 3, "id": "Doll17_0", "label": "person"}, {"y": 257, "x": 456, "size": 3, "id": "Doll18_0", "label": "person"}, {"y": 348, "x": 613, "size": 3, "id": "Kitten01_0", "label": "Kitten"}, {"y": 100, "x": 521, "size": 3, "id": "Window03_0", "label": "Window"}, {"y": 117, "x": 128, "size": 3, "id": "Window03_1", "label": "Window"}, {"y": 319, "x": 295, "size": 3, "id": "Toy_0", "label": "Toy"}], "edges": [{"source": "Doll17_0", "label": "near", "id": 0, "target": "Doll18_0"}, {"source": "Doll17_0", "label": "opposite", "id": 1, "target": "Kitten01_0"}, {"source": "Doll17_0", "label": "beside", "id": 4, "target": "Toy_0"}, {"source": "Doll18_0", "label": "near", "id": 5, "target": "Kitten01_0"}, {"source": "Doll18_0", "label": "near", "id": 8, "target": "Toy_0"}]}