{"nodes": [{"y": 286, "x": 381, "size": 3, "id": "blanket_0", "label": "blanket"}, {"y": 163, "x": 639, "size": 3, "id": "bush_0", "label": "bush"}, {"y": 134, "x": 145, "size": 3, "id": "tree_0", "label": "tree"}, {"y": 28, "x": 542, "size": 3, "id": "sun_0", "label": "sun"}, {"y": 330, "x": 620, "size": 3, "id": "sidewalk_0", "label": "sidewalk"}, {"y": 216, "x": 430, "size": 3, "id": "log_0", "label": "log"}], "edges": [{"source": "blanket_0", "label": "below", "id": 4, "target": "log_0"}, {"source": "bush_0", "label": "above", "id": 7, "target": "sidewalk_0"}]}