{"nodes": [{"y": 237, "x": 503, "size": 3, "id": "Doll06_0", "label": "person"}, {"y": 307, "x": 584, "size": 3, "id": "Sofa_0", "label": "Sofa"}, {"y": 232, "x": 151, "size": 5, "id": "Fireplace_0", "label": "Fireplace"}, {"y": 101, "x": 623, "size": 3, "id": "Window05_0", "label": "Window"}, {"y": 101, "x": 476, "size": 3, "id": "Window05_1", "label": "Window"}, {"y": 99, "x": 327, "size": 3, "id": "Window05_2", "label": "Window"}, {"y": 98, "x": 178, "size": 3, "id": "Window05_3", "label": "Window"}, {"y": 98, "x": 28, "size": 3, "id": "Window05_4", "label": "Window"}, {"y": 127, "x": 180, "size": 3, "id": "TV_0", "label": "TV"}], "edges": [{"source": "Doll06_0", "label": "on", "id": 0, "target": "Sofa_0"}, {"source": "Doll06_0", "label": "near_behind", "id": 1, "target": "Fireplace_0"}, {"source": "Doll06_0", "label": "belowC", "id": 3, "target": "Window05_1"}, {"source": "Doll06_0", "label": "near", "id": 7, "target": "TV_0"}, {"source": "Window05_3", "label": "aboveC", "id": 34, "target": "TV_0"}]}