{"nodes": [{"y": 217, "x": 51, "size": 3, "id": "Doll16_0", "label": "person"}, {"y": 175, "x": 562, "size": 3, "id": "Doll03_0", "label": "person"}, {"y": 128, "x": 621, "size": 3, "id": "tree_0", "label": "tree"}, {"y": 130, "x": 88, "size": 3, "id": "bush_0", "label": "bush"}, {"y": 157, "x": 223, "size": 3, "id": "bush_1", "label": "bush"}, {"y": 22, "x": 541, "size": 3, "id": "moon_0", "label": "moon"}, {"y": 321, "x": 520, "size": 3, "id": "sidewalk_0", "label": "sidewalk"}, {"y": 284, "x": 184, "size": 3, "id": "pond_0", "label": "pond"}], "edges": [{"source": "Doll16_0", "label": "opposite", "id": 0, "target": "Doll03_0"}, {"source": "Doll16_0", "label": "near", "id": 6, "target": "pond_0"}, {"source": "Doll03_0", "label": "on", "id": 7, "target": "tree_0"}, {"source": "Doll03_0", "label": "above", "id": 11, "target": "sidewalk_0"}]}