{"nodes": [{"y": 192, "x": 178, "size": 5, "id": "Doll05_0", "label": "person"}, {"y": 205, "x": 51, "size": 4, "id": "Doll02_0", "label": "person"}, {"y": 229, "x": 424, "size": 5, "id": "Doll07_0", "label": "person"}, {"y": 206, "x": 638, "size": 3, "id": "Doll10_0", "label": "person"}, {"y": 251, "x": 646, "size": 3, "id": "DiningChair_0", "label": "DiningChair"}, {"y": 99, "x": 499, "size": 3, "id": "Window05_0", "label": "Window"}, {"y": 86, "x": 187, "size": 3, "id": "Window05_1", "label": "Window"}, {"y": 247, "x": 186, "size": 3, "id": "DiningTable_0", "label": "DiningTable"}, {"y": 249, "x": 347, "size": 3, "id": "DiningTable_1", "label": "DiningTable"}, {"y": 248, "x": 507, "size": 3, "id": "DiningTable_2", "label": "DiningTable"}, {"y": 218, "x": 71, "size": 4, "id": "plate_0", "label": "plate"}, {"y": 249, "x": 589, "size": 3, "id": "plate_1", "label": "plate"}, {"y": 182, "x": 152, "size": 3, "id": "DishesSnack_0", "label": "DishesSnack"}, {"y": 184, "x": 239, "size": 3, "id": "DishesSnack_1", "label": "DishesSnack"}, {"y": 186, "x": 460, "size": 3, "id": "DishesSnack_2", "label": "DishesSnack"}, {"y": 182, "x": 549, "size": 3, "id": "DishesSnack_3", "label": "DishesSnack"}, {"y": 185, "x": 307, "size": 3, "id": "pie_0", "label": "pie"}, {"y": 187, "x": 383, "size": 3, "id": "pie_1", "label": "pie"}, {"y": 213, "x": 74, "size": 4, "id": "pie_2", "label": "pie"}, {"y": 243, "x": 594, "size": 3, "id": "pie_3", "label": "pie"}], "edges": [{"source": "Doll05_0", "label": "near", "id": 0, "target": "Doll02_0"}, {"source": "Doll05_0", "label": "opposite", "id": 1, "target": "Doll07_0"}, {"source": "Doll05_0", "label": "opposite_infront", "id": 2, "target": "Doll10_0"}, {"source": "Doll02_0", "label": "opposite", "id": 19, "target": "Doll07_0"}, {"source": "Doll02_0", "label": "opposite", "id": 20, "target": "Doll10_0"}, {"source": "Doll02_0", "label": "beside", "id": 27, "target": "plate_0"}, {"source": "Doll02_0", "label": "beside", "id": 35, "target": "pie_2"}, {"source": "Doll07_0", "label": "near_infront", "id": 37, "target": "Doll10_0"}, {"source": "Doll10_0", "label": "aboveC", "id": 54, "target": "DiningChair_0"}, {"source": "Doll10_0", "label": "beside", "id": 61, "target": "plate_1"}, {"source": "Doll10_0", "label": "beside", "id": 69, "target": "pie_3"}, {"source": "DishesSnack_0", "label": "aboveC", "id": 116, "target": "DiningTable_0"}, {"source": "DishesSnack_1", "label": "aboveC", "id": 117, "target": "DiningTable_0"}, {"source": "pie_0", "label": "aboveC", "id": 131, "target": "DiningTable_1"}, {"source": "pie_1", "label": "aboveC", "id": 132, "target": "DiningTable_1"}, {"source": "plate_1", "label": "on", "id": 136, "target": "DiningTable_2"}, {"source": "DishesSnack_2", "label": "aboveC", "id": 139, "target": "DiningTable_2"}, {"source": "DishesSnack_3", "label": "aboveC", "id": 140, "target": "DiningTable_2"}, {"source": "pie_3", "label": "beside", "id": 144, "target": "DiningTable_2"}, {"source": "plate_0", "label": "on", "id": 152, "target": "pie_2"}, {"source": "plate_1", "label": "belowC", "id": 157, "target": "DishesSnack_3"}, {"source": "plate_1", "label": "belowC", "id": 161, "target": "pie_3"}, {"source": "DishesSnack_3", "label": "aboveC", "id": 183, "target": "pie_3"}, {"source": "pie_0", "label": "beside", "id": 184, "target": "pie_1"}]}