{"nodes": [{"y": 187, "x": 607, "size": 3, "id": "Doll10_0", "label": "person"}, {"y": 285, "x": 213, "size": 3, "id": "Koi_0", "label": "Koi"}, {"y": 324, "x": 513, "size": 3, "id": "sidewalk_0", "label": "sidewalk"}, {"y": 293, "x": 196, "size": 3, "id": "pond_0", "label": "pond"}, {"y": 52, "x": 69, "size": 3, "id": "sun_0", "label": "sun"}, {"y": 53, "x": 257, "size": 3, "id": "cloud_0", "label": "cloud"}, {"y": 53, "x": 546, "size": 3, "id": "cloud_1", "label": "cloud"}, {"y": 147, "x": 386, "size": 3, "id": "tree_0", "label": "tree"}], "edges": [{"source": "Doll10_0", "label": "above", "id": 1, "target": "sidewalk_0"}, {"source": "pond_0", "label": "surrounds", "id": 8, "target": "Koi_0"}, {"source": "tree_0", "label": "surrounds", "id": 26, "target": "cloud_0"}, {"source": "cloud_1", "label": "on", "id": 27, "target": "tree_0"}]}