{"nodes": [{"y": 148, "x": 293, "size": 3, "id": "Doll09_0", "label": "person"}, {"y": 326, "x": 561, "size": 3, "id": "Cat02_0", "label": "Cat"}, {"y": 277, "x": 150, "size": 3, "id": "Bee_0", "label": "Bee"}, {"y": 258, "x": 168, "size": 3, "id": "Bee_1", "label": "Bee"}, {"y": 335, "x": 586, "size": 3, "id": "Puppy01_0", "label": "Puppy"}, {"y": 26, "x": 584, "size": 3, "id": "sun_0", "label": "sun"}, {"y": 297, "x": 168, "size": 3, "id": "mushroom_0", "label": "mushroom"}], "edges": [{"source": "Doll09_0", "label": "near", "id": 2, "target": "Bee_1"}, {"source": "Bee_0", "label": "belowC", "id": 11, "target": "Bee_1"}, {"source": "Bee_0", "label": "aboveC", "id": 14, "target": "mushroom_0"}, {"source": "Bee_1", "label": "aboveC", "id": 17, "target": "mushroom_0"}]}