{"nodes": [{"y": 309, "x": 34, "size": 3, "id": "Doll18_0", "label": "person"}, {"y": 111, "x": 98, "size": 3, "id": "tree_0", "label": "tree"}, {"y": 161, "x": 591, "size": 3, "id": "bush_0", "label": "bush"}, {"y": 46, "x": 641, "size": 3, "id": "sun_0", "label": "sun"}, {"y": 379, "x": 128, "size": 3, "id": "sidewalk_0", "label": "sidewalk"}, {"y": 58, "x": 283, "size": 3, "id": "cloud_0", "label": "cloud"}, {"y": 113, "x": 451, "size": 3, "id": "cloud_1", "label": "cloud"}], "edges": [{"source": "Doll18_0", "label": "on", "id": 3, "target": "sidewalk_0"}]}