{"nodes": [{"y": 230, "x": 501, "size": 1, "id": "Doll14_0", "label": "person"}, {"y": 320, "x": 220, "size": 3, "id": "Kitten02_0", "label": "Kitten"}, {"y": 324, "x": 80, "size": 3, "id": "Desk_0", "label": "Desk"}, {"y": 216, "x": 87, "size": 3, "id": "TV_0", "label": "TV"}, {"y": 289, "x": 537, "size": 3, "id": "Sofa_0", "label": "Sofa"}, {"y": 146, "x": 264, "size": 3, "id": "Window02_0", "label": "Window"}, {"y": 350, "x": 218, "size": 3, "id": "Yarn_0", "label": "Yarn"}], "edges": [{"source": "Doll14_0", "label": "near_behind", "id": 0, "target": "Kitten02_0"}, {"source": "Doll14_0", "label": "above_behind", "id": 3, "target": "Sofa_0"}, {"source": "Doll14_0", "label": "near_behind", "id": 5, "target": "Yarn_0"}, {"source": "Kitten02_0", "label": "aboveC", "id": 10, "target": "Yarn_0"}, {"source": "Desk_0", "label": "belowC", "id": 11, "target": "TV_0"}]}