{"nodes": [{"y": 105, "x": 179, "size": 3, "id": "Doll16_0", "label": "person"}, {"y": 249, "x": 296, "size": 3, "id": "Doll16_1", "label": "person"}, {"y": 147, "x": 656, "size": 3, "id": "Doll03_0", "label": "person"}, {"y": 136, "x": 421, "size": 3, "id": "Doll04_0", "label": "person"}, {"y": 32, "x": 472, "size": 1, "id": "sun_0", "label": "sun"}, {"y": 321, "x": 61, "size": 3, "id": "sandbox_0", "label": "sandbox"}, {"y": 198, "x": 611, "size": 3, "id": "bench_0", "label": "bench"}, {"y": 149, "x": -41, "size": 3, "id": "monkeybars_0", "label": "monkeybars"}, {"y": 8, "x": 111, "size": 3, "id": "cloud_0", "label": "cloud"}, {"y": 142, "x": 191, "size": 3, "id": "slide_0", "label": "slide"}], "edges": [{"source": "Doll16_0", "label": "above", "id": 0, "target": "Doll16_1"}, {"source": "Doll16_0", "label": "on", "id": 8, "target": "slide_0"}, {"source": "Doll03_0", "label": "opposite", "id": 17, "target": "Doll04_0"}, {"source": "Doll03_0", "label": "on", "id": 20, "target": "bench_0"}]}