{"nodes": [{"y": 235, "x": 259, "size": 3, "id": "Doll02_0", "label": "person"}, {"y": 177, "x": 575, "size": 3, "id": "Doll05_0", "label": "person"}, {"y": 277, "x": 493, "size": 3, "id": "grill_0", "label": "grill"}, {"y": 290, "x": 281, "size": 3, "id": "blanket_0", "label": "blanket"}, {"y": 39, "x": 125, "size": 3, "id": "sun_0", "label": "sun"}, {"y": 170, "x": 59, "size": 3, "id": "bush_0", "label": "bush"}, {"y": 226, "x": 524, "size": 3, "id": "utensil_0", "label": "utensil"}, {"y": 225, "x": 495, "size": 3, "id": "ribs_0", "label": "ribs"}], "edges": [{"source": "Doll02_0", "label": "opposite", "id": 0, "target": "Doll05_0"}, {"source": "Doll02_0", "label": "aboveC", "id": 2, "target": "blanket_0"}, {"source": "Doll05_0", "label": "above", "id": 7, "target": "grill_0"}, {"source": "Doll05_0", "label": "beside", "id": 11, "target": "utensil_0"}, {"source": "Doll05_0", "label": "near", "id": 12, "target": "ribs_0"}, {"source": "utensil_0", "label": "on", "id": 16, "target": "grill_0"}, {"source": "ribs_0", "label": "on", "id": 17, "target": "grill_0"}]}