{"nodes": [{"y": 230, "x": 207, "size": 3, "id": "Doll12_0", "label": "person"}, {"y": 315, "x": 481, "size": 3, "id": "Doll16_0", "label": "person"}, {"y": 254, "x": 227, "size": 3, "id": "Couch_0", "label": "Couch"}, {"y": 144, "x": 554, "size": 3, "id": "Window02_0", "label": "Window"}, {"y": 280, "x": 554, "size": 3, "id": "Plant_0", "label": "Plant"}, {"y": 71, "x": 262, "size": 5, "id": "Picture_0", "label": "Picture"}], "edges": [{"source": "Doll12_0", "label": "near", "id": 0, "target": "Doll16_0"}, {"source": "Couch_0", "label": "surrounds", "id": 1, "target": "Doll12_0"}, {"source": "Doll12_0", "label": "near", "id": 3, "target": "Plant_0"}, {"source": "Doll16_0", "label": "near", "id": 5, "target": "Couch_0"}, {"source": "Doll16_0", "label": "beside", "id": 7, "target": "Plant_0"}, {"source": "Window02_0", "label": "aboveC", "id": 12, "target": "Plant_0"}]}