{"nodes": [{"y": 180, "x": 591, "size": 3, "id": "Doll14_0", "label": "person"}, {"y": 189, "x": 640, "size": 3, "id": "Doll01_0", "label": "person"}, {"y": 46, "x": 604, "size": 3, "id": "sun_0", "label": "sun"}, {"y": 124, "x": 232, "size": 3, "id": "bush_0", "label": "bush"}, {"y": 143, "x": 291, "size": 3, "id": "bush_1", "label": "bush"}, {"y": 182, "x": 180, "size": 3, "id": "bush_2", "label": "bush"}, {"y": 142, "x": 170, "size": 3, "id": "tree_0", "label": "tree"}, {"y": 21, "x": 94, "size": 3, "id": "cloud_0", "label": "cloud"}, {"y": 243, "x": 619, "size": 3, "id": "log_0", "label": "log"}, {"y": 241, "x": 145, "size": 1, "id": "mushroom_0", "label": "mushroom"}, {"y": 194, "x": 528, "size": 3, "id": "marshmallow_0", "label": "marshmallow"}, {"y": 211, "x": 572, "size": 3, "id": "marshmallow_1", "label": "marshmallow"}, {"y": 282, "x": 507, "size": 3, "id": "campfire_0", "label": "campfire"}], "edges": [{"source": "Doll14_0", "label": "on", "id": 0, "target": "Doll01_0"}, {"source": "Doll14_0", "label": "aboveC", "id": 7, "target": "log_0"}, {"source": "Doll14_0", "label": "beside", "id": 9, "target": "marshmallow_0"}, {"source": "Doll14_0", "label": "aboveC", "id": 10, "target": "marshmallow_1"}, {"source": "Doll14_0", "label": "above", "id": 11, "target": "campfire_0"}, {"source": "Doll01_0", "label": "aboveC", "id": 18, "target": "log_0"}, {"source": "Doll01_0", "label": "near", "id": 20, "target": "marshmallow_0"}, {"source": "Doll01_0", "label": "beside", "id": 21, "target": "marshmallow_1"}, {"source": "Doll01_0", "label": "near", "id": 22, "target": "campfire_0"}, {"source": "bush_0", "label": "on", "id": 33, "target": "bush_1"}, {"source": "tree_0", "label": "surrounds", "id": 35, "target": "bush_0"}, {"source": "bush_1", "label": "on", "id": 43, "target": "tree_0"}, {"source": "tree_0", "label": "surrounds", "id": 50, "target": "bush_2"}, {"source": "tree_0", "label": "surrounds", "id": 59, "target": "mushroom_0"}, {"source": "marshmallow_1", "label": "on", "id": 70, "target": "log_0"}, {"source": "marshmallow_0", "label": "beside", "id": 75, "target": "marshmallow_1"}, {"source": "marshmallow_0", "label": "above", "id": 76, "target": "campfire_0"}, {"source": "marshmallow_1", "label": "above", "id": 77, "target": "campfire_0"}]}