{"nodes": [{"y": 251, "x": 129, "size": 3, "id": "Doll16_0", "label": "person"}, {"y": 194, "x": 654, "size": 3, "id": "CoatRack_0", "label": "CoatRack"}, {"y": 293, "x": 184, "size": 3, "id": "Sofa_0", "label": "Sofa"}, {"y": 245, "x": 549, "size": 4, "id": "TV_0", "label": "TV"}, {"y": 110, "x": 508, "size": 3, "id": "Window02_0", "label": "Window"}, {"y": 349, "x": 556, "size": 3, "id": "Desk_0", "label": "Desk"}, {"y": 251, "x": 161, "size": 3, "id": "Doll_0", "label": "Doll"}], "edges": [{"source": "Sofa_0", "label": "surrounds", "id": 1, "target": "Doll16_0"}, {"source": "Sofa_0", "label": "surrounds", "id": 14, "target": "Doll_0"}, {"source": "TV_0", "label": "belowC", "id": 15, "target": "Window02_0"}, {"source": "TV_0", "label": "aboveC", "id": 16, "target": "Desk_0"}]}