{"nodes": [{"y": 339, "x": 364, "size": 3, "id": "Dog01_0", "label": "Dog"}, {"y": 221, "x": 363, "size": 3, "id": "Fireplace_0", "label": "Fireplace"}, {"y": 71, "x": 452, "size": 3, "id": "Picture_0", "label": "Picture"}, {"y": 160, "x": 608, "size": 3, "id": "Door_0", "label": "Door"}, {"y": 126, "x": 367, "size": 3, "id": "Plant_0", "label": "Plant"}, {"y": 146, "x": 143, "size": 3, "id": "Bookshelf_0", "label": "Bookshelf"}, {"y": 216, "x": 135, "size": 3, "id": "Scissors_0", "label": "Scissors"}, {"y": 205, "x": 100, "size": 3, "id": "Book_0", "label": "Book"}, {"y": 143, "x": 101, "size": 3, "id": "Book_1", "label": "Book"}, {"y": 158, "x": 153, "size": 3, "id": "Book_2", "label": "Book"}, {"y": 149, "x": 155, "size": 3, "id": "Book_3", "label": "Book"}, {"y": 150, "x": 197, "size": 3, "id": "Book_4", "label": "Book"}], "edges": [{"source": "Dog01_0", "label": "below", "id": 0, "target": "Fireplace_0"}, {"source": "Fireplace_0", "label": "belowC", "id": 13, "target": "Plant_0"}, {"source": "Bookshelf_0", "label": "surrounds", "id": 45, "target": "Scissors_0"}, {"source": "Bookshelf_0", "label": "surrounds", "id": 46, "target": "Book_0"}, {"source": "Bookshelf_0", "label": "surrounds", "id": 47, "target": "Book_1"}, {"source": "Bookshelf_0", "label": "surrounds", "id": 48, "target": "Book_2"}, {"source": "Bookshelf_0", "label": "surrounds", "id": 49, "target": "Book_3"}, {"source": "Book_4", "label": "on", "id": 50, "target": "Bookshelf_0"}, {"source": "Scissors_0", "label": "belowC", "id": 52, "target": "Book_1"}, {"source": "Scissors_0", "label": "belowC", "id": 53, "target": "Book_2"}, {"source": "Scissors_0", "label": "belowC", "id": 54, "target": "Book_3"}, {"source": "Scissors_0", "label": "belowC", "id": 55, "target": "Book_4"}, {"source": "Book_0", "label": "belowC", "id": 56, "target": "Book_1"}, {"source": "Book_0", "label": "belowC", "id": 58, "target": "Book_3"}, {"source": "Book_2", "label": "on", "id": 63, "target": "Book_3"}]}