{"nodes": [{"y": 287, "x": 110, "size": 3, "id": "Doll04_0", "label": "person"}, {"y": 330, "x": 263, "size": 3, "id": "Dog02_0", "label": "Dog"}, {"y": 336, "x": 207, "size": 3, "id": "Rug_0", "label": "Rug"}, {"y": 166, "x": 648, "size": 3, "id": "Door_0", "label": "Door"}, {"y": 84, "x": 45, "size": 3, "id": "Window03_0", "label": "Window"}, {"y": 187, "x": 492, "size": 3, "id": "CoatRack_0", "label": "CoatRack"}], "edges": [{"source": "Doll04_0", "label": "near", "id": 0, "target": "Dog02_0"}, {"source": "Doll04_0", "label": "beside", "id": 1, "target": "Rug_0"}, {"source": "Rug_0", "label": "surrounds", "id": 5, "target": "Dog02_0"}]}