{"nodes": [{"y": 224, "x": 167, "size": 3, "id": "Doll02_0", "label": "person"}, {"y": 256, "x": 522, "size": 3, "id": "Doll12_0", "label": "person"}, {"y": 42, "x": 648, "size": 3, "id": "sun_0", "label": "sun"}, {"y": 112, "x": 622, "size": 3, "id": "tree_0", "label": "tree"}, {"y": 93, "x": 127, "size": 3, "id": "tree_1", "label": "tree"}, {"y": 96, "x": 382, "size": 3, "id": "tree_2", "label": "tree"}, {"y": 293, "x": 153, "size": 3, "id": "log_0", "label": "log"}, {"y": 304, "x": 541, "size": 3, "id": "log_1", "label": "log"}, {"y": 40, "x": 483, "size": 3, "id": "cloud_0", "label": "cloud"}, {"y": 109, "x": 389, "size": 3, "id": "cloud_1", "label": "cloud"}, {"y": 38, "x": 321, "size": 3, "id": "cloud_2", "label": "cloud"}, {"y": 82, "x": 69, "size": 3, "id": "cloud_3", "label": "cloud"}, {"y": 286, "x": 351, "size": 3, "id": "campfire_0", "label": "campfire"}], "edges": [{"source": "Doll02_0", "label": "opposite", "id": 0, "target": "Doll12_0"}, {"source": "Doll02_0", "label": "on", "id": 3, "target": "tree_1"}, {"source": "Doll02_0", "label": "aboveC", "id": 5, "target": "log_0"}, {"source": "Doll12_0", "label": "on", "id": 13, "target": "tree_0"}, {"source": "Doll12_0", "label": "aboveC", "id": 17, "target": "log_1"}, {"source": "tree_0", "label": "surrounds", "id": 23, "target": "sun_0"}, {"source": "tree_2", "label": "aboveC", "id": 53, "target": "cloud_1"}]}