{"nodes": [{"y": 243, "x": 248, "size": 3, "id": "Doll15_0", "label": "person"}, {"y": 232, "x": 403, "size": 3, "id": "Doll08_0", "label": "person"}, {"y": 279, "x": 605, "size": 3, "id": "Dog01_0", "label": "Dog"}, {"y": 124, "x": 601, "size": 1, "id": "Window03_0", "label": "Window"}, {"y": 156, "x": 109, "size": 4, "id": "Door_0", "label": "Door"}, {"y": 203, "x": 240, "size": 1, "id": "CoatRack_0", "label": "CoatRack"}], "edges": [{"source": "Doll15_0", "label": "near", "id": 0, "target": "Doll08_0"}, {"source": "Doll15_0", "label": "near", "id": 1, "target": "Dog01_0"}, {"source": "Doll08_0", "label": "near", "id": 5, "target": "Dog01_0"}]}