{"nodes": [{"y": 249, "x": 495, "size": 4, "id": "Doll16_0", "label": "person"}, {"y": 218, "x": 186, "size": 4, "id": "Doll06_0", "label": "person"}, {"y": 292, "x": 624, "size": 5, "id": "Puppy02_0", "label": "Puppy"}, {"y": 352, "x": 318, "size": 3, "id": "Rug_0", "label": "Rug"}, {"y": 300, "x": 187, "size": 4, "id": "Stool_0", "label": "Stool"}, {"y": 322, "x": 485, "size": 4, "id": "Stool_1", "label": "Stool"}, {"y": 89, "x": 637, "size": 1, "id": "Window02_0", "label": "Window"}, {"y": 96, "x": 350, "size": 3, "id": "Picture_0", "label": "Picture"}, {"y": 306, "x": 352, "size": 4, "id": "Table_0", "label": "Table"}, {"y": 233, "x": 295, "size": 5, "id": "DishesSnack_0", "label": "DishesSnack"}, {"y": 224, "x": 341, "size": 4, "id": "Bottle_0", "label": "Bottle"}, {"y": 229, "x": 382, "size": 4, "id": "Bottle_1", "label": "Bottle"}, {"y": 237, "x": 412, "size": 4, "id": "DishesMeal_0", "label": "DishesMeal"}], "edges": [{"source": "Doll16_0", "label": "opposite", "id": 0, "target": "Doll06_0"}, {"source": "Doll16_0", "label": "near", "id": 2, "target": "Rug_0"}, {"source": "Doll16_0", "label": "aboveC", "id": 4, "target": "Stool_1"}, {"source": "Doll16_0", "label": "near", "id": 7, "target": "Table_0"}, {"source": "Doll16_0", "label": "beside", "id": 11, "target": "DishesMeal_0"}, {"source": "Doll06_0", "label": "above", "id": 13, "target": "Rug_0"}, {"source": "Doll06_0", "label": "aboveC", "id": 14, "target": "Stool_0"}, {"source": "Doll06_0", "label": "near", "id": 18, "target": "Table_0"}, {"source": "Doll06_0", "label": "beside", "id": 19, "target": "DishesSnack_0"}, {"source": "Rug_0", "label": "belowC", "id": 37, "target": "Table_0"}, {"source": "DishesMeal_0", "label": "aboveC", "id": 56, "target": "Stool_1"}, {"source": "DishesSnack_0", "label": "on", "id": 68, "target": "Table_0"}, {"source": "Bottle_0", "label": "aboveC", "id": 69, "target": "Table_0"}, {"source": "Bottle_1", "label": "aboveC", "id": 70, "target": "Table_0"}, {"source": "DishesMeal_0", "label": "on", "id": 71, "target": "Table_0"}]}