{"nodes": [{"y": 271, "x": 185, "size": 5, "id": "Doll09_0", "label": "person"}, {"y": 239, "x": 269, "size": 3, "id": "Doll13_0", "label": "person"}, {"y": 278, "x": 513, "size": 3, "id": "Doll10_0", "label": "person"}, {"y": 99, "x": 368, "size": 4, "id": "Picture_0", "label": "Picture"}, {"y": 195, "x": 191, "size": 1, "id": "CoatRack_0", "label": "CoatRack"}, {"y": 193, "x": 518, "size": 1, "id": "CoatRack_1", "label": "CoatRack"}, {"y": 252, "x": 364, "size": 1, "id": "DiningTable_0", "label": "DiningTable"}], "edges": [{"source": "Doll09_0", "label": "beside_infront", "id": 0, "target": "Doll13_0"}, {"source": "Doll09_0", "label": "near_infront", "id": 1, "target": "Doll10_0"}, {"source": "Doll09_0", "label": "near_infront", "id": 5, "target": "DiningTable_0"}, {"source": "Doll13_0", "label": "near", "id": 6, "target": "Doll10_0"}, {"source": "Doll13_0", "label": "beside_infront", "id": 10, "target": "DiningTable_0"}, {"source": "Doll10_0", "label": "near_infront", "id": 14, "target": "DiningTable_0"}]}