{"nodes": [{"y": 171, "x": 328, "size": 3, "id": "Doll09_0", "label": "person"}, {"y": 339, "x": 354, "size": 3, "id": "Rug_0", "label": "Rug"}, {"y": 66, "x": 334, "size": 3, "id": "Picture_0", "label": "Picture"}, {"y": 264, "x": 581, "size": 3, "id": "Plant_0", "label": "Plant"}, {"y": 132, "x": 602, "size": 3, "id": "Window02_0", "label": "Window"}, {"y": 165, "x": 97, "size": 3, "id": "Door_0", "label": "Door"}, {"y": 219, "x": 345, "size": 3, "id": "Couch_0", "label": "Couch"}], "edges": [{"source": "Doll09_0", "label": "above", "id": 0, "target": "Rug_0"}, {"source": "Doll09_0", "label": "belowC", "id": 1, "target": "Picture_0"}, {"source": "Doll09_0", "label": "near", "id": 3, "target": "Window02_0"}, {"source": "Doll09_0", "label": "on", "id": 5, "target": "Couch_0"}, {"source": "Rug_0", "label": "belowC", "id": 10, "target": "Couch_0"}, {"source": "Plant_0", "label": "belowC", "id": 15, "target": "Window02_0"}]}