{"nodes": [{"y": 160, "x": 473, "size": 3, "id": "Doll05_0", "label": "person"}, {"y": 145, "x": 275, "size": 3, "id": "Doll10_0", "label": "person"}, {"y": 359, "x": 532, "size": 3, "id": "Puppy01_0", "label": "Puppy"}, {"y": 344, "x": 612, "size": 3, "id": "Cat01_0", "label": "Cat"}, {"y": 373, "x": 64, "size": 3, "id": "Kitten01_0", "label": "Kitten"}, {"y": 277, "x": 75, "size": 3, "id": "Cat02_0", "label": "Cat"}, {"y": 214, "x": 246, "size": 3, "id": "Chair02_0", "label": "Chair"}, {"y": 213, "x": 480, "size": 3, "id": "Chair02_1", "label": "Chair"}, {"y": 89, "x": 648, "size": 3, "id": "Window02_0", "label": "Window"}, {"y": 95, "x": 96, "size": 3, "id": "Window02_1", "label": "Window"}, {"y": 52, "x": 346, "size": 3, "id": "Picture_0", "label": "Picture"}, {"y": 137, "x": 345, "size": 3, "id": "Picture_1", "label": "Picture"}, {"y": 52, "x": 496, "size": 3, "id": "Picture_2", "label": "Picture"}, {"y": 151, "x": 503, "size": 3, "id": "Picture_3", "label": "Picture"}, {"y": 250, "x": 288, "size": 5, "id": "TV_0", "label": "TV"}, {"y": 364, "x": 312, "size": 3, "id": "Table_0", "label": "Table"}], "edges": [{"source": "Doll05_0", "label": "near", "id": 0, "target": "Doll10_0"}, {"source": "Doll05_0", "label": "above", "id": 1, "target": "Puppy01_0"}, {"source": "Doll05_0", "label": "on", "id": 6, "target": "Chair02_1"}, {"source": "Doll05_0", "label": "near", "id": 7, "target": "Window02_0"}, {"source": "Doll05_0", "label": "beside", "id": 12, "target": "Picture_3"}, {"source": "Doll05_0", "label": "near_behind", "id": 13, "target": "TV_0"}, {"source": "Doll10_0", "label": "opposite", "id": 15, "target": "Puppy01_0"}, {"source": "Doll10_0", "label": "on", "id": 19, "target": "Chair02_0"}, {"source": "Doll10_0", "label": "near", "id": 20, "target": "Chair02_1"}, {"source": "Doll10_0", "label": "near", "id": 22, "target": "Window02_1"}, {"source": "Doll10_0", "label": "beside", "id": 24, "target": "Picture_1"}, {"source": "Doll10_0", "label": "above_behind", "id": 27, "target": "TV_0"}, {"source": "Doll10_0", "label": "above", "id": 28, "target": "Table_0"}, {"source": "Puppy01_0", "label": "beside", "id": 29, "target": "Cat01_0"}, {"source": "Puppy01_0", "label": "below", "id": 33, "target": "Chair02_1"}, {"source": "Cat02_0", "label": "below", "id": 68, "target": "Window02_1"}, {"source": "Chair02_0", "label": "beside_behind", "id": 82, "target": "TV_0"}, {"source": "Chair02_0", "label": "above", "id": 83, "target": "Table_0"}, {"source": "Chair02_1", "label": "belowC", "id": 89, "target": "Picture_3"}, {"source": "Picture_0", "label": "aboveC", "id": 105, "target": "Picture_1"}]}