{"nodes": [{"y": 186, "x": 515, "size": 3, "id": "Doll05_0", "label": "person"}, {"y": 220, "x": 428, "size": 4, "id": "Dog02_0", "label": "Dog"}, {"y": 245, "x": 492, "size": 3, "id": "Couch_0", "label": "Couch"}, {"y": 124, "x": 42, "size": 3, "id": "Plant_0", "label": "Plant"}, {"y": 230, "x": 36, "size": 3, "id": "Fireplace_0", "label": "Fireplace"}, {"y": 87, "x": 236, "size": 3, "id": "Window03_0", "label": "Window"}, {"y": 212, "x": 422, "size": 3, "id": "Pillow_0", "label": "Pillow"}], "edges": [{"source": "Doll05_0", "label": "beside", "id": 0, "target": "Dog02_0"}, {"source": "Doll05_0", "label": "on", "id": 1, "target": "Couch_0"}, {"source": "Doll05_0", "label": "near", "id": 4, "target": "Window03_0"}, {"source": "Doll05_0", "label": "beside", "id": 5, "target": "Pillow_0"}, {"source": "Couch_0", "label": "surrounds", "id": 6, "target": "Dog02_0"}, {"source": "Dog02_0", "label": "on", "id": 10, "target": "Pillow_0"}, {"source": "Couch_0", "label": "surrounds", "id": 14, "target": "Pillow_0"}, {"source": "Plant_0", "label": "aboveC", "id": 15, "target": "Fireplace_0"}]}