{"nodes": [{"y": 166, "x": 437, "size": 3, "id": "Doll04_0", "label": "person"}, {"y": 313, "x": 517, "size": 3, "id": "Doll15_0", "label": "person"}, {"y": 176, "x": 563, "size": 5, "id": "Plant_0", "label": "Plant"}, {"y": 175, "x": 191, "size": 5, "id": "Plant_1", "label": "Plant"}, {"y": 209, "x": 377, "size": 3, "id": "Couch_0", "label": "Couch"}, {"y": 340, "x": 367, "size": 3, "id": "Rug_0", "label": "Rug"}, {"y": 82, "x": 655, "size": 3, "id": "Window03_0", "label": "Window"}, {"y": 66, "x": 60, "size": 3, "id": "Window03_1", "label": "Window"}, {"y": 188, "x": 673, "size": 3, "id": "CoatRack_0", "label": "CoatRack"}, {"y": 183, "x": 56, "size": 3, "id": "CoatRack_1", "label": "CoatRack"}, {"y": 262, "x": 567, "size": 3, "id": "Endtable_0", "label": "Endtable"}, {"y": 262, "x": 189, "size": 3, "id": "Endtable_1", "label": "Endtable"}, {"y": 311, "x": 345, "size": 3, "id": "Footstool_0", "label": "Footstool"}, {"y": 201, "x": 463, "size": 3, "id": "Notebook_0", "label": "Notebook"}, {"y": 336, "x": 465, "size": 3, "id": "BuildingToy_0", "label": "BuildingToy"}, {"y": 348, "x": 541, "size": 3, "id": "BuildingToy_1", "label": "BuildingToy"}], "edges": [{"source": "Doll04_0", "label": "above", "id": 0, "target": "Doll15_0"}, {"source": "Doll04_0", "label": "on", "id": 3, "target": "Couch_0"}, {"source": "Doll04_0", "label": "above", "id": 4, "target": "Rug_0"}, {"source": "Doll04_0", "label": "above", "id": 11, "target": "Footstool_0"}, {"source": "Doll04_0", "label": "aboveC", "id": 12, "target": "Notebook_0"}, {"source": "Doll04_0", "label": "above", "id": 13, "target": "BuildingToy_0"}, {"source": "Doll04_0", "label": "above", "id": 14, "target": "BuildingToy_1"}, {"source": "Doll15_0", "label": "near", "id": 17, "target": "Couch_0"}, {"source": "Doll15_0", "label": "on", "id": 18, "target": "Rug_0"}, {"source": "Doll15_0", "label": "belowC", "id": 23, "target": "Endtable_0"}, {"source": "Doll15_0", "label": "beside", "id": 27, "target": "BuildingToy_0"}, {"source": "Doll15_0", "label": "aboveC", "id": 28, "target": "BuildingToy_1"}, {"source": "Couch_0", "label": "surrounds", "id": 62, "target": "Notebook_0"}, {"source": "Rug_0", "label": "belowC", "id": 71, "target": "Footstool_0"}, {"source": "Rug_0", "label": "surrounds", "id": 73, "target": "BuildingToy_0"}, {"source": "Rug_0", "label": "surrounds", "id": 74, "target": "BuildingToy_1"}, {"source": "BuildingToy_1", "label": "belowC", "id": 109, "target": "Endtable_0"}]}