{"nodes": [{"y": 188, "x": 509, "size": 3, "id": "Doll13_0", "label": "person"}, {"y": 157, "x": 556, "size": 3, "id": "bush_0", "label": "bush"}, {"y": 196, "x": 119, "size": 3, "id": "bush_1", "label": "bush"}, {"y": 285, "x": 271, "size": 3, "id": "blanket_0", "label": "blanket"}, {"y": 46, "x": 83, "size": 3, "id": "sun_0", "label": "sun"}, {"y": 262, "x": 406, "size": 3, "id": "grill_0", "label": "grill"}, {"y": 211, "x": 392, "size": 3, "id": "steak_0", "label": "steak"}, {"y": 215, "x": 422, "size": 3, "id": "steak_1", "label": "steak"}, {"y": 171, "x": 300, "size": 3, "id": "flower_0", "label": "flower"}], "edges": [{"source": "Doll13_0", "label": "on", "id": 0, "target": "bush_0"}, {"source": "Doll13_0", "label": "near", "id": 4, "target": "grill_0"}, {"source": "Doll13_0", "label": "near", "id": 5, "target": "steak_0"}, {"source": "Doll13_0", "label": "near", "id": 6, "target": "steak_1"}, {"source": "grill_0", "label": "surrounds", "id": 30, "target": "steak_0"}, {"source": "grill_0", "label": "surrounds", "id": 31, "target": "steak_1"}, {"source": "steak_0", "label": "beside", "id": 33, "target": "steak_1"}]}