{"nodes": [{"y": 326, "x": 556, "size": 3, "id": "Doll16_0", "label": "person"}, {"y": 296, "x": 404, "size": 3, "id": "Cat02_0", "label": "Cat"}, {"y": 255, "x": 335, "size": 3, "id": "Plant_0", "label": "Plant"}, {"y": 244, "x": 552, "size": 3, "id": "Chair02_0", "label": "Chair"}, {"y": 276, "x": 189, "size": 3, "id": "Chair02_1", "label": "Chair"}, {"y": 150, "x": 363, "size": 3, "id": "Window05_0", "label": "Window"}, {"y": 109, "x": 116, "size": 5, "id": "Picture_0", "label": "Picture"}, {"y": 215, "x": 551, "size": 3, "id": "Pillow_0", "label": "Pillow"}, {"y": 330, "x": 560, "size": 3, "id": "Doll_0", "label": "Doll"}], "edges": [{"source": "Doll16_0", "label": "near", "id": 0, "target": "Cat02_0"}, {"source": "Doll16_0", "label": "belowC", "id": 2, "target": "Chair02_0"}, {"source": "Doll16_0", "label": "near", "id": 4, "target": "Window05_0"}, {"source": "Doll16_0", "label": "belowC", "id": 6, "target": "Pillow_0"}, {"source": "Doll16_0", "label": "aboveC", "id": 7, "target": "Doll_0"}, {"source": "Cat02_0", "label": "below", "id": 11, "target": "Window05_0"}, {"source": "Plant_0", "label": "belowC", "id": 17, "target": "Window05_0"}, {"source": "Chair02_0", "label": "surrounds", "id": 24, "target": "Pillow_0"}, {"source": "Doll_0", "label": "belowC", "id": 25, "target": "Chair02_0"}, {"source": "Pillow_0", "label": "aboveC", "id": 35, "target": "Doll_0"}]}