{"nodes": [{"y": 175, "x": 186, "size": 3, "id": "Doll02_0", "label": "person"}, {"y": 161, "x": 59, "size": 3, "id": "Door_0", "label": "Door"}, {"y": 230, "x": 193, "size": 3, "id": "Chair02_0", "label": "Chair"}, {"y": 290, "x": 413, "size": 3, "id": "Chair02_1", "label": "Chair"}, {"y": 99, "x": 547, "size": 3, "id": "Picture_0", "label": "Picture"}, {"y": 98, "x": 382, "size": 3, "id": "Window02_0", "label": "Window"}], "edges": [{"source": "Doll02_0", "label": "beside", "id": 0, "target": "Door_0"}, {"source": "Doll02_0", "label": "on", "id": 1, "target": "Chair02_0"}, {"source": "Doll02_0", "label": "near", "id": 2, "target": "Chair02_1"}, {"source": "Doll02_0", "label": "near", "id": 4, "target": "Window02_0"}, {"source": "Chair02_1", "label": "below", "id": 13, "target": "Window02_0"}]}