{"nodes": [{"y": 224, "x": 213, "size": 3, "id": "Doll07_0", "label": "person"}, {"y": 247, "x": 396, "size": 3, "id": "Plant_0", "label": "Plant"}, {"y": 129, "x": 202, "size": 3, "id": "Window03_0", "label": "Window"}, {"y": 311, "x": 550, "size": 3, "id": "CoffeeTable_0", "label": "CoffeeTable"}, {"y": 309, "x": 206, "size": 3, "id": "Stool_0", "label": "Stool"}, {"y": 98, "x": 515, "size": 3, "id": "Picture_0", "label": "Picture"}], "edges": [{"source": "Doll07_0", "label": "belowC", "id": 1, "target": "Window03_0"}, {"source": "Doll07_0", "label": "aboveC", "id": 3, "target": "Stool_0"}]}