{"nodes": [{"y": 332, "x": 301, "size": 3, "id": "Doll05_0", "label": "person"}, {"y": 147, "x": 334, "size": 3, "id": "Doll17_0", "label": "person"}, {"y": 139, "x": 553, "size": 3, "id": "Window05_0", "label": "Window"}, {"y": 141, "x": 116, "size": 3, "id": "Window05_1", "label": "Window"}, {"y": 127, "x": 341, "size": 3, "id": "Picture_0", "label": "Picture"}, {"y": 344, "x": 363, "size": 3, "id": "Rug_0", "label": "Rug"}], "edges": [{"source": "Doll05_0", "label": "below", "id": 0, "target": "Doll17_0"}, {"source": "Doll05_0", "label": "beside", "id": 4, "target": "Rug_0"}, {"source": "Doll17_0", "label": "belowC", "id": 7, "target": "Picture_0"}, {"source": "Doll17_0", "label": "above", "id": 8, "target": "Rug_0"}]}