{"nodes": [{"y": 184, "x": 214, "size": 3, "id": "Doll15_0", "label": "person"}, {"y": 49, "x": 373, "size": 3, "id": "Robin_0", "label": "Robin"}, {"y": 235, "x": 232, "size": 3, "id": "log_0", "label": "log"}, {"y": 300, "x": 585, "size": 3, "id": "log_1", "label": "log"}, {"y": 280, "x": 108, "size": 3, "id": "bush_0", "label": "bush"}, {"y": 151, "x": 623, "size": 3, "id": "bush_1", "label": "bush"}, {"y": 268, "x": 530, "size": 3, "id": "blanket_0", "label": "blanket"}, {"y": 59, "x": 631, "size": 3, "id": "sun_0", "label": "sun"}, {"y": 235, "x": 358, "size": 3, "id": "grill_0", "label": "grill"}, {"y": 158, "x": 259, "size": 3, "id": "marshmallow_0", "label": "marshmallow"}], "edges": [{"source": "Doll15_0", "label": "aboveC", "id": 1, "target": "log_0"}, {"source": "Doll15_0", "label": "near", "id": 7, "target": "grill_0"}, {"source": "Doll15_0", "label": "beside", "id": 8, "target": "marshmallow_0"}, {"source": "marshmallow_0", "label": "above", "id": 23, "target": "log_0"}, {"source": "log_1", "label": "on", "id": 26, "target": "blanket_0"}]}