{"nodes": [{"y": 232, "x": 573, "size": 5, "id": "Doll08_0", "label": "person"}, {"y": 332, "x": 74, "size": 5, "id": "Dog02_0", "label": "Dog"}, {"y": 338, "x": 267, "size": 5, "id": "Dog01_0", "label": "Dog"}, {"y": 308, "x": 362, "size": 3, "id": "Kitten01_0", "label": "Kitten"}, {"y": 100, "x": 298, "size": 5, "id": "Picture_0", "label": "Picture"}, {"y": 302, "x": 732, "size": 1, "id": "DiningTable_0", "label": "DiningTable"}, {"y": 232, "x": 289, "size": 3, "id": "Fireplace_0", "label": "Fireplace"}, {"y": 328, "x": 22, "size": 3, "id": "steak_0", "label": "steak"}, {"y": 250, "x": 652, "size": 4, "id": "utensil_0", "label": "utensil"}, {"y": 237, "x": 699, "size": 3, "id": "cup_0", "label": "cup"}, {"y": 259, "x": 692, "size": 3, "id": "plate_0", "label": "plate"}, {"y": 295, "x": 392, "size": 1, "id": "Yarn_0", "label": "Yarn"}], "edges": [{"source": "Doll08_0", "label": "opposite", "id": 0, "target": "Dog02_0"}, {"source": "Doll08_0", "label": "opposite", "id": 1, "target": "Dog01_0"}, {"source": "Doll08_0", "label": "beside", "id": 7, "target": "utensil_0"}, {"source": "Dog02_0", "label": "near", "id": 11, "target": "Dog01_0"}, {"source": "Kitten01_0", "label": "belowC", "id": 32, "target": "Fireplace_0"}, {"source": "cup_0", "label": "aboveC", "id": 63, "target": "plate_0"}]}