{"nodes": [{"y": 231, "x": 255, "size": 4, "id": "Doll15_0", "label": "person"}, {"y": 279, "x": 452, "size": 4, "id": "Doll16_0", "label": "person"}, {"y": 291, "x": 633, "size": 3, "id": "Cat01_0", "label": "Cat"}, {"y": 267, "x": 94, "size": 5, "id": "Kitten01_0", "label": "Kitten"}, {"y": 106, "x": 217, "size": 5, "id": "Window03_0", "label": "Window"}, {"y": 107, "x": 529, "size": 5, "id": "Window03_1", "label": "Window"}, {"y": 334, "x": 385, "size": 3, "id": "Rug_0", "label": "Rug"}, {"y": 179, "x": 5, "size": 3, "id": "Bookshelf_0", "label": "Bookshelf"}, {"y": 272, "x": 92, "size": 3, "id": "PetBed_0", "label": "PetBed"}, {"y": 341, "x": 596, "size": 3, "id": "Yarn_0", "label": "Yarn"}, {"y": 252, "x": 378, "size": 3, "id": "Dollhouse_0", "label": "Dollhouse"}, {"y": 309, "x": 330, "size": 3, "id": "Doll_0", "label": "Doll"}, {"y": 274, "x": 451, "size": 4, "id": "Doll_1", "label": "Doll"}, {"y": 224, "x": 267, "size": 4, "id": "Doll_2", "label": "Doll"}], "edges": [{"source": "Doll15_0", "label": "near", "id": 0, "target": "Doll16_0"}, {"source": "Doll15_0", "label": "opposite", "id": 1, "target": "Cat01_0"}, {"source": "Doll15_0", "label": "near", "id": 2, "target": "Kitten01_0"}, {"source": "Doll15_0", "label": "near", "id": 5, "target": "Rug_0"}, {"source": "Doll15_0", "label": "near", "id": 9, "target": "Dollhouse_0"}, {"source": "Doll15_0", "label": "aboveC", "id": 10, "target": "Doll_0"}, {"source": "Doll15_0", "label": "beside", "id": 12, "target": "Doll_2"}, {"source": "Doll16_0", "label": "near", "id": 13, "target": "Cat01_0"}, {"source": "Doll16_0", "label": "opposite", "id": 14, "target": "Kitten01_0"}, {"source": "Doll16_0", "label": "beside", "id": 17, "target": "Rug_0"}, {"source": "Doll16_0", "label": "near", "id": 20, "target": "Yarn_0"}, {"source": "Doll16_0", "label": "beside", "id": 21, "target": "Dollhouse_0"}, {"source": "Doll16_0", "label": "belowC", "id": 23, "target": "Doll_1"}, {"source": "Cat01_0", "label": "opposite_behind", "id": 25, "target": "Kitten01_0"}, {"source": "Cat01_0", "label": "aboveC", "id": 31, "target": "Yarn_0"}, {"source": "PetBed_0", "label": "surrounds", "id": 40, "target": "Kitten01_0"}, {"source": "Dollhouse_0", "label": "aboveC", "id": 66, "target": "Rug_0"}, {"source": "Rug_0", "label": "surrounds", "id": 67, "target": "Doll_0"}, {"source": "Dollhouse_0", "label": "aboveC", "id": 85, "target": "Doll_0"}, {"source": "Doll_0", "label": "belowC", "id": 89, "target": "Doll_2"}]}