{"nodes": [{"y": 202, "x": 356, "size": 3, "id": "Doll19_0", "label": "person"}, {"y": 229, "x": 609, "size": 3, "id": "Doll02_0", "label": "person"}, {"y": 199, "x": 259, "size": 3, "id": "Doll20_0", "label": "person"}, {"y": 168, "x": 539, "size": 3, "id": "bush_0", "label": "bush"}, {"y": 147, "x": 136, "size": 3, "id": "bush_1", "label": "bush"}, {"y": 263, "x": 562, "size": 3, "id": "blanket_0", "label": "blanket"}, {"y": 239, "x": 302, "size": 3, "id": "sandbox_0", "label": "sandbox"}, {"y": 67, "x": 524, "size": 3, "id": "sun_0", "label": "sun"}, {"y": 201, "x": 313, "size": 3, "id": "pail_0", "label": "pail"}, {"y": 204, "x": 597, "size": 3, "id": "pie_0", "label": "pie"}, {"y": 260, "x": 517, "size": 3, "id": "pie_1", "label": "pie"}], "edges": [{"source": "Doll19_0", "label": "opposite", "id": 0, "target": "Doll02_0"}, {"source": "Doll19_0", "label": "near", "id": 1, "target": "Doll20_0"}, {"source": "Doll19_0", "label": "on", "id": 5, "target": "sandbox_0"}, {"source": "Doll19_0", "label": "beside", "id": 7, "target": "pail_0"}, {"source": "Doll02_0", "label": "opposite", "id": 10, "target": "Doll20_0"}, {"source": "Doll02_0", "label": "on", "id": 13, "target": "blanket_0"}, {"source": "Doll02_0", "label": "belowC", "id": 17, "target": "pie_0"}, {"source": "Doll20_0", "label": "on", "id": 22, "target": "sandbox_0"}, {"source": "Doll20_0", "label": "beside", "id": 24, "target": "pail_0"}, {"source": "pie_0", "label": "on", "id": 32, "target": "bush_0"}, {"source": "pie_0", "label": "aboveC", "id": 43, "target": "blanket_0"}, {"source": "blanket_0", "label": "surrounds", "id": 44, "target": "pie_1"}, {"source": "pail_0", "label": "on", "id": 46, "target": "sandbox_0"}]}