{"nodes": [{"y": 217, "x": 332, "size": 3, "id": "Doll15_0", "label": "person"}, {"y": 201, "x": 432, "size": 3, "id": "Dog01_0", "label": "Dog"}, {"y": 104, "x": 395, "size": 3, "id": "Window05_0", "label": "Window"}, {"y": 241, "x": 396, "size": 3, "id": "Couch_0", "label": "Couch"}, {"y": 371, "x": 406, "size": 3, "id": "CoffeeTable_0", "label": "CoffeeTable"}, {"y": 341, "x": 391, "size": 3, "id": "Rug_0", "label": "Rug"}, {"y": 297, "x": 408, "size": 3, "id": "Plant_0", "label": "Plant"}, {"y": 232, "x": 365, "size": 3, "id": "DogBone_0", "label": "DogBone"}], "edges": [{"source": "Doll15_0", "label": "beside", "id": 0, "target": "Dog01_0"}, {"source": "Doll15_0", "label": "belowC", "id": 1, "target": "Window05_0"}, {"source": "Couch_0", "label": "surrounds", "id": 2, "target": "Doll15_0"}, {"source": "Doll15_0", "label": "above", "id": 3, "target": "CoffeeTable_0"}, {"source": "Doll15_0", "label": "aboveC", "id": 4, "target": "Rug_0"}, {"source": "Doll15_0", "label": "aboveC", "id": 5, "target": "Plant_0"}, {"source": "Doll15_0", "label": "beside", "id": 6, "target": "DogBone_0"}, {"source": "Dog01_0", "label": "belowC", "id": 7, "target": "Window05_0"}, {"source": "Dog01_0", "label": "on", "id": 8, "target": "Couch_0"}, {"source": "Dog01_0", "label": "aboveC", "id": 10, "target": "Rug_0"}, {"source": "Dog01_0", "label": "aboveC", "id": 11, "target": "Plant_0"}, {"source": "Dog01_0", "label": "beside", "id": 12, "target": "DogBone_0"}, {"source": "Window05_0", "label": "aboveC", "id": 13, "target": "Couch_0"}, {"source": "DogBone_0", "label": "belowC", "id": 17, "target": "Window05_0"}, {"source": "Couch_0", "label": "aboveC", "id": 18, "target": "CoffeeTable_0"}, {"source": "Couch_0", "label": "aboveC", "id": 19, "target": "Rug_0"}, {"source": "Couch_0", "label": "aboveC", "id": 20, "target": "Plant_0"}, {"source": "Couch_0", "label": "surrounds", "id": 21, "target": "DogBone_0"}, {"source": "CoffeeTable_0", "label": "on", "id": 22, "target": "Rug_0"}, {"source": "CoffeeTable_0", "label": "belowC", "id": 23, "target": "Plant_0"}, {"source": "DogBone_0", "label": "aboveC", "id": 24, "target": "CoffeeTable_0"}, {"source": "Rug_0", "label": "belowC", "id": 25, "target": "Plant_0"}, {"source": "DogBone_0", "label": "aboveC", "id": 26, "target": "Rug_0"}, {"source": "DogBone_0", "label": "aboveC", "id": 27, "target": "Plant_0"}]}