{"nodes": [{"y": 178, "x": 276, "size": 3, "id": "Doll02_0", "label": "person"}, {"y": 198, "x": 453, "size": 3, "id": "Doll11_0", "label": "person"}, {"y": 286, "x": 363, "size": 3, "id": "grill_0", "label": "grill"}, {"y": 6, "x": 433, "size": 3, "id": "sun_0", "label": "sun"}, {"y": 143, "x": 647, "size": 3, "id": "bush_0", "label": "bush"}, {"y": 141, "x": 490, "size": 3, "id": "bush_1", "label": "bush"}, {"y": 158, "x": 366, "size": 3, "id": "bush_2", "label": "bush"}, {"y": 154, "x": 258, "size": 3, "id": "bush_3", "label": "bush"}, {"y": 14, "x": 628, "size": 3, "id": "cloud_0", "label": "cloud"}, {"y": 83, "x": 155, "size": 3, "id": "tree_0", "label": "tree"}, {"y": 94, "x": 39, "size": 3, "id": "tree_1", "label": "tree"}, {"y": 359, "x": 224, "size": 3, "id": "bottle_0", "label": "bottle"}, {"y": 236, "x": 360, "size": 3, "id": "ribs_0", "label": "ribs"}, {"y": 360, "x": 137, "size": 3, "id": "basket_0", "label": "basket"}, {"y": 308, "x": 151, "size": 3, "id": "watermelon_0", "label": "watermelon"}], "edges": [{"source": "Doll02_0", "label": "near", "id": 0, "target": "Doll11_0"}, {"source": "Doll02_0", "label": "above", "id": 1, "target": "grill_0"}, {"source": "Doll02_0", "label": "belowC", "id": 6, "target": "bush_3"}, {"source": "Doll02_0", "label": "above", "id": 10, "target": "bottle_0"}, {"source": "Doll02_0", "label": "near", "id": 11, "target": "ribs_0"}, {"source": "Doll02_0", "label": "above", "id": 13, "target": "watermelon_0"}, {"source": "Doll11_0", "label": "near", "id": 14, "target": "grill_0"}, {"source": "Doll11_0", "label": "on", "id": 17, "target": "bush_1"}, {"source": "Doll11_0", "label": "near", "id": 24, "target": "ribs_0"}, {"source": "grill_0", "label": "surrounds", "id": 36, "target": "ribs_0"}, {"source": "basket_0", "label": "belowC", "id": 104, "target": "watermelon_0"}]}