{"nodes": [{"y": 184, "x": 141, "size": 3, "id": "Doll08_0", "label": "person"}, {"y": 290, "x": 306, "size": 3, "id": "Puppy02_0", "label": "Puppy"}, {"y": 122, "x": 411, "size": 3, "id": "Window03_0", "label": "Window"}, {"y": 232, "x": 134, "size": 3, "id": "Chair02_0", "label": "Chair"}, {"y": 271, "x": 609, "size": 3, "id": "Plant_0", "label": "Plant"}, {"y": 116, "x": 614, "size": 3, "id": "Picture_0", "label": "Picture"}, {"y": 220, "x": 191, "size": 3, "id": "wine_0", "label": "wine"}], "edges": [{"source": "Doll08_0", "label": "near", "id": 0, "target": "Puppy02_0"}, {"source": "Doll08_0", "label": "on", "id": 2, "target": "Chair02_0"}, {"source": "Doll08_0", "label": "beside", "id": 5, "target": "wine_0"}, {"source": "Puppy02_0", "label": "beside", "id": 10, "target": "wine_0"}, {"source": "Chair02_0", "label": "surrounds", "id": 17, "target": "wine_0"}]}