{"nodes": [{"y": 303, "x": 573, "size": 3, "id": "Doll20_0", "label": "person"}, {"y": 351, "x": 324, "size": 3, "id": "Dog01_0", "label": "Dog"}, {"y": 307, "x": 117, "size": 3, "id": "Kitten01_0", "label": "Kitten"}, {"y": 227, "x": 371, "size": 3, "id": "Fireplace_0", "label": "Fireplace"}, {"y": 78, "x": 181, "size": 3, "id": "Picture_0", "label": "Picture"}, {"y": 91, "x": 563, "size": 3, "id": "Picture_1", "label": "Picture"}, {"y": 349, "x": 479, "size": 5, "id": "PetBed_0", "label": "PetBed"}], "edges": [{"source": "Doll20_0", "label": "near", "id": 0, "target": "Dog01_0"}, {"source": "Doll20_0", "label": "opposite", "id": 1, "target": "Kitten01_0"}, {"source": "Doll20_0", "label": "near", "id": 2, "target": "Fireplace_0"}, {"source": "Dog01_0", "label": "belowC", "id": 7, "target": "Fireplace_0"}]}