{"nodes": [{"y": 204, "x": 570, "size": 3, "id": "Doll06_0", "label": "person"}, {"y": 278, "x": 634, "size": 3, "id": "bike_0", "label": "bike"}, {"y": 128, "x": 65, "size": 3, "id": "tree_0", "label": "tree"}, {"y": 150, "x": 187, "size": 3, "id": "tree_1", "label": "tree"}, {"y": 314, "x": 105, "size": 3, "id": "log_0", "label": "log"}, {"y": 227, "x": 294, "size": 3, "id": "log_1", "label": "log"}, {"y": 318, "x": 518, "size": 3, "id": "sidewalk_0", "label": "sidewalk"}, {"y": 52, "x": 528, "size": 3, "id": "sun_0", "label": "sun"}], "edges": [{"source": "Doll06_0", "label": "above", "id": 0, "target": "bike_0"}, {"source": "Doll06_0", "label": "above", "id": 5, "target": "sidewalk_0"}, {"source": "bike_0", "label": "on", "id": 11, "target": "sidewalk_0"}, {"source": "tree_0", "label": "on", "id": 13, "target": "tree_1"}]}