{"nodes": [{"y": 151, "x": 110, "size": 3, "id": "Doll02_0", "label": "person"}, {"y": 171, "x": 605, "size": 3, "id": "Doll01_0", "label": "person"}, {"y": 211, "x": -16, "size": 4, "id": "bush_0", "label": "bush"}, {"y": 115, "x": 670, "size": 3, "id": "tree_0", "label": "tree"}, {"y": 113, "x": 403, "size": 3, "id": "tree_1", "label": "tree"}, {"y": 85, "x": 45, "size": 3, "id": "tree_2", "label": "tree"}, {"y": 14, "x": 240, "size": 3, "id": "cloud_0", "label": "cloud"}, {"y": 35, "x": 458, "size": 3, "id": "cloud_1", "label": "cloud"}, {"y": 71, "x": 685, "size": 3, "id": "cloud_2", "label": "cloud"}, {"y": 70, "x": 183, "size": 3, "id": "football_0", "label": "football"}], "edges": [{"source": "Doll02_0", "label": "opposite", "id": 0, "target": "Doll01_0"}, {"source": "Doll02_0", "label": "on", "id": 4, "target": "tree_2"}, {"source": "Doll02_0", "label": "below", "id": 8, "target": "football_0"}, {"source": "Doll01_0", "label": "on", "id": 10, "target": "tree_0"}, {"source": "tree_0", "label": "belowC", "id": 28, "target": "cloud_2"}, {"source": "tree_2", "label": "surrounds", "id": 38, "target": "football_0"}]}