{"nodes": [{"y": 208, "x": 167, "size": 3, "id": "Doll10_0", "label": "person"}, {"y": 273, "x": 592, "size": 3, "id": "Puppy01_0", "label": "Puppy"}, {"y": 278, "x": 353, "size": 3, "id": "Desk_0", "label": "Desk"}, {"y": 383, "x": 350, "size": 3, "id": "CoffeeTable_0", "label": "CoffeeTable"}, {"y": 244, "x": 146, "size": 3, "id": "Chair02_0", "label": "Chair"}, {"y": 64, "x": 603, "size": 3, "id": "Picture_0", "label": "Picture"}, {"y": 276, "x": 589, "size": 3, "id": "PetBed_0", "label": "PetBed"}, {"y": 335, "x": 377, "size": 3, "id": "Book_0", "label": "Book"}], "edges": [{"source": "Doll10_0", "label": "opposite", "id": 0, "target": "Puppy01_0"}, {"source": "Doll10_0", "label": "near", "id": 1, "target": "Desk_0"}, {"source": "Doll10_0", "label": "on", "id": 3, "target": "Chair02_0"}, {"source": "PetBed_0", "label": "surrounds", "id": 11, "target": "Puppy01_0"}, {"source": "Desk_0", "label": "aboveC", "id": 13, "target": "CoffeeTable_0"}, {"source": "Book_0", "label": "belowC", "id": 17, "target": "Desk_0"}, {"source": "Book_0", "label": "aboveC", "id": 21, "target": "CoffeeTable_0"}]}