{"nodes": [{"y": 271, "x": 114, "size": 3, "id": "Doll04_0", "label": "person"}, {"y": 360, "x": 493, "size": 3, "id": "Puppy01_0", "label": "Puppy"}, {"y": 353, "x": 49, "size": 3, "id": "Sofa_0", "label": "Sofa"}, {"y": 250, "x": 352, "size": 3, "id": "Fireplace_0", "label": "Fireplace"}, {"y": 114, "x": 81, "size": 2, "id": "Window02_0", "label": "Window"}, {"y": 208, "x": 663, "size": 2, "id": "CoatRack_0", "label": "CoatRack"}, {"y": 368, "x": 491, "size": 3, "id": "PetBed_0", "label": "PetBed"}], "edges": [{"source": "Doll04_0", "label": "opposite", "id": 0, "target": "Puppy01_0"}, {"source": "Doll04_0", "label": "on", "id": 1, "target": "Sofa_0"}, {"source": "Doll04_0", "label": "near", "id": 2, "target": "Fireplace_0"}, {"source": "PetBed_0", "label": "surrounds", "id": 10, "target": "Puppy01_0"}]}