{"nodes": [{"y": 180, "x": 208, "size": 3, "id": "Doll14_0", "label": "person"}, {"y": 142, "x": 673, "size": 3, "id": "tree_0", "label": "tree"}, {"y": 39, "x": 60, "size": 3, "id": "sun_0", "label": "sun"}, {"y": 46, "x": 586, "size": 3, "id": "beehive_0", "label": "beehive"}, {"y": 235, "x": 633, "size": 3, "id": "flower_0", "label": "flower"}, {"y": 244, "x": 621, "size": 3, "id": "flower_1", "label": "flower"}, {"y": 275, "x": 276, "size": 3, "id": "soccer_0", "label": "soccer"}], "edges": [{"source": "Doll14_0", "label": "above", "id": 5, "target": "soccer_0"}, {"source": "tree_0", "label": "surrounds", "id": 7, "target": "beehive_0"}, {"source": "tree_0", "label": "surrounds", "id": 8, "target": "flower_0"}, {"source": "tree_0", "label": "surrounds", "id": 9, "target": "flower_1"}]}