{"nodes": [{"y": 194, "x": 311, "size": 3, "id": "Doll13_0", "label": "person"}, {"y": 84, "x": 418, "size": 3, "id": "Owl_0", "label": "Owl"}, {"y": 218, "x": 72, "size": 3, "id": "Koi_0", "label": "Koi"}, {"y": 164, "x": 584, "size": 3, "id": "Bluejay_0", "label": "Bluejay"}, {"y": 227, "x": 113, "size": 3, "id": "pond_0", "label": "pond"}, {"y": 64, "x": 184, "size": 3, "id": "cloud_0", "label": "cloud"}, {"y": 338, "x": 580, "size": 3, "id": "sidewalk_0", "label": "sidewalk"}, {"y": 68, "x": 602, "size": 3, "id": "sun_0", "label": "sun"}, {"y": 171, "x": 568, "size": 3, "id": "bush_0", "label": "bush"}, {"y": 175, "x": 389, "size": 3, "id": "bush_1", "label": "bush"}, {"y": 350, "x": 220, "size": 3, "id": "bush_2", "label": "bush"}], "edges": [{"source": "Doll13_0", "label": "below", "id": 0, "target": "Owl_0"}, {"source": "Doll13_0", "label": "above", "id": 9, "target": "bush_2"}, {"source": "pond_0", "label": "surrounds", "id": 20, "target": "Koi_0"}, {"source": "bush_0", "label": "surrounds", "id": 31, "target": "Bluejay_0"}]}