{"nodes": [{"y": 246, "x": 297, "size": 3, "id": "Doll14_0", "label": "person"}, {"y": 236, "x": 520, "size": 3, "id": "Doll03_0", "label": "person"}, {"y": 51, "x": 493, "size": 3, "id": "cloud_0", "label": "cloud"}, {"y": 153, "x": 115, "size": 3, "id": "tree_0", "label": "tree"}, {"y": 283, "x": 397, "size": 5, "id": "blanket_0", "label": "blanket"}, {"y": 248, "x": 391, "size": 3, "id": "watermelon_0", "label": "watermelon"}, {"y": 272, "x": 455, "size": 3, "id": "bottle_0", "label": "bottle"}], "edges": [{"source": "Doll14_0", "label": "opposite", "id": 0, "target": "Doll03_0"}, {"source": "Doll03_0", "label": "near", "id": 9, "target": "watermelon_0"}, {"source": "Doll03_0", "label": "beside", "id": 10, "target": "bottle_0"}, {"source": "blanket_0", "label": "surrounds", "id": 18, "target": "watermelon_0"}, {"source": "blanket_0", "label": "surrounds", "id": 19, "target": "bottle_0"}, {"source": "watermelon_0", "label": "beside", "id": 20, "target": "bottle_0"}]}