{"nodes": [{"y": 301, "x": 531, "size": 3, "id": "Doll16_0", "label": "person"}, {"y": 323, "x": 413, "size": 3, "id": "Cat01_0", "label": "Cat"}, {"y": 122, "x": 602, "size": 3, "id": "Window05_0", "label": "Window"}, {"y": 113, "x": 119, "size": 3, "id": "Window05_1", "label": "Window"}, {"y": 256, "x": 363, "size": 3, "id": "Fireplace_0", "label": "Fireplace"}, {"y": 151, "x": 374, "size": 3, "id": "Plant_0", "label": "Plant"}, {"y": 91, "x": 289, "size": 3, "id": "Picture_0", "label": "Picture"}, {"y": 76, "x": 449, "size": 3, "id": "Picture_1", "label": "Picture"}, {"y": 333, "x": 511, "size": 3, "id": "Yarn_0", "label": "Yarn"}, {"y": 369, "x": 543, "size": 3, "id": "Doll_0", "label": "Doll"}, {"y": 304, "x": 581, "size": 3, "id": "Pillow_0", "label": "Pillow"}], "edges": [{"source": "Doll16_0", "label": "beside", "id": 0, "target": "Cat01_0"}, {"source": "Doll16_0", "label": "aboveC", "id": 7, "target": "Yarn_0"}, {"source": "Doll16_0", "label": "aboveC", "id": 8, "target": "Doll_0"}, {"source": "Doll16_0", "label": "beside", "id": 9, "target": "Pillow_0"}, {"source": "Cat01_0", "label": "belowC", "id": 12, "target": "Fireplace_0"}, {"source": "Cat01_0", "label": "beside", "id": 16, "target": "Yarn_0"}, {"source": "Fireplace_0", "label": "belowC", "id": 34, "target": "Plant_0"}, {"source": "Yarn_0", "label": "aboveC", "id": 52, "target": "Doll_0"}, {"source": "Yarn_0", "label": "beside", "id": 53, "target": "Pillow_0"}, {"source": "Doll_0", "label": "belowC", "id": 54, "target": "Pillow_0"}]}