{"nodes": [{"y": 268, "x": 204, "size": 3, "id": "Doll18_0", "label": "person"}, {"y": 260, "x": 530, "size": 3, "id": "Doll14_0", "label": "person"}, {"y": 311, "x": 344, "size": 3, "id": "DiningTable_0", "label": "DiningTable"}, {"y": 90, "x": 354, "size": 3, "id": "Picture_0", "label": "Picture"}, {"y": 98, "x": 539, "size": 3, "id": "Window03_0", "label": "Window"}, {"y": 96, "x": 137, "size": 3, "id": "Window03_1", "label": "Window"}, {"y": 299, "x": 553, "size": 3, "id": "Chair01_0", "label": "Chair"}, {"y": 299, "x": 191, "size": 3, "id": "Chair01_1", "label": "Chair"}], "edges": [{"source": "Doll18_0", "label": "near", "id": 0, "target": "Doll14_0"}, {"source": "Doll18_0", "label": "beside", "id": 1, "target": "DiningTable_0"}, {"source": "Doll18_0", "label": "near", "id": 5, "target": "Chair01_0"}, {"source": "Doll18_0", "label": "on", "id": 6, "target": "Chair01_1"}, {"source": "Doll14_0", "label": "near", "id": 7, "target": "DiningTable_0"}, {"source": "Doll14_0", "label": "on", "id": 11, "target": "Chair01_0"}, {"source": "Doll14_0", "label": "near", "id": 12, "target": "Chair01_1"}]}