{"nodes": [{"y": 212, "x": 325, "size": 3, "id": "Doll03_0", "label": "person"}, {"y": 74, "x": 641, "size": 3, "id": "Bee_0", "label": "Bee"}, {"y": 100, "x": 51, "size": 3, "id": "Butterfly02_0", "label": "Butterfly"}, {"y": 258, "x": 256, "size": 5, "id": "Kitten01_0", "label": "Kitten"}, {"y": 25, "x": 134, "size": 3, "id": "sun_0", "label": "sun"}, {"y": 263, "x": 581, "size": 3, "id": "bike_0", "label": "bike"}], "edges": [{"source": "Doll03_0", "label": "opposite_behind", "id": 2, "target": "Kitten01_0"}]}