{"nodes": [{"y": 280, "x": 502, "size": 3, "id": "Doll19_0", "label": "person"}, {"y": 67, "x": 465, "size": 3, "id": "cloud_0", "label": "cloud"}, {"y": 212, "x": 351, "size": 3, "id": "pond_0", "label": "pond"}, {"y": 235, "x": 514, "size": 3, "id": "sidewalk_0", "label": "sidewalk"}, {"y": 331, "x": 441, "size": 3, "id": "sandbox_0", "label": "sandbox"}, {"y": 298, "x": 439, "size": 3, "id": "pail_0", "label": "pail"}], "edges": [{"source": "Doll19_0", "label": "near", "id": 1, "target": "pond_0"}, {"source": "sidewalk_0", "label": "surrounds", "id": 2, "target": "Doll19_0"}, {"source": "Doll19_0", "label": "near", "id": 3, "target": "sandbox_0"}, {"source": "Doll19_0", "label": "beside", "id": 4, "target": "pail_0"}, {"source": "pond_0", "label": "on", "id": 9, "target": "sidewalk_0"}, {"source": "pond_0", "label": "above", "id": 10, "target": "sandbox_0"}, {"source": "sidewalk_0", "label": "above", "id": 12, "target": "sandbox_0"}, {"source": "pail_0", "label": "on", "id": 13, "target": "sidewalk_0"}, {"source": "pail_0", "label": "on", "id": 14, "target": "sandbox_0"}]}