{"nodes": [{"y": 218, "x": 225, "size": 3, "id": "Doll06_0", "label": "person"}, {"y": 262, "x": 375, "size": 3, "id": "Dog02_0", "label": "Dog"}, {"y": 156, "x": 79, "size": 3, "id": "bush_0", "label": "bush"}, {"y": 164, "x": 178, "size": 3, "id": "bush_1", "label": "bush"}, {"y": 129, "x": 336, "size": 3, "id": "bush_2", "label": "bush"}, {"y": 258, "x": 218, "size": 3, "id": "bench_0", "label": "bench"}, {"y": 63, "x": 593, "size": 3, "id": "sun_0", "label": "sun"}], "edges": [{"source": "Doll06_0", "label": "near", "id": 0, "target": "Dog02_0"}, {"source": "Doll06_0", "label": "belowC", "id": 2, "target": "bush_1"}, {"source": "Doll06_0", "label": "on", "id": 4, "target": "bench_0"}]}