{"nodes": [{"y": 112, "x": 469, "size": 3, "id": "Doll04_0", "label": "person"}, {"y": 223, "x": 97, "size": 3, "id": "Koi_0", "label": "Koi"}, {"y": 218, "x": 445, "size": 3, "id": "bike_0", "label": "bike"}, {"y": 223, "x": 110, "size": 3, "id": "pond_0", "label": "pond"}, {"y": 344, "x": 94, "size": 3, "id": "log_0", "label": "log"}, {"y": 321, "x": 463, "size": 5, "id": "sidewalk_0", "label": "sidewalk"}], "edges": [{"source": "Doll04_0", "label": "above", "id": 1, "target": "bike_0"}, {"source": "pond_0", "label": "surrounds", "id": 6, "target": "Koi_0"}, {"source": "Koi_0", "label": "above", "id": 7, "target": "log_0"}, {"source": "pond_0", "label": "above", "id": 12, "target": "log_0"}]}