{"nodes": [{"y": 286, "x": 356, "size": 3, "id": "Doll15_0", "label": "person"}, {"y": 269, "x": 547, "size": 3, "id": "Kitten02_0", "label": "Kitten"}, {"y": 292, "x": 173, "size": 3, "id": "Chair02_0", "label": "Chair"}, {"y": 219, "x": 374, "size": 3, "id": "Fireplace_0", "label": "Fireplace"}, {"y": 250, "x": 666, "size": 3, "id": "Plant_0", "label": "Plant"}, {"y": 241, "x": 36, "size": 3, "id": "Plant_1", "label": "Plant"}, {"y": 125, "x": 544, "size": 3, "id": "Window02_0", "label": "Window"}, {"y": 134, "x": 207, "size": 3, "id": "Window02_1", "label": "Window"}, {"y": 274, "x": 544, "size": 3, "id": "PetBed_0", "label": "PetBed"}], "edges": [{"source": "Doll15_0", "label": "near", "id": 1, "target": "Chair02_0"}, {"source": "Doll15_0", "label": "belowC", "id": 2, "target": "Fireplace_0"}, {"source": "Kitten02_0", "label": "belowC", "id": 12, "target": "Window02_0"}, {"source": "PetBed_0", "label": "surrounds", "id": 14, "target": "Kitten02_0"}, {"source": "PetBed_0", "label": "belowC", "id": 34, "target": "Window02_0"}]}