{"nodes": [{"y": 190, "x": 308, "size": 3, "id": "Doll15_0", "label": "person"}, {"y": 201, "x": 143, "size": 3, "id": "Doll16_0", "label": "person"}, {"y": 174, "x": 53, "size": 3, "id": "bush_0", "label": "bush"}, {"y": 143, "x": 443, "size": 3, "id": "bush_1", "label": "bush"}, {"y": 62, "x": 610, "size": 3, "id": "sun_0", "label": "sun"}, {"y": 103, "x": 628, "size": 3, "id": "cloud_0", "label": "cloud"}, {"y": 49, "x": 358, "size": 3, "id": "cloud_1", "label": "cloud"}, {"y": 283, "x": 492, "size": 3, "id": "sandbox_0", "label": "sandbox"}, {"y": 231, "x": 110, "size": 3, "id": "shovel_0", "label": "shovel"}, {"y": 225, "x": 263, "size": 3, "id": "pail_0", "label": "pail"}], "edges": [{"source": "Doll15_0", "label": "near", "id": 0, "target": "Doll16_0"}, {"source": "Doll15_0", "label": "beside", "id": 8, "target": "pail_0"}, {"source": "Doll16_0", "label": "beside", "id": 15, "target": "shovel_0"}, {"source": "Doll16_0", "label": "near", "id": 16, "target": "pail_0"}, {"source": "sun_0", "label": "aboveC", "id": 30, "target": "cloud_0"}]}