{"nodes": [{"y": 226, "x": 357, "size": 3, "id": "Doll16_0", "label": "person"}, {"y": 71, "x": 338, "size": 3, "id": "Finch_0", "label": "Finch"}, {"y": 196, "x": 579, "size": 3, "id": "Finch_1", "label": "Finch"}, {"y": 161, "x": 66, "size": 3, "id": "Cat01_0", "label": "Cat"}, {"y": 72, "x": 64, "size": 3, "id": "sun_0", "label": "sun"}, {"y": 52, "x": 596, "size": 3, "id": "cloud_0", "label": "cloud"}, {"y": 37, "x": 281, "size": 3, "id": "cloud_1", "label": "cloud"}, {"y": 268, "x": 410, "size": 3, "id": "blanket_0", "label": "blanket"}, {"y": 171, "x": 486, "size": 3, "id": "bush_0", "label": "bush"}, {"y": 149, "x": 342, "size": 3, "id": "bush_1", "label": "bush"}, {"y": 212, "x": 122, "size": 3, "id": "sandbox_0", "label": "sandbox"}, {"y": 235, "x": 628, "size": 3, "id": "log_0", "label": "log"}, {"y": 137, "x": 520, "size": 3, "id": "tree_0", "label": "tree"}, {"y": 188, "x": 153, "size": 3, "id": "shovel_0", "label": "shovel"}, {"y": 243, "x": 493, "size": 3, "id": "watermelon_0", "label": "watermelon"}, {"y": 170, "x": 619, "size": 3, "id": "mushroom_0", "label": "mushroom"}, {"y": 188, "x": 687, "size": 3, "id": "mushroom_1", "label": "mushroom"}, {"y": 233, "x": 387, "size": 3, "id": "hamburger_0", "label": "hamburger"}, {"y": 255, "x": 469, "size": 3, "id": "apple_0", "label": "apple"}, {"y": 222, "x": 434, "size": 3, "id": "basket_0", "label": "basket"}], "edges": [{"source": "Doll16_0", "label": "on", "id": 6, "target": "blanket_0"}, {"source": "Doll16_0", "label": "beside", "id": 16, "target": "hamburger_0"}, {"source": "Doll16_0", "label": "near", "id": 17, "target": "apple_0"}, {"source": "tree_0", "label": "surrounds", "id": 46, "target": "Finch_1"}, {"source": "cloud_0", "label": "on", "id": 91, "target": "tree_0"}, {"source": "blanket_0", "label": "surrounds", "id": 118, "target": "watermelon_0"}, {"source": "blanket_0", "label": "surrounds", "id": 121, "target": "hamburger_0"}, {"source": "blanket_0", "label": "surrounds", "id": 122, "target": "apple_0"}, {"source": "basket_0", "label": "aboveC", "id": 123, "target": "blanket_0"}, {"source": "bush_0", "label": "on", "id": 127, "target": "tree_0"}, {"source": "sandbox_0", "label": "surrounds", "id": 147, "target": "shovel_0"}, {"source": "mushroom_0", "label": "aboveC", "id": 157, "target": "log_0"}, {"source": "tree_0", "label": "surrounds", "id": 163, "target": "watermelon_0"}, {"source": "apple_0", "label": "on", "id": 167, "target": "tree_0"}]}