{"nodes": [{"y": 320, "x": 381, "size": 3, "id": "Doll15_0", "label": "person"}, {"y": 379, "x": 343, "size": 3, "id": "Dog02_0", "label": "Dog"}, {"y": 189, "x": 646, "size": 3, "id": "CoatRack_0", "label": "CoatRack"}, {"y": 350, "x": 487, "size": 3, "id": "Rug_0", "label": "Rug"}, {"y": 239, "x": 378, "size": 3, "id": "Plant_0", "label": "Plant"}, {"y": 301, "x": 252, "size": 3, "id": "Footstool_0", "label": "Footstool"}, {"y": 325, "x": 64, "size": 3, "id": "Sofa_0", "label": "Sofa"}, {"y": 160, "x": 499, "size": 3, "id": "Door_0", "label": "Door"}, {"y": 132, "x": 210, "size": 3, "id": "Window02_0", "label": "Window"}, {"y": 319, "x": 497, "size": 3, "id": "BuildingToy_0", "label": "BuildingToy"}, {"y": 347, "x": 562, "size": 3, "id": "BuildingToy_1", "label": "BuildingToy"}, {"y": 348, "x": 430, "size": 3, "id": "Toy_0", "label": "Toy"}], "edges": [{"source": "Doll15_0", "label": "aboveC", "id": 0, "target": "Dog02_0"}, {"source": "Doll15_0", "label": "on", "id": 2, "target": "Rug_0"}, {"source": "Doll15_0", "label": "belowC", "id": 3, "target": "Plant_0"}, {"source": "Doll15_0", "label": "near", "id": 8, "target": "BuildingToy_0"}, {"source": "Doll15_0", "label": "near", "id": 9, "target": "BuildingToy_1"}, {"source": "Doll15_0", "label": "beside", "id": 10, "target": "Toy_0"}, {"source": "Rug_0", "label": "surrounds", "id": 12, "target": "Dog02_0"}, {"source": "Dog02_0", "label": "beside", "id": 20, "target": "Toy_0"}, {"source": "BuildingToy_0", "label": "on", "id": 35, "target": "Rug_0"}, {"source": "Rug_0", "label": "surrounds", "id": 36, "target": "BuildingToy_1"}, {"source": "Rug_0", "label": "surrounds", "id": 37, "target": "Toy_0"}, {"source": "BuildingToy_0", "label": "beside", "id": 63, "target": "BuildingToy_1"}, {"source": "BuildingToy_0", "label": "beside", "id": 64, "target": "Toy_0"}]}