{"nodes": [{"y": 121, "x": 208, "size": 3, "id": "Doll05_0", "label": "person"}, {"y": 213, "x": 428, "size": 3, "id": "Hawk_0", "label": "Hawk"}, {"y": 141, "x": 586, "size": 3, "id": "Bee_0", "label": "Bee"}, {"y": 171, "x": 528, "size": 3, "id": "Bee_1", "label": "Bee"}, {"y": 173, "x": 595, "size": 3, "id": "Bee_2", "label": "Bee"}, {"y": 160, "x": 584, "size": 3, "id": "Bee_3", "label": "Bee"}, {"y": 149, "x": 515, "size": 3, "id": "Bee_4", "label": "Bee"}, {"y": 294, "x": 614, "size": 3, "id": "Rabbit_0", "label": "Rabbit"}, {"y": 127, "x": 573, "size": 5, "id": "tree_0", "label": "tree"}, {"y": 290, "x": 397, "size": 5, "id": "pond_0", "label": "pond"}, {"y": 321, "x": 169, "size": 3, "id": "sidewalk_0", "label": "sidewalk"}, {"y": 45, "x": 324, "size": 3, "id": "cloud_0", "label": "cloud"}, {"y": 93, "x": 408, "size": 1, "id": "sun_0", "label": "sun"}, {"y": 138, "x": 562, "size": 3, "id": "beehive_0", "label": "beehive"}], "edges": [{"source": "Doll05_0", "label": "opposite", "id": 0, "target": "Hawk_0"}, {"source": "Bee_0", "label": "aboveC", "id": 26, "target": "Bee_2"}, {"source": "Bee_0", "label": "aboveC", "id": 27, "target": "Bee_3"}, {"source": "tree_0", "label": "surrounds", "id": 30, "target": "Bee_0"}, {"source": "Bee_1", "label": "belowC", "id": 38, "target": "Bee_4"}, {"source": "tree_0", "label": "surrounds", "id": 40, "target": "Bee_1"}, {"source": "Bee_2", "label": "belowC", "id": 46, "target": "Bee_3"}, {"source": "tree_0", "label": "surrounds", "id": 49, "target": "Bee_2"}, {"source": "Bee_2", "label": "belowC", "id": 54, "target": "beehive_0"}, {"source": "tree_0", "label": "surrounds", "id": 57, "target": "Bee_3"}, {"source": "Bee_3", "label": "belowC", "id": 62, "target": "beehive_0"}, {"source": "tree_0", "label": "surrounds", "id": 64, "target": "Bee_4"}, {"source": "tree_0", "label": "surrounds", "id": 80, "target": "beehive_0"}]}