{"nodes": [{"y": 274, "x": 494, "size": 3, "id": "Doll11_0", "label": "person"}, {"y": 221, "x": 647, "size": 3, "id": "Chipmunk_0", "label": "Chipmunk"}, {"y": 58, "x": 513, "size": 3, "id": "Bluejay_0", "label": "Bluejay"}, {"y": 306, "x": 206, "size": 3, "id": "scooter_0", "label": "scooter"}, {"y": 326, "x": 193, "size": 3, "id": "sidewalk_0", "label": "sidewalk"}, {"y": 62, "x": 214, "size": 3, "id": "cloud_0", "label": "cloud"}, {"y": 70, "x": 100, "size": 3, "id": "sun_0", "label": "sun"}, {"y": 152, "x": 514, "size": 3, "id": "tree_0", "label": "tree"}, {"y": 232, "x": 470, "size": 3, "id": "sandwich_0", "label": "sandwich"}], "edges": [{"source": "Doll11_0", "label": "on", "id": 6, "target": "tree_0"}, {"source": "Doll11_0", "label": "belowC", "id": 7, "target": "sandwich_0"}, {"source": "tree_0", "label": "surrounds", "id": 13, "target": "Chipmunk_0"}, {"source": "tree_0", "label": "surrounds", "id": 19, "target": "Bluejay_0"}, {"source": "scooter_0", "label": "on", "id": 21, "target": "sidewalk_0"}, {"source": "tree_0", "label": "surrounds", "id": 35, "target": "sandwich_0"}]}