{"nodes": [{"y": 247, "x": 266, "size": 3, "id": "Plant_0", "label": "Plant"}, {"y": 89, "x": 193, "size": 3, "id": "Window02_0", "label": "Window"}, {"y": 223, "x": 392, "size": 3, "id": "Chair02_0", "label": "Chair"}, {"y": 285, "x": 104, "size": 3, "id": "Couch_0", "label": "Couch"}, {"y": 334, "x": 601, "size": 3, "id": "CoffeeTable_0", "label": "CoffeeTable"}, {"y": 251, "x": 606, "size": 3, "id": "TV_0", "label": "TV"}], "edges": [{"source": "CoffeeTable_0", "label": "belowC", "id": 14, "target": "TV_0"}]}