{"nodes": [{"y": 199, "x": 240, "size": 3, "id": "Doll12_0", "label": "person"}, {"y": 158, "x": 573, "size": 3, "id": "Doll11_0", "label": "person"}, {"y": 25, "x": 511, "size": 3, "id": "Robin_0", "label": "Robin"}, {"y": 176, "x": 389, "size": 3, "id": "Finch_0", "label": "Finch"}, {"y": 186, "x": 419, "size": 3, "id": "Finch_1", "label": "Finch"}, {"y": 110, "x": 343, "size": 3, "id": "tree_0", "label": "tree"}, {"y": 320, "x": 500, "size": 3, "id": "sidewalk_0", "label": "sidewalk"}, {"y": 24, "x": 411, "size": 3, "id": "sun_0", "label": "sun"}, {"y": 246, "x": 613, "size": 3, "id": "bike_0", "label": "bike"}, {"y": 253, "x": 190, "size": 3, "id": "bench_0", "label": "bench"}, {"y": 91, "x": 375, "size": 3, "id": "apple_0", "label": "apple"}, {"y": 73, "x": 340, "size": 3, "id": "apple_1", "label": "apple"}, {"y": 40, "x": 358, "size": 3, "id": "apple_2", "label": "apple"}, {"y": 131, "x": 291, "size": 3, "id": "apple_3", "label": "apple"}, {"y": 289, "x": 78, "size": 3, "id": "flower_0", "label": "flower"}], "edges": [{"source": "Doll12_0", "label": "opposite", "id": 0, "target": "Doll11_0"}, {"source": "Doll12_0", "label": "on", "id": 8, "target": "bench_0"}, {"source": "Doll12_0", "label": "near", "id": 9, "target": "apple_0"}, {"source": "Doll12_0", "label": "below", "id": 10, "target": "apple_1"}, {"source": "Doll12_0", "label": "below", "id": 12, "target": "apple_3"}, {"source": "Doll11_0", "label": "above", "id": 18, "target": "sidewalk_0"}, {"source": "Doll11_0", "label": "above", "id": 20, "target": "bike_0"}, {"source": "tree_0", "label": "surrounds", "id": 40, "target": "Finch_0"}, {"source": "tree_0", "label": "surrounds", "id": 50, "target": "Finch_1"}, {"source": "tree_0", "label": "surrounds", "id": 64, "target": "apple_0"}, {"source": "tree_0", "label": "surrounds", "id": 65, "target": "apple_1"}, {"source": "tree_0", "label": "surrounds", "id": 66, "target": "apple_2"}, {"source": "tree_0", "label": "surrounds", "id": 67, "target": "apple_3"}, {"source": "apple_2", "label": "on", "id": 81, "target": "sun_0"}, {"source": "apple_3", "label": "above", "id": 93, "target": "bench_0"}, {"source": "apple_0", "label": "beside", "id": 95, "target": "apple_1"}, {"source": "apple_0", "label": "belowC", "id": 96, "target": "apple_2"}, {"source": "apple_1", "label": "belowC", "id": 99, "target": "apple_2"}, {"source": "apple_1", "label": "aboveC", "id": 100, "target": "apple_3"}, {"source": "apple_2", "label": "above", "id": 102, "target": "apple_3"}]}