{"nodes": [{"y": 190, "x": 80, "size": 3, "id": "Doll04_0", "label": "person"}, {"y": 231, "x": 364, "size": 3, "id": "Doll06_0", "label": "person"}, {"y": 185, "x": 271, "size": 3, "id": "Doll14_0", "label": "person"}, {"y": 305, "x": 175, "size": 3, "id": "Dog02_0", "label": "Dog"}, {"y": 226, "x": 460, "size": 1, "id": "DiningChair_0", "label": "DiningChair"}, {"y": 229, "x": 276, "size": 1, "id": "DiningChair_1", "label": "DiningChair"}, {"y": 111, "x": 371, "size": 1, "id": "Picture_0", "label": "Picture"}, {"y": 118, "x": 180, "size": 3, "id": "Picture_1", "label": "Picture"}, {"y": 119, "x": 25, "size": 3, "id": "Picture_2", "label": "Picture"}, {"y": 139, "x": 578, "size": 1, "id": "Window03_0", "label": "Window"}, {"y": 288, "x": 599, "size": 3, "id": "DiningTable_0", "label": "DiningTable"}, {"y": 231, "x": 467, "size": 3, "id": "DishesMeal_0", "label": "DishesMeal"}, {"y": 239, "x": 339, "size": 3, "id": "DishesMeal_1", "label": "DishesMeal"}, {"y": 230, "x": 600, "size": 4, "id": "wine_0", "label": "wine"}, {"y": 228, "x": 632, "size": 3, "id": "wine_1", "label": "wine"}, {"y": 241, "x": 631, "size": 3, "id": "wine_2", "label": "wine"}, {"y": 192, "x": 562, "size": 4, "id": "bottle_0", "label": "bottle"}, {"y": 194, "x": 602, "size": 3, "id": "bottle_1", "label": "bottle"}, {"y": 245, "x": 560, "size": 4, "id": "pie_0", "label": "pie"}], "edges": [{"source": "Doll04_0", "label": "opposite", "id": 0, "target": "Doll06_0"}, {"source": "Doll04_0", "label": "near", "id": 1, "target": "Doll14_0"}, {"source": "Doll04_0", "label": "above", "id": 2, "target": "Dog02_0"}, {"source": "Doll04_0", "label": "belowC", "id": 7, "target": "Picture_2"}, {"source": "Doll06_0", "label": "near", "id": 18, "target": "Doll14_0"}, {"source": "Doll06_0", "label": "near", "id": 19, "target": "Dog02_0"}, {"source": "Doll06_0", "label": "beside", "id": 28, "target": "DishesMeal_1"}, {"source": "Doll06_0", "label": "near", "id": 34, "target": "pie_0"}, {"source": "Doll14_0", "label": "above", "id": 35, "target": "Dog02_0"}, {"source": "Doll14_0", "label": "beside", "id": 44, "target": "DishesMeal_1"}, {"source": "DiningChair_0", "label": "surrounds", "id": 72, "target": "DishesMeal_0"}, {"source": "wine_0", "label": "on", "id": 137, "target": "DiningTable_0"}, {"source": "wine_1", "label": "on", "id": 138, "target": "DiningTable_0"}, {"source": "DiningTable_0", "label": "surrounds", "id": 139, "target": "wine_2"}, {"source": "DiningTable_0", "label": "surrounds", "id": 142, "target": "pie_0"}, {"source": "wine_0", "label": "beside", "id": 156, "target": "wine_1"}, {"source": "wine_0", "label": "beside", "id": 157, "target": "wine_2"}, {"source": "wine_0", "label": "belowC", "id": 158, "target": "bottle_0"}, {"source": "wine_0", "label": "belowC", "id": 159, "target": "bottle_1"}, {"source": "wine_0", "label": "beside", "id": 160, "target": "pie_0"}, {"source": "wine_1", "label": "on", "id": 161, "target": "wine_2"}, {"source": "wine_1", "label": "belowC", "id": 163, "target": "bottle_1"}, {"source": "wine_1", "label": "beside", "id": 164, "target": "pie_0"}, {"source": "wine_2", "label": "belowC", "id": 166, "target": "bottle_1"}, {"source": "wine_2", "label": "beside", "id": 167, "target": "pie_0"}, {"source": "bottle_0", "label": "aboveC", "id": 169, "target": "pie_0"}, {"source": "bottle_1", "label": "aboveC", "id": 170, "target": "pie_0"}]}