{"nodes": [{"y": 137, "x": 375, "size": 3, "id": "Doll14_0", "label": "person"}, {"y": 156, "x": 229, "size": 3, "id": "Doll17_0", "label": "person"}, {"y": 151, "x": 614, "size": 3, "id": "Doll19_0", "label": "person"}, {"y": 198, "x": 596, "size": 3, "id": "sandbox_0", "label": "sandbox"}, {"y": 216, "x": 76, "size": 3, "id": "blanket_0", "label": "blanket"}, {"y": 185, "x": 391, "size": 3, "id": "log_0", "label": "log"}, {"y": 322, "x": 509, "size": 5, "id": "sidewalk_0", "label": "sidewalk"}, {"y": 322, "x": 22, "size": 5, "id": "sidewalk_1", "label": "sidewalk"}, {"y": 165, "x": 544, "size": 3, "id": "pail_0", "label": "pail"}, {"y": 221, "x": 92, "size": 3, "id": "hotdog_0", "label": "hotdog"}, {"y": 165, "x": 592, "size": 3, "id": "shovel_0", "label": "shovel"}, {"y": 202, "x": 66, "size": 3, "id": "hamburger_0", "label": "hamburger"}, {"y": 198, "x": 116, "size": 3, "id": "hamburger_1", "label": "hamburger"}, {"y": 235, "x": 286, "size": 3, "id": "soccer_0", "label": "soccer"}], "edges": [{"source": "Doll14_0", "label": "near", "id": 0, "target": "Doll17_0"}, {"source": "Doll14_0", "label": "opposite", "id": 1, "target": "Doll19_0"}, {"source": "Doll14_0", "label": "aboveC", "id": 4, "target": "log_0"}, {"source": "Doll14_0", "label": "above", "id": 12, "target": "soccer_0"}, {"source": "Doll17_0", "label": "opposite", "id": 13, "target": "Doll19_0"}, {"source": "Doll17_0", "label": "near", "id": 16, "target": "log_0"}, {"source": "Doll17_0", "label": "above", "id": 24, "target": "soccer_0"}, {"source": "Doll19_0", "label": "aboveC", "id": 25, "target": "sandbox_0"}, {"source": "Doll19_0", "label": "beside", "id": 30, "target": "pail_0"}, {"source": "Doll19_0", "label": "beside", "id": 32, "target": "shovel_0"}, {"source": "pail_0", "label": "on", "id": 40, "target": "sandbox_0"}, {"source": "shovel_0", "label": "on", "id": 42, "target": "sandbox_0"}, {"source": "blanket_0", "label": "surrounds", "id": 50, "target": "hotdog_0"}, {"source": "blanket_0", "label": "surrounds", "id": 52, "target": "hamburger_0"}, {"source": "blanket_0", "label": "surrounds", "id": 53, "target": "hamburger_1"}]}