{"nodes": [{"y": 255, "x": 235, "size": 3, "id": "Doll16_0", "label": "person"}, {"y": 243, "x": 103, "size": 3, "id": "Doll15_0", "label": "person"}, {"y": 32, "x": 649, "size": 3, "id": "Robin_0", "label": "Robin"}, {"y": 329, "x": 489, "size": 3, "id": "Robin_1", "label": "Robin"}, {"y": 334, "x": 457, "size": 3, "id": "Robin_2", "label": "Robin"}, {"y": 45, "x": 641, "size": 3, "id": "cloud_0", "label": "cloud"}, {"y": 42, "x": 231, "size": 3, "id": "cloud_1", "label": "cloud"}, {"y": 9, "x": 39, "size": 3, "id": "cloud_2", "label": "cloud"}, {"y": 24, "x": 659, "size": 3, "id": "sun_0", "label": "sun"}, {"y": 211, "x": 693, "size": 3, "id": "monkeybars_0", "label": "monkeybars"}, {"y": 171, "x": 69, "size": 3, "id": "bush_0", "label": "bush"}, {"y": 173, "x": 186, "size": 3, "id": "bush_1", "label": "bush"}, {"y": 153, "x": 421, "size": 1, "id": "bush_2", "label": "bush"}, {"y": 157, "x": 339, "size": 3, "id": "bush_3", "label": "bush"}, {"y": 204, "x": 638, "size": 1, "id": "seesaw_0", "label": "seesaw"}, {"y": 289, "x": 151, "size": 3, "id": "blanket_0", "label": "blanket"}, {"y": 107, "x": 146, "size": 3, "id": "tree_0", "label": "tree"}, {"y": 146, "x": 445, "size": 3, "id": "tree_1", "label": "tree"}, {"y": 310, "x": 267, "size": 3, "id": "jumprope_0", "label": "jumprope"}, {"y": 309, "x": 59, "size": 3, "id": "football_0", "label": "football"}, {"y": 261, "x": 192, "size": 3, "id": "cup_0", "label": "cup"}, {"y": 282, "x": 100, "size": 3, "id": "cup_1", "label": "cup"}], "edges": [{"source": "Doll16_0", "label": "near", "id": 0, "target": "Doll15_0"}, {"source": "Doll16_0", "label": "on", "id": 14, "target": "blanket_0"}, {"source": "Doll16_0", "label": "aboveC", "id": 17, "target": "jumprope_0"}, {"source": "Doll16_0", "label": "beside", "id": 19, "target": "cup_0"}, {"source": "Doll15_0", "label": "beside", "id": 34, "target": "blanket_0"}, {"source": "Doll15_0", "label": "below", "id": 35, "target": "tree_0"}, {"source": "Doll15_0", "label": "above", "id": 38, "target": "football_0"}, {"source": "Doll15_0", "label": "aboveC", "id": 40, "target": "cup_1"}, {"source": "Robin_0", "label": "on", "id": 43, "target": "cloud_0"}, {"source": "sun_0", "label": "surrounds", "id": 46, "target": "Robin_0"}, {"source": "cloud_0", "label": "on", "id": 97, "target": "sun_0"}, {"source": "cloud_2", "label": "on", "id": 134, "target": "tree_0"}, {"source": "bush_0", "label": "on", "id": 170, "target": "tree_0"}, {"source": "bush_1", "label": "on", "id": 180, "target": "tree_0"}, {"source": "tree_1", "label": "surrounds", "id": 190, "target": "bush_2"}, {"source": "tree_1", "label": "surrounds", "id": 198, "target": "bush_3"}, {"source": "football_0", "label": "on", "id": 213, "target": "blanket_0"}, {"source": "blanket_0", "label": "surrounds", "id": 214, "target": "cup_0"}, {"source": "blanket_0", "label": "surrounds", "id": 215, "target": "cup_1"}, {"source": "cup_0", "label": "below", "id": 219, "target": "tree_0"}, {"source": "football_0", "label": "beside", "id": 229, "target": "cup_1"}]}