{"nodes": [{"y": 244, "x": 176, "size": 3, "id": "Doll15_0", "label": "person"}, {"y": 158, "x": 475, "size": 1, "id": "Deer_0", "label": "Deer"}, {"y": 168, "x": 117, "size": 3, "id": "bush_0", "label": "bush"}, {"y": 188, "x": 602, "size": 3, "id": "bush_1", "label": "bush"}, {"y": 34, "x": 580, "size": 3, "id": "moon_0", "label": "moon"}, {"y": 61, "x": 187, "size": 3, "id": "cloud_0", "label": "cloud"}, {"y": 63, "x": 625, "size": 3, "id": "cloud_1", "label": "cloud"}], "edges": [{"source": "Doll15_0", "label": "opposite_infront", "id": 0, "target": "Deer_0"}]}