{"nodes": [{"y": 204, "x": 291, "size": 1, "id": "Doll04_0", "label": "person"}, {"y": 207, "x": 406, "size": 1, "id": "Doll07_0", "label": "person"}, {"y": 149, "x": 175, "size": 3, "id": "Butterfly01_0", "label": "Butterfly"}, {"y": 108, "x": 90, "size": 3, "id": "Butterfly02_0", "label": "Butterfly"}, {"y": 169, "x": 72, "size": 3, "id": "bush_0", "label": "bush"}, {"y": 36, "x": 160, "size": 3, "id": "cloud_0", "label": "cloud"}, {"y": 295, "x": 370, "size": 3, "id": "blanket_0", "label": "blanket"}, {"y": 32, "x": 662, "size": 3, "id": "sun_0", "label": "sun"}, {"y": 215, "x": 560, "size": 1, "id": "grill_0", "label": "grill"}, {"y": 309, "x": 391, "size": 1, "id": "corn_0", "label": "corn"}, {"y": 278, "x": 261, "size": 3, "id": "basket_0", "label": "basket"}, {"y": 324, "x": 384, "size": 3, "id": "bread_0", "label": "bread"}, {"y": 242, "x": 423, "size": 3, "id": "tongs_0", "label": "tongs"}, {"y": 292, "x": 343, "size": 4, "id": "plate_0", "label": "plate"}, {"y": 174, "x": 568, "size": 3, "id": "ribs_0", "label": "ribs"}, {"y": 302, "x": 329, "size": 3, "id": "apple_0", "label": "apple"}, {"y": 280, "x": 309, "size": 3, "id": "bottle_0", "label": "bottle"}, {"y": 281, "x": 339, "size": 3, "id": "hamburger_0", "label": "hamburger"}, {"y": 174, "x": 535, "size": 3, "id": "hamburger_1", "label": "hamburger"}], "edges": [{"source": "Doll04_0", "label": "near", "id": 0, "target": "Doll07_0"}, {"source": "Doll04_0", "label": "above", "id": 8, "target": "corn_0"}, {"source": "Doll07_0", "label": "above", "id": 25, "target": "corn_0"}, {"source": "Doll07_0", "label": "near_behind", "id": 30, "target": "ribs_0"}, {"source": "Butterfly02_0", "label": "aboveC", "id": 51, "target": "bush_0"}, {"source": "blanket_0", "label": "surrounds", "id": 95, "target": "corn_0"}, {"source": "blanket_0", "label": "surrounds", "id": 97, "target": "bread_0"}, {"source": "blanket_0", "label": "surrounds", "id": 99, "target": "plate_0"}, {"source": "blanket_0", "label": "surrounds", "id": 101, "target": "apple_0"}, {"source": "blanket_0", "label": "surrounds", "id": 102, "target": "bottle_0"}, {"source": "blanket_0", "label": "surrounds", "id": 103, "target": "hamburger_0"}, {"source": "plate_0", "label": "belowC", "id": 159, "target": "hamburger_0"}, {"source": "apple_0", "label": "belowC", "id": 165, "target": "bottle_0"}, {"source": "apple_0", "label": "belowC", "id": 166, "target": "hamburger_0"}]}