{"nodes": [{"y": 159, "x": 142, "size": 3, "id": "Doll09_0", "label": "person"}, {"y": 246, "x": 490, "size": 3, "id": "Butterfly02_0", "label": "Butterfly"}, {"y": 317, "x": 449, "size": 3, "id": "Dog02_0", "label": "Dog"}, {"y": 259, "x": 171, "size": 5, "id": "bike_0", "label": "bike"}, {"y": 108, "x": 130, "size": 3, "id": "tree_0", "label": "tree"}, {"y": 163, "x": 595, "size": 3, "id": "tree_1", "label": "tree"}, {"y": 304, "x": 237, "size": 5, "id": "sidewalk_0", "label": "sidewalk"}], "edges": [{"source": "Doll09_0", "label": "opposite", "id": 1, "target": "Dog02_0"}, {"source": "Doll09_0", "label": "on", "id": 3, "target": "tree_0"}, {"source": "Butterfly02_0", "label": "above", "id": 6, "target": "Dog02_0"}, {"source": "tree_1", "label": "surrounds", "id": 9, "target": "Butterfly02_0"}, {"source": "sidewalk_0", "label": "surrounds", "id": 14, "target": "Dog02_0"}]}