{"nodes": [{"y": 166, "x": 31, "size": 2, "id": "Doll02_0", "label": "person"}, {"y": 185, "x": 612, "size": 3, "id": "Doll12_0", "label": "person"}, {"y": 116, "x": 401, "size": 3, "id": "Window05_0", "label": "Window"}, {"y": 116, "x": 253, "size": 3, "id": "Window05_1", "label": "Window"}, {"y": 158, "x": 632, "size": 3, "id": "Door_0", "label": "Door"}, {"y": 333, "x": 221, "size": 3, "id": "Rug_0", "label": "Rug"}, {"y": 244, "x": 333, "size": 3, "id": "DiningChair_0", "label": "DiningChair"}, {"y": 230, "x": 168, "size": 3, "id": "DiningChair_1", "label": "DiningChair"}, {"y": 277, "x": 87, "size": 5, "id": "DiningChair_2", "label": "DiningChair"}, {"y": 295, "x": 230, "size": 3, "id": "Table_0", "label": "Table"}, {"y": 226, "x": 232, "size": 3, "id": "teaset_0", "label": "teaset"}, {"y": 192, "x": 77, "size": 3, "id": "DishesSnack_0", "label": "DishesSnack"}], "edges": [{"source": "Doll02_0", "label": "near", "id": 2, "target": "Window05_1"}, {"source": "Doll02_0", "label": "near", "id": 8, "target": "Table_0"}, {"source": "Doll02_0", "label": "beside", "id": 10, "target": "DishesSnack_0"}, {"source": "Door_0", "label": "surrounds", "id": 13, "target": "Doll12_0"}, {"source": "Window05_0", "label": "above", "id": 27, "target": "Table_0"}, {"source": "Window05_1", "label": "above", "id": 35, "target": "Table_0"}, {"source": "teaset_0", "label": "belowC", "id": 36, "target": "Window05_1"}, {"source": "Rug_0", "label": "on", "id": 48, "target": "Table_0"}, {"source": "teaset_0", "label": "aboveC", "id": 49, "target": "Rug_0"}, {"source": "DiningChair_0", "label": "on", "id": 53, "target": "Table_0"}, {"source": "DiningChair_1", "label": "aboveC", "id": 57, "target": "Table_0"}, {"source": "teaset_0", "label": "aboveC", "id": 63, "target": "Table_0"}]}