{"nodes": [{"y": 202, "x": 553, "size": 3, "id": "Doll03_0", "label": "person"}, {"y": 317, "x": 436, "size": 3, "id": "Puppy01_0", "label": "Puppy"}, {"y": 345, "x": 347, "size": 3, "id": "Rug_0", "label": "Rug"}, {"y": 249, "x": 559, "size": 3, "id": "DiningChair_0", "label": "DiningChair"}, {"y": 165, "x": 352, "size": 3, "id": "Door_0", "label": "Door"}, {"y": 262, "x": 158, "size": 3, "id": "Desk_0", "label": "Desk"}, {"y": 113, "x": 550, "size": 3, "id": "Window03_0", "label": "Window"}, {"y": 108, "x": 159, "size": 3, "id": "Window03_1", "label": "Window"}], "edges": [{"source": "Doll03_0", "label": "near", "id": 0, "target": "Puppy01_0"}, {"source": "Doll03_0", "label": "on", "id": 2, "target": "DiningChair_0"}, {"source": "Doll03_0", "label": "belowC", "id": 5, "target": "Window03_0"}, {"source": "Puppy01_0", "label": "on", "id": 7, "target": "Rug_0"}, {"source": "Puppy01_0", "label": "beside", "id": 8, "target": "DiningChair_0"}, {"source": "Puppy01_0", "label": "below", "id": 11, "target": "Window03_0"}, {"source": "DiningChair_0", "label": "belowC", "id": 20, "target": "Window03_0"}]}