{"nodes": [{"y": 195, "x": 568, "size": 3, "id": "Doll01_0", "label": "person"}, {"y": 164, "x": 363, "size": 3, "id": "Puppy01_0", "label": "Puppy"}, {"y": 325, "x": 157, "size": 3, "id": "Table_0", "label": "Table"}, {"y": 234, "x": 358, "size": 3, "id": "Fireplace_0", "label": "Fireplace"}, {"y": 91, "x": 548, "size": 3, "id": "Picture_0", "label": "Picture"}, {"y": 135, "x": 148, "size": 3, "id": "Window05_0", "label": "Window"}], "edges": [{"source": "Doll01_0", "label": "near", "id": 0, "target": "Puppy01_0"}, {"source": "Doll01_0", "label": "near", "id": 2, "target": "Fireplace_0"}, {"source": "Doll01_0", "label": "belowC", "id": 3, "target": "Picture_0"}, {"source": "Puppy01_0", "label": "aboveC", "id": 6, "target": "Fireplace_0"}]}