{"nodes": [{"y": 317, "x": 68, "size": 3, "id": "Doll19_0", "label": "person"}, {"y": 172, "x": 561, "size": 1, "id": "Doll07_0", "label": "person"}, {"y": 280, "x": 202, "size": 3, "id": "Dog01_0", "label": "Dog"}, {"y": 128, "x": 344, "size": 3, "id": "Plant_0", "label": "Plant"}, {"y": 229, "x": 354, "size": 3, "id": "Fireplace_0", "label": "Fireplace"}, {"y": 130, "x": 133, "size": 3, "id": "Window05_0", "label": "Window"}], "edges": [{"source": "Doll19_0", "label": "opposite_infront", "id": 0, "target": "Doll07_0"}, {"source": "Doll19_0", "label": "beside", "id": 1, "target": "Dog01_0"}, {"source": "Doll07_0", "label": "near_behind", "id": 5, "target": "Dog01_0"}, {"source": "Plant_0", "label": "aboveC", "id": 12, "target": "Fireplace_0"}]}