{"nodes": [{"y": 172, "x": 324, "size": 3, "id": "Doll11_0", "label": "person"}, {"y": 231, "x": 636, "size": 3, "id": "Doll15_0", "label": "person"}, {"y": 143, "x": 615, "size": 3, "id": "bush_0", "label": "bush"}, {"y": 170, "x": 96, "size": 3, "id": "bush_1", "label": "bush"}, {"y": 219, "x": 31, "size": 3, "id": "bush_2", "label": "bush"}, {"y": 29, "x": 607, "size": 3, "id": "sun_0", "label": "sun"}, {"y": 34, "x": 233, "size": 3, "id": "cloud_0", "label": "cloud"}, {"y": 58, "x": 530, "size": 3, "id": "cloud_1", "label": "cloud"}, {"y": 83, "x": 81, "size": 3, "id": "cloud_2", "label": "cloud"}, {"y": 293, "x": 406, "size": 3, "id": "soccer_0", "label": "soccer"}], "edges": [{"source": "Doll11_0", "label": "opposite", "id": 0, "target": "Doll15_0"}, {"source": "Doll11_0", "label": "above", "id": 8, "target": "soccer_0"}]}