{"nodes": [{"y": 213, "x": 518, "size": 3, "id": "Doll18_0", "label": "person"}, {"y": 164, "x": 196, "size": 3, "id": "Doll16_0", "label": "person"}, {"y": 86, "x": 264, "size": 3, "id": "Butterfly01_0", "label": "Butterfly"}, {"y": 32, "x": 321, "size": 3, "id": "Butterfly01_1", "label": "Butterfly"}, {"y": 197, "x": 377, "size": 3, "id": "Duck02_0", "label": "Duck"}, {"y": 22, "x": 618, "size": 3, "id": "Bird_0", "label": "Bird"}, {"y": 62, "x": 527, "size": 3, "id": "cloud_0", "label": "cloud"}, {"y": 61, "x": 363, "size": 3, "id": "cloud_1", "label": "cloud"}, {"y": 220, "x": 195, "size": 3, "id": "log_0", "label": "log"}, {"y": 254, "x": 303, "size": 5, "id": "pond_0", "label": "pond"}, {"y": 116, "x": 665, "size": 3, "id": "bush_0", "label": "bush"}, {"y": 113, "x": 511, "size": 3, "id": "bush_1", "label": "bush"}, {"y": 113, "x": 380, "size": 3, "id": "bush_2", "label": "bush"}, {"y": 113, "x": 75, "size": 3, "id": "bush_3", "label": "bush"}, {"y": 133, "x": 181, "size": 3, "id": "bush_4", "label": "bush"}, {"y": 157, "x": 64, "size": 3, "id": "tree_0", "label": "tree"}, {"y": 116, "x": 610, "size": 3, "id": "tree_1", "label": "tree"}, {"y": 311, "x": 622, "size": 3, "id": "tree_2", "label": "tree"}, {"y": 211, "x": 466, "size": 3, "id": "bread_0", "label": "bread"}, {"y": 184, "x": 219, "size": 3, "id": "bread_1", "label": "bread"}, {"y": 278, "x": 114, "size": 3, "id": "flower_0", "label": "flower"}, {"y": 254, "x": 101, "size": 1, "id": "flower_1", "label": "flower"}], "edges": [{"source": "Doll18_0", "label": "on", "id": 15, "target": "tree_1"}, {"source": "Doll18_0", "label": "beside", "id": 17, "target": "bread_0"}, {"source": "Doll16_0", "label": "aboveC", "id": 27, "target": "log_0"}, {"source": "Doll16_0", "label": "on", "id": 33, "target": "bush_4"}, {"source": "tree_0", "label": "surrounds", "id": 34, "target": "Doll16_0"}, {"source": "Doll16_0", "label": "beside", "id": 38, "target": "bread_1"}, {"source": "Doll16_0", "label": "above", "id": 39, "target": "flower_0"}, {"source": "tree_1", "label": "surrounds", "id": 105, "target": "Bird_0"}, {"source": "cloud_0", "label": "on", "id": 115, "target": "bush_1"}, {"source": "tree_1", "label": "surrounds", "id": 120, "target": "cloud_0"}, {"source": "cloud_1", "label": "on", "id": 130, "target": "bush_2"}, {"source": "log_0", "label": "on", "id": 146, "target": "tree_0"}, {"source": "bread_1", "label": "aboveC", "id": 150, "target": "log_0"}, {"source": "tree_1", "label": "surrounds", "id": 170, "target": "bush_0"}, {"source": "tree_1", "label": "surrounds", "id": 180, "target": "bush_1"}, {"source": "tree_0", "label": "surrounds", "id": 196, "target": "bush_3"}, {"source": "tree_0", "label": "surrounds", "id": 203, "target": "bush_4"}, {"source": "bread_1", "label": "belowC", "id": 207, "target": "bush_4"}, {"source": "tree_0", "label": "surrounds", "id": 213, "target": "bread_1"}, {"source": "tree_0", "label": "surrounds", "id": 214, "target": "flower_0"}, {"source": "tree_0", "label": "surrounds", "id": 215, "target": "flower_1"}, {"source": "tree_1", "label": "surrounds", "id": 217, "target": "bread_0"}]}