{"nodes": [{"y": 227, "x": 198, "size": 3, "id": "Doll02_0", "label": "person"}, {"y": 45, "x": 108, "size": 3, "id": "cloud_0", "label": "cloud"}, {"y": 304, "x": 196, "size": 5, "id": "sidewalk_0", "label": "sidewalk"}, {"y": 153, "x": 614, "size": 3, "id": "tree_0", "label": "tree"}, {"y": 88, "x": 356, "size": 3, "id": "sun_0", "label": "sun"}, {"y": 277, "x": 595, "size": 3, "id": "bench_0", "label": "bench"}, {"y": 230, "x": 247, "size": 3, "id": "cup_0", "label": "cup"}, {"y": 86, "x": 639, "size": 3, "id": "apple_0", "label": "apple"}, {"y": 136, "x": 650, "size": 3, "id": "apple_1", "label": "apple"}, {"y": 133, "x": 549, "size": 3, "id": "apple_2", "label": "apple"}, {"y": 132, "x": 607, "size": 3, "id": "apple_3", "label": "apple"}, {"y": 83, "x": 579, "size": 3, "id": "apple_4", "label": "apple"}], "edges": [{"source": "Doll02_0", "label": "beside", "id": 5, "target": "cup_0"}, {"source": "sidewalk_0", "label": "surrounds", "id": 24, "target": "cup_0"}, {"source": "tree_0", "label": "above", "id": 31, "target": "bench_0"}, {"source": "tree_0", "label": "surrounds", "id": 33, "target": "apple_0"}, {"source": "tree_0", "label": "surrounds", "id": 34, "target": "apple_1"}, {"source": "tree_0", "label": "surrounds", "id": 35, "target": "apple_2"}, {"source": "tree_0", "label": "surrounds", "id": 36, "target": "apple_3"}, {"source": "tree_0", "label": "surrounds", "id": 37, "target": "apple_4"}, {"source": "apple_1", "label": "above", "id": 47, "target": "bench_0"}, {"source": "apple_2", "label": "above", "id": 48, "target": "bench_0"}, {"source": "apple_3", "label": "above", "id": 49, "target": "bench_0"}, {"source": "apple_0", "label": "aboveC", "id": 56, "target": "apple_1"}, {"source": "apple_0", "label": "aboveC", "id": 58, "target": "apple_3"}, {"source": "apple_0", "label": "beside", "id": 59, "target": "apple_4"}, {"source": "apple_1", "label": "beside", "id": 61, "target": "apple_3"}, {"source": "apple_2", "label": "beside", "id": 63, "target": "apple_3"}, {"source": "apple_2", "label": "belowC", "id": 64, "target": "apple_4"}, {"source": "apple_3", "label": "belowC", "id": 65, "target": "apple_4"}]}