{"nodes": [{"y": 229, "x": 352, "size": 3, "id": "Doll11_0", "label": "person"}, {"y": 379, "x": 393, "size": 3, "id": "Rat_0", "label": "Rat"}, {"y": 297, "x": 580, "size": 3, "id": "Sofa_0", "label": "Sofa"}, {"y": 158, "x": 351, "size": 3, "id": "Door_0", "label": "Door"}, {"y": 147, "x": 601, "size": 3, "id": "Window05_0", "label": "Window"}, {"y": 139, "x": 96, "size": 3, "id": "Window05_1", "label": "Window"}, {"y": 239, "x": 102, "size": 3, "id": "Plant_0", "label": "Plant"}], "edges": [{"source": "Doll11_0", "label": "above", "id": 0, "target": "Rat_0"}, {"source": "Doll11_0", "label": "on", "id": 2, "target": "Door_0"}, {"source": "Window05_1", "label": "aboveC", "id": 20, "target": "Plant_0"}]}