{"nodes": [{"y": 213, "x": 303, "size": 3, "id": "Doll02_0", "label": "person"}, {"y": 227, "x": 654, "size": 3, "id": "Doll12_0", "label": "person"}, {"y": 327, "x": 602, "size": 3, "id": "Cat02_0", "label": "Cat"}, {"y": 340, "x": 463, "size": 3, "id": "Dog01_0", "label": "Dog"}, {"y": 110, "x": 583, "size": 3, "id": "Window02_0", "label": "Window"}, {"y": 107, "x": 162, "size": 3, "id": "Window02_1", "label": "Window"}, {"y": 112, "x": 372, "size": 5, "id": "Picture_0", "label": "Picture"}, {"y": 254, "x": 643, "size": 3, "id": "DiningChair_0", "label": "DiningChair"}, {"y": 256, "x": 272, "size": 3, "id": "DiningChair_1", "label": "DiningChair"}, {"y": 313, "x": 477, "size": 3, "id": "Table_0", "label": "Table"}, {"y": 249, "x": 541, "size": 3, "id": "DishesMeal_0", "label": "DishesMeal"}, {"y": 226, "x": 366, "size": 3, "id": "DishesMeal_1", "label": "DishesMeal"}], "edges": [{"source": "Doll02_0", "label": "opposite", "id": 0, "target": "Doll12_0"}, {"source": "Doll02_0", "label": "opposite", "id": 1, "target": "Cat02_0"}, {"source": "Doll02_0", "label": "near", "id": 2, "target": "Dog01_0"}, {"source": "Doll02_0", "label": "near", "id": 4, "target": "Window02_1"}, {"source": "Doll02_0", "label": "aboveC", "id": 7, "target": "DiningChair_1"}, {"source": "Doll02_0", "label": "near", "id": 8, "target": "Table_0"}, {"source": "Doll02_0", "label": "beside", "id": 10, "target": "DishesMeal_1"}, {"source": "Doll12_0", "label": "above", "id": 11, "target": "Cat02_0"}, {"source": "Doll12_0", "label": "on", "id": 16, "target": "DiningChair_0"}, {"source": "Cat02_0", "label": "below", "id": 22, "target": "Window02_0"}, {"source": "Cat02_0", "label": "belowC", "id": 25, "target": "DiningChair_0"}, {"source": "Cat02_0", "label": "on", "id": 27, "target": "Table_0"}, {"source": "Cat02_0", "label": "belowC", "id": 28, "target": "DishesMeal_0"}, {"source": "Dog01_0", "label": "below", "id": 30, "target": "Window02_0"}, {"source": "Table_0", "label": "surrounds", "id": 35, "target": "Dog01_0"}, {"source": "Window02_0", "label": "above", "id": 42, "target": "Table_0"}, {"source": "DishesMeal_0", "label": "on", "id": 63, "target": "Table_0"}]}