{"nodes": [{"y": 207, "x": 182, "size": 3, "id": "Doll18_0", "label": "person"}, {"y": 149, "x": 339, "size": 3, "id": "Doll02_0", "label": "person"}, {"y": 134, "x": 668, "size": 3, "id": "tree_0", "label": "tree"}, {"y": 256, "x": 228, "size": 3, "id": "blanket_0", "label": "blanket"}, {"y": 56, "x": 600, "size": 3, "id": "cloud_0", "label": "cloud"}, {"y": 58, "x": 551, "size": 3, "id": "cloud_1", "label": "cloud"}, {"y": 55, "x": 447, "size": 3, "id": "cloud_2", "label": "cloud"}, {"y": 27, "x": 401, "size": 3, "id": "cloud_3", "label": "cloud"}, {"y": 239, "x": 256, "size": 3, "id": "basket_0", "label": "basket"}, {"y": 241, "x": 452, "size": 3, "id": "watermelon_0", "label": "watermelon"}, {"y": 268, "x": 256, "size": 3, "id": "cup_0", "label": "cup"}], "edges": [{"source": "Doll18_0", "label": "near", "id": 0, "target": "Doll02_0"}, {"source": "Doll18_0", "label": "aboveC", "id": 2, "target": "blanket_0"}, {"source": "Doll02_0", "label": "near", "id": 11, "target": "blanket_0"}, {"source": "Doll02_0", "label": "above", "id": 16, "target": "basket_0"}, {"source": "Doll02_0", "label": "near", "id": 17, "target": "watermelon_0"}, {"source": "Doll02_0", "label": "above", "id": 18, "target": "cup_0"}, {"source": "blanket_0", "label": "surrounds", "id": 31, "target": "basket_0"}, {"source": "blanket_0", "label": "surrounds", "id": 33, "target": "cup_0"}, {"source": "cloud_0", "label": "on", "id": 34, "target": "cloud_1"}, {"source": "basket_0", "label": "aboveC", "id": 53, "target": "cup_0"}]}