{"nodes": [{"y": 183, "x": 244, "size": 3, "id": "Doll11_0", "label": "person"}, {"y": 323, "x": 416, "size": 3, "id": "Cat02_0", "label": "Cat"}, {"y": 266, "x": 102, "size": 3, "id": "Plant_0", "label": "Plant"}, {"y": 110, "x": 595, "size": 3, "id": "Picture_0", "label": "Picture"}, {"y": 103, "x": 86, "size": 3, "id": "Picture_1", "label": "Picture"}, {"y": 256, "x": 594, "size": 3, "id": "Chair02_0", "label": "Chair"}, {"y": 109, "x": 369, "size": 3, "id": "Window03_0", "label": "Window"}], "edges": [{"source": "Doll11_0", "label": "near", "id": 0, "target": "Cat02_0"}, {"source": "Doll11_0", "label": "beside", "id": 5, "target": "Window03_0"}, {"source": "Picture_0", "label": "aboveC", "id": 16, "target": "Chair02_0"}]}