{"nodes": [{"y": 239, "x": 551, "size": 3, "id": "Doll12_0", "label": "person"}, {"y": 332, "x": 239, "size": 3, "id": "CoffeeTable_0", "label": "CoffeeTable"}, {"y": 143, "x": 274, "size": 3, "id": "Picture_0", "label": "Picture"}, {"y": 119, "x": 82, "size": 3, "id": "Plant_0", "label": "Plant"}, {"y": 224, "x": 81, "size": 3, "id": "Fireplace_0", "label": "Fireplace"}, {"y": 280, "x": 554, "size": 3, "id": "Sofa_0", "label": "Sofa"}, {"y": 292, "x": 311, "size": 3, "id": "DishesMeal_0", "label": "DishesMeal"}], "edges": [{"source": "Doll12_0", "label": "on", "id": 4, "target": "Sofa_0"}, {"source": "Plant_0", "label": "aboveC", "id": 15, "target": "Fireplace_0"}]}