{"nodes": [{"y": 231, "x": 591, "size": 3, "id": "Doll17_0", "label": "person"}, {"y": 279, "x": 257, "size": 3, "id": "Doll16_0", "label": "person"}, {"y": 274, "x": 420, "size": 3, "id": "Doll18_0", "label": "person"}, {"y": 317, "x": 670, "size": 3, "id": "Doll15_0", "label": "person"}, {"y": 322, "x": 45, "size": 3, "id": "DiningTable_0", "label": "DiningTable"}, {"y": 140, "x": 383, "size": 5, "id": "Picture_0", "label": "Picture"}, {"y": 140, "x": 573, "size": 3, "id": "Window05_0", "label": "Window"}, {"y": 140, "x": 187, "size": 3, "id": "Window05_1", "label": "Window"}, {"y": 271, "x": 501, "size": 1, "id": "DiningChair_0", "label": "DiningChair"}, {"y": 273, "x": 389, "size": 1, "id": "DiningChair_1", "label": "DiningChair"}, {"y": 277, "x": 274, "size": 2, "id": "DiningChair_2", "label": "DiningChair"}, {"y": 342, "x": 674, "size": 3, "id": "DiningChair_3", "label": "DiningChair"}, {"y": 251, "x": 30, "size": 3, "id": "DishesMeal_0", "label": "DishesMeal"}, {"y": 277, "x": -1, "size": 3, "id": "DishesMeal_1", "label": "DishesMeal"}, {"y": 242, "x": 502, "size": 3, "id": "Pillow_0", "label": "Pillow"}, {"y": 274, "x": 40, "size": 3, "id": "cup_0", "label": "cup"}, {"y": 284, "x": 56, "size": 3, "id": "cup_1", "label": "cup"}, {"y": 279, "x": 75, "size": 3, "id": "cup_2", "label": "cup"}, {"y": 282, "x": 98, "size": 3, "id": "cup_3", "label": "cup"}, {"y": 254, "x": 84, "size": 3, "id": "DishesSnack_0", "label": "DishesSnack"}], "edges": [{"source": "Doll17_0", "label": "above", "id": 2, "target": "Doll15_0"}, {"source": "Doll17_0", "label": "above", "id": 10, "target": "DiningChair_3"}, {"source": "Doll17_0", "label": "beside", "id": 13, "target": "Pillow_0"}, {"source": "Doll16_0", "label": "on", "id": 27, "target": "DiningChair_2"}, {"source": "Doll18_0", "label": "beside", "id": 48, "target": "Pillow_0"}, {"source": "Doll15_0", "label": "on", "id": 61, "target": "DiningChair_3"}, {"source": "DishesMeal_0", "label": "aboveC", "id": 77, "target": "DiningTable_0"}, {"source": "DiningTable_0", "label": "surrounds", "id": 78, "target": "DishesMeal_1"}, {"source": "DiningTable_0", "label": "surrounds", "id": 80, "target": "cup_0"}, {"source": "DiningTable_0", "label": "surrounds", "id": 81, "target": "cup_1"}, {"source": "DiningTable_0", "label": "surrounds", "id": 82, "target": "cup_2"}, {"source": "DiningTable_0", "label": "surrounds", "id": 83, "target": "cup_3"}, {"source": "DishesSnack_0", "label": "aboveC", "id": 84, "target": "DiningTable_0"}, {"source": "DiningChair_0", "label": "surrounds", "id": 129, "target": "Pillow_0"}, {"source": "DishesMeal_0", "label": "aboveC", "id": 164, "target": "cup_0"}, {"source": "DishesMeal_0", "label": "aboveC", "id": 165, "target": "cup_1"}, {"source": "cup_1", "label": "belowC", "id": 186, "target": "DishesSnack_0"}, {"source": "cup_2", "label": "belowC", "id": 188, "target": "DishesSnack_0"}, {"source": "cup_3", "label": "belowC", "id": 189, "target": "DishesSnack_0"}]}