{"nodes": [{"y": 185, "x": 262, "size": 3, "id": "Doll12_0", "label": "person"}, {"y": 290, "x": 498, "size": 3, "id": "Dog02_0", "label": "Dog"}, {"y": 105, "x": 89, "size": 3, "id": "Window03_0", "label": "Window"}, {"y": 351, "x": 510, "size": 3, "id": "Rug_0", "label": "Rug"}, {"y": 225, "x": 422, "size": 3, "id": "Fireplace_0", "label": "Fireplace"}, {"y": 286, "x": 131, "size": 3, "id": "Couch_0", "label": "Couch"}, {"y": 150, "x": 361, "size": 3, "id": "DogBone_0", "label": "DogBone"}], "edges": [{"source": "Doll12_0", "label": "near", "id": 0, "target": "Dog02_0"}, {"source": "Doll12_0", "label": "beside", "id": 5, "target": "DogBone_0"}, {"source": "Dog02_0", "label": "aboveC", "id": 7, "target": "Rug_0"}, {"source": "Dog02_0", "label": "below", "id": 10, "target": "DogBone_0"}, {"source": "DogBone_0", "label": "aboveC", "id": 19, "target": "Fireplace_0"}]}