{"nodes": [{"y": 219, "x": 404, "size": 3, "id": "Doll07_0", "label": "person"}, {"y": 255, "x": 342, "size": 3, "id": "Couch_0", "label": "Couch"}, {"y": 142, "x": 624, "size": 3, "id": "Plant_0", "label": "Plant"}, {"y": 143, "x": 60, "size": 3, "id": "Plant_1", "label": "Plant"}, {"y": 101, "x": 182, "size": 3, "id": "Window03_0", "label": "Window"}, {"y": 118, "x": 338, "size": 3, "id": "Window03_1", "label": "Window"}, {"y": 101, "x": 493, "size": 3, "id": "Window03_2", "label": "Window"}, {"y": 239, "x": 617, "size": 3, "id": "Desk_0", "label": "Desk"}, {"y": 240, "x": 69, "size": 3, "id": "Desk_1", "label": "Desk"}], "edges": [{"source": "Doll07_0", "label": "on", "id": 0, "target": "Couch_0"}, {"source": "Doll07_0", "label": "near", "id": 3, "target": "Window03_0"}, {"source": "Doll07_0", "label": "belowC", "id": 4, "target": "Window03_1"}, {"source": "Doll07_0", "label": "belowC", "id": 5, "target": "Window03_2"}, {"source": "Couch_0", "label": "belowC", "id": 11, "target": "Window03_1"}, {"source": "Couch_0", "label": "below", "id": 12, "target": "Window03_2"}, {"source": "Plant_0", "label": "aboveC", "id": 19, "target": "Desk_0"}, {"source": "Plant_1", "label": "aboveC", "id": 25, "target": "Desk_1"}]}