{"nodes": [{"y": 279, "x": 213, "size": 3, "id": "Doll17_0", "label": "person"}, {"y": 266, "x": 99, "size": 3, "id": "Doll15_0", "label": "person"}, {"y": 34, "x": 529, "size": 3, "id": "sun_0", "label": "sun"}, {"y": 326, "x": 197, "size": 3, "id": "sidewalk_0", "label": "sidewalk"}, {"y": 115, "x": 95, "size": 3, "id": "bush_0", "label": "bush"}, {"y": 137, "x": 241, "size": 3, "id": "bush_1", "label": "bush"}, {"y": 281, "x": 98, "size": 3, "id": "skateboard_0", "label": "skateboard"}], "edges": [{"source": "Doll17_0", "label": "on", "id": 2, "target": "sidewalk_0"}, {"source": "Doll15_0", "label": "on", "id": 7, "target": "sidewalk_0"}, {"source": "Doll15_0", "label": "aboveC", "id": 10, "target": "skateboard_0"}, {"source": "sidewalk_0", "label": "surrounds", "id": 17, "target": "skateboard_0"}]}