{"nodes": [{"y": 222, "x": 491, "size": 3, "id": "Doll15_0", "label": "person"}, {"y": 204, "x": 285, "size": 3, "id": "Doll03_0", "label": "person"}, {"y": 100, "x": 351, "size": 3, "id": "Picture_0", "label": "Picture"}, {"y": 163, "x": 629, "size": 3, "id": "Door_0", "label": "Door"}, {"y": 344, "x": 391, "size": 3, "id": "Rug_0", "label": "Rug"}, {"y": 273, "x": 104, "size": 3, "id": "Sofa_0", "label": "Sofa"}, {"y": 288, "x": 293, "size": 3, "id": "basket_0", "label": "basket"}], "edges": [{"source": "Doll15_0", "label": "near", "id": 0, "target": "Doll03_0"}, {"source": "Doll15_0", "label": "above", "id": 3, "target": "Rug_0"}, {"source": "Doll15_0", "label": "near", "id": 5, "target": "basket_0"}, {"source": "Doll03_0", "label": "belowC", "id": 6, "target": "Picture_0"}, {"source": "Doll03_0", "label": "above", "id": 8, "target": "Rug_0"}, {"source": "Doll03_0", "label": "aboveC", "id": 10, "target": "basket_0"}, {"source": "basket_0", "label": "beside", "id": 19, "target": "Rug_0"}]}