{"nodes": [{"y": 271, "x": 325, "size": 3, "id": "Doll01_0", "label": "person"}, {"y": 67, "x": 629, "size": 3, "id": "Picture_0", "label": "Picture"}, {"y": 77, "x": 349, "size": 3, "id": "Window02_0", "label": "Window"}, {"y": 342, "x": 317, "size": 3, "id": "Stool_0", "label": "Stool"}, {"y": 344, "x": 247, "size": 3, "id": "Endtable_0", "label": "Endtable"}, {"y": 295, "x": 563, "size": 2, "id": "Desk_0", "label": "Desk"}, {"y": 197, "x": 576, "size": 3, "id": "Plant_0", "label": "Plant"}], "edges": [{"source": "Doll01_0", "label": "aboveC", "id": 2, "target": "Stool_0"}, {"source": "Doll01_0", "label": "beside", "id": 3, "target": "Endtable_0"}, {"source": "Doll01_0", "label": "near", "id": 4, "target": "Desk_0"}, {"source": "Doll01_0", "label": "near", "id": 5, "target": "Plant_0"}, {"source": "Picture_0", "label": "aboveC", "id": 10, "target": "Plant_0"}, {"source": "Stool_0", "label": "beside", "id": 15, "target": "Endtable_0"}, {"source": "Desk_0", "label": "belowC", "id": 20, "target": "Plant_0"}]}