{"nodes": [{"y": 150, "x": 232, "size": 3, "id": "Doll05_0", "label": "person"}, {"y": 174, "x": 482, "size": 3, "id": "Doll12_0", "label": "person"}, {"y": 43, "x": 338, "size": 3, "id": "Finch_0", "label": "Finch"}, {"y": 22, "x": 260, "size": 3, "id": "Finch_1", "label": "Finch"}, {"y": 32, "x": 43, "size": 3, "id": "moon_0", "label": "moon"}, {"y": 229, "x": 475, "size": 3, "id": "log_0", "label": "log"}, {"y": 223, "x": 213, "size": 3, "id": "log_1", "label": "log"}, {"y": 121, "x": 665, "size": 1, "id": "tree_0", "label": "tree"}, {"y": 131, "x": 574, "size": 2, "id": "tree_1", "label": "tree"}, {"y": 254, "x": 357, "size": 5, "id": "campfire_0", "label": "campfire"}], "edges": [{"source": "Doll05_0", "label": "opposite", "id": 0, "target": "Doll12_0"}, {"source": "Doll05_0", "label": "aboveC", "id": 5, "target": "log_1"}, {"source": "Doll12_0", "label": "aboveC", "id": 12, "target": "log_0"}, {"source": "tree_1", "label": "surrounds", "id": 15, "target": "Doll12_0"}, {"source": "tree_1", "label": "surrounds", "id": 37, "target": "log_0"}, {"source": "tree_0", "label": "on", "id": 42, "target": "tree_1"}]}