{"nodes": [{"y": 313, "x": 199, "size": 3, "id": "Doll20_0", "label": "person"}, {"y": 190, "x": 606, "size": 3, "id": "CoatRack_0", "label": "CoatRack"}, {"y": 88, "x": 141, "size": 3, "id": "Picture_0", "label": "Picture"}, {"y": 75, "x": 381, "size": 3, "id": "Picture_1", "label": "Picture"}, {"y": 202, "x": 461, "size": 3, "id": "Picture_2", "label": "Picture"}, {"y": 80, "x": 588, "size": 3, "id": "Picture_3", "label": "Picture"}, {"y": 210, "x": 598, "size": 3, "id": "Picture_4", "label": "Picture"}], "edges": [{"source": "CoatRack_0", "label": "belowC", "id": 9, "target": "Picture_3"}, {"source": "CoatRack_0", "label": "aboveC", "id": 10, "target": "Picture_4"}, {"source": "Picture_3", "label": "aboveC", "id": 20, "target": "Picture_4"}]}