{"nodes": [{"y": 172, "x": 384, "size": 3, "id": "Doll05_0", "label": "person"}, {"y": 116, "x": 237, "size": 3, "id": "Window05_0", "label": "Window"}, {"y": 289, "x": 529, "size": 3, "id": "CoffeeTable_0", "label": "CoffeeTable"}, {"y": 93, "x": 542, "size": 3, "id": "Picture_0", "label": "Picture"}, {"y": 230, "x": 472, "size": 3, "id": "bottle_0", "label": "bottle"}, {"y": 243, "x": 515, "size": 3, "id": "wine_0", "label": "wine"}, {"y": 242, "x": 551, "size": 3, "id": "wine_1", "label": "wine"}], "edges": [{"source": "Doll05_0", "label": "beside", "id": 3, "target": "bottle_0"}, {"source": "Doll05_0", "label": "beside", "id": 4, "target": "wine_0"}, {"source": "Doll05_0", "label": "near", "id": 5, "target": "wine_1"}, {"source": "bottle_0", "label": "aboveC", "id": 12, "target": "CoffeeTable_0"}, {"source": "wine_0", "label": "aboveC", "id": 13, "target": "CoffeeTable_0"}, {"source": "wine_1", "label": "aboveC", "id": 14, "target": "CoffeeTable_0"}, {"source": "wine_1", "label": "belowC", "id": 17, "target": "Picture_0"}, {"source": "bottle_0", "label": "beside", "id": 18, "target": "wine_0"}, {"source": "bottle_0", "label": "beside", "id": 19, "target": "wine_1"}, {"source": "wine_0", "label": "beside", "id": 20, "target": "wine_1"}]}