{"nodes": [{"y": 332, "x": 450, "size": 3, "id": "Doll16_0", "label": "person"}, {"y": 350, "x": 404, "size": 3, "id": "Cat02_0", "label": "Cat"}, {"y": 128, "x": 259, "size": 3, "id": "Window03_0", "label": "Window"}, {"y": 130, "x": 391, "size": 3, "id": "Window03_1", "label": "Window"}, {"y": 131, "x": 526, "size": 3, "id": "Window03_2", "label": "Window"}, {"y": 127, "x": 123, "size": 3, "id": "Window03_3", "label": "Window"}, {"y": 214, "x": 121, "size": 4, "id": "TV_0", "label": "TV"}, {"y": 291, "x": 555, "size": 3, "id": "Sofa_0", "label": "Sofa"}, {"y": 354, "x": 112, "size": 3, "id": "Stool_0", "label": "Stool"}, {"y": 245, "x": 261, "size": 3, "id": "Plant_0", "label": "Plant"}, {"y": 246, "x": 393, "size": 3, "id": "Plant_1", "label": "Plant"}, {"y": 322, "x": 108, "size": 3, "id": "Desk_0", "label": "Desk"}, {"y": 274, "x": 82, "size": 3, "id": "cup_0", "label": "cup"}, {"y": 348, "x": 333, "size": 3, "id": "Yarn_0", "label": "Yarn"}, {"y": 330, "x": 180, "size": 3, "id": "CD_0", "label": "CD"}, {"y": 335, "x": 207, "size": 3, "id": "GameSystem_0", "label": "GameSystem"}], "edges": [{"source": "Doll16_0", "label": "beside", "id": 0, "target": "Cat02_0"}, {"source": "Doll16_0", "label": "on", "id": 6, "target": "Sofa_0"}, {"source": "Window03_3", "label": "aboveC", "id": 65, "target": "TV_0"}, {"source": "cup_0", "label": "belowC", "id": 80, "target": "TV_0"}, {"source": "Desk_0", "label": "surrounds", "id": 94, "target": "Stool_0"}, {"source": "cup_0", "label": "aboveC", "id": 95, "target": "Stool_0"}, {"source": "Desk_0", "label": "surrounds", "id": 110, "target": "cup_0"}, {"source": "GameSystem_0", "label": "surrounds", "id": 119, "target": "CD_0"}]}