{"nodes": [{"y": 227, "x": 532, "size": 3, "id": "Doll18_0", "label": "person"}, {"y": 282, "x": 463, "size": 3, "id": "Puppy01_0", "label": "Puppy"}, {"y": 61, "x": 447, "size": 1, "id": "cloud_0", "label": "cloud"}, {"y": 91, "x": 140, "size": 3, "id": "cloud_1", "label": "cloud"}, {"y": 328, "x": 147, "size": 4, "id": "sandbox_0", "label": "sandbox"}, {"y": 121, "x": 654, "size": 2, "id": "tree_0", "label": "tree"}, {"y": 334, "x": 537, "size": 2, "id": "sidewalk_0", "label": "sidewalk"}, {"y": 202, "x": 352, "size": 2, "id": "seesaw_0", "label": "seesaw"}, {"y": 58, "x": 310, "size": 3, "id": "sun_0", "label": "sun"}, {"y": 133, "x": 137, "size": 2, "id": "monkeybars_0", "label": "monkeybars"}, {"y": 151, "x": 586, "size": 1, "id": "bush_0", "label": "bush"}, {"y": 355, "x": 279, "size": 3, "id": "soccer_0", "label": "soccer"}, {"y": 35, "x": 662, "size": 3, "id": "nest_0", "label": "nest"}, {"y": 64, "x": 614, "size": 3, "id": "beehive_0", "label": "beehive"}, {"y": 209, "x": 608, "size": 2, "id": "mushroom_0", "label": "mushroom"}, {"y": 231, "x": 617, "size": 2, "id": "mushroom_1", "label": "mushroom"}, {"y": 236, "x": 675, "size": 3, "id": "mushroom_2", "label": "mushroom"}], "edges": [{"source": "Doll18_0", "label": "near", "id": 0, "target": "Puppy01_0"}, {"source": "Doll18_0", "label": "on", "id": 4, "target": "tree_0"}, {"source": "Doll18_0", "label": "above", "id": 5, "target": "sidewalk_0"}, {"source": "Puppy01_0", "label": "on", "id": 20, "target": "sidewalk_0"}, {"source": "monkeybars_0", "label": "surrounds", "id": 50, "target": "cloud_1"}, {"source": "tree_0", "label": "surrounds", "id": 76, "target": "nest_0"}, {"source": "tree_0", "label": "surrounds", "id": 77, "target": "beehive_0"}, {"source": "tree_0", "label": "surrounds", "id": 78, "target": "mushroom_0"}, {"source": "tree_0", "label": "surrounds", "id": 79, "target": "mushroom_1"}, {"source": "tree_0", "label": "surrounds", "id": 80, "target": "mushroom_2"}, {"source": "mushroom_0", "label": "belowC", "id": 118, "target": "bush_0"}, {"source": "mushroom_1", "label": "belowC", "id": 119, "target": "bush_0"}, {"source": "mushroom_0", "label": "aboveC", "id": 133, "target": "mushroom_1"}]}