{"nodes": [{"y": 274, "x": 148, "size": 3, "id": "Doll15_0", "label": "person"}, {"y": 242, "x": 269, "size": 3, "id": "Doll17_0", "label": "person"}, {"y": 299, "x": 514, "size": 3, "id": "Puppy01_0", "label": "Puppy"}, {"y": 67, "x": 316, "size": 3, "id": "sun_0", "label": "sun"}, {"y": 284, "x": 187, "size": 3, "id": "blanket_0", "label": "blanket"}, {"y": 173, "x": 569, "size": 3, "id": "tree_0", "label": "tree"}, {"y": 151, "x": 133, "size": 3, "id": "tree_1", "label": "tree"}, {"y": 274, "x": 233, "size": 3, "id": "hamburger_0", "label": "hamburger"}, {"y": 283, "x": 190, "size": 3, "id": "hamburger_1", "label": "hamburger"}], "edges": [{"source": "Doll15_0", "label": "near", "id": 0, "target": "Doll17_0"}, {"source": "Doll15_0", "label": "opposite", "id": 1, "target": "Puppy01_0"}, {"source": "Doll15_0", "label": "on", "id": 3, "target": "blanket_0"}, {"source": "Doll15_0", "label": "on", "id": 5, "target": "tree_1"}, {"source": "Doll15_0", "label": "beside", "id": 7, "target": "hamburger_1"}, {"source": "Doll17_0", "label": "opposite", "id": 8, "target": "Puppy01_0"}, {"source": "Doll17_0", "label": "on", "id": 10, "target": "blanket_0"}, {"source": "Doll17_0", "label": "on", "id": 12, "target": "tree_1"}, {"source": "Doll17_0", "label": "beside", "id": 13, "target": "hamburger_0"}, {"source": "Puppy01_0", "label": "on", "id": 17, "target": "tree_0"}, {"source": "blanket_0", "label": "on", "id": 27, "target": "tree_1"}, {"source": "blanket_0", "label": "surrounds", "id": 28, "target": "hamburger_0"}, {"source": "blanket_0", "label": "surrounds", "id": 29, "target": "hamburger_1"}, {"source": "tree_1", "label": "surrounds", "id": 33, "target": "hamburger_0"}, {"source": "tree_1", "label": "surrounds", "id": 34, "target": "hamburger_1"}]}