{"nodes": [{"y": 263, "x": 421, "size": 3, "id": "Doll16_0", "label": "person"}, {"y": 192, "x": 498, "size": 3, "id": "Doll03_0", "label": "person"}, {"y": 223, "x": 131, "size": 3, "id": "Turtle_0", "label": "Turtle"}, {"y": 14, "x": 331, "size": 3, "id": "Racoon_0", "label": "Racoon"}, {"y": 200, "x": 576, "size": 3, "id": "bench_0", "label": "bench"}, {"y": 140, "x": 116, "size": 3, "id": "bush_0", "label": "bush"}, {"y": 143, "x": 289, "size": 3, "id": "bush_1", "label": "bush"}, {"y": 348, "x": 590, "size": 3, "id": "sidewalk_0", "label": "sidewalk"}, {"y": 249, "x": 126, "size": 3, "id": "sandbox_0", "label": "sandbox"}, {"y": 67, "x": 462, "size": 3, "id": "cloud_0", "label": "cloud"}, {"y": 55, "x": 54, "size": 3, "id": "tree_0", "label": "tree"}, {"y": 113, "x": 329, "size": 3, "id": "tree_1", "label": "tree"}], "edges": [{"source": "Doll16_0", "label": "near", "id": 0, "target": "Doll03_0"}, {"source": "Doll16_0", "label": "opposite", "id": 1, "target": "Turtle_0"}, {"source": "Doll03_0", "label": "opposite", "id": 11, "target": "Turtle_0"}, {"source": "Doll03_0", "label": "above", "id": 16, "target": "sidewalk_0"}, {"source": "Doll03_0", "label": "on", "id": 20, "target": "tree_1"}, {"source": "sandbox_0", "label": "surrounds", "id": 26, "target": "Turtle_0"}, {"source": "tree_1", "label": "surrounds", "id": 37, "target": "Racoon_0"}, {"source": "tree_0", "label": "surrounds", "id": 49, "target": "bush_0"}, {"source": "tree_1", "label": "surrounds", "id": 55, "target": "bush_1"}, {"source": "tree_1", "label": "surrounds", "id": 64, "target": "cloud_0"}]}