{"nodes": [{"y": 216, "x": 161, "size": 3, "id": "Doll10_0", "label": "person"}, {"y": 126, "x": 428, "size": 3, "id": "Butterfly01_0", "label": "Butterfly"}, {"y": 95, "x": 400, "size": 3, "id": "Butterfly01_1", "label": "Butterfly"}, {"y": 360, "x": 226, "size": 3, "id": "Puppy02_0", "label": "Puppy"}, {"y": 50, "x": 355, "size": 3, "id": "cloud_0", "label": "cloud"}, {"y": 94, "x": 580, "size": 3, "id": "tree_0", "label": "tree"}, {"y": 111, "x": 200, "size": 3, "id": "tree_1", "label": "tree"}, {"y": 200, "x": 657, "size": 3, "id": "tree_2", "label": "tree"}, {"y": 343, "x": 364, "size": 3, "id": "bench_0", "label": "bench"}, {"y": 336, "x": 172, "size": 3, "id": "sidewalk_0", "label": "sidewalk"}, {"y": 16, "x": 480, "size": 3, "id": "sun_0", "label": "sun"}, {"y": 323, "x": 597, "size": 3, "id": "flower_0", "label": "flower"}, {"y": 343, "x": 636, "size": 3, "id": "flower_1", "label": "flower"}, {"y": 373, "x": 504, "size": 3, "id": "flower_2", "label": "flower"}, {"y": 232, "x": 261, "size": 3, "id": "flower_3", "label": "flower"}, {"y": 376, "x": 27, "size": 3, "id": "flower_4", "label": "flower"}], "edges": [{"source": "Doll10_0", "label": "above", "id": 2, "target": "Puppy02_0"}, {"source": "Doll10_0", "label": "on", "id": 5, "target": "tree_1"}, {"source": "Doll10_0", "label": "above", "id": 8, "target": "sidewalk_0"}, {"source": "Butterfly01_0", "label": "belowC", "id": 15, "target": "Butterfly01_1"}, {"source": "Butterfly01_1", "label": "belowC", "id": 30, "target": "cloud_0"}, {"source": "sidewalk_0", "label": "surrounds", "id": 47, "target": "Puppy02_0"}, {"source": "tree_1", "label": "surrounds", "id": 82, "target": "flower_3"}, {"source": "flower_0", "label": "on", "id": 87, "target": "tree_2"}, {"source": "sidewalk_0", "label": "surrounds", "id": 104, "target": "flower_4"}]}