{"nodes": [{"y": 312, "x": 533, "size": 4, "id": "CoffeeTable_0", "label": "CoffeeTable"}, {"y": 350, "x": 455, "size": 3, "id": "Rug_0", "label": "Rug"}, {"y": 211, "x": 534, "size": 3, "id": "Couch_0", "label": "Couch"}, {"y": 275, "x": 338, "size": 3, "id": "Endtable_0", "label": "Endtable"}, {"y": 229, "x": 101, "size": 3, "id": "Fireplace_0", "label": "Fireplace"}, {"y": 203, "x": 338, "size": 3, "id": "Plant_0", "label": "Plant"}], "edges": [{"source": "CoffeeTable_0", "label": "on", "id": 0, "target": "Rug_0"}, {"source": "CoffeeTable_0", "label": "belowC", "id": 1, "target": "Couch_0"}, {"source": "Rug_0", "label": "below", "id": 5, "target": "Couch_0"}, {"source": "Rug_0", "label": "below", "id": 8, "target": "Plant_0"}, {"source": "Endtable_0", "label": "belowC", "id": 13, "target": "Plant_0"}]}