{"nodes": [{"y": 278, "x": 314, "size": 5, "id": "Doll17_0", "label": "person"}, {"y": 305, "x": 396, "size": 5, "id": "Doll19_0", "label": "person"}, {"y": 303, "x": 467, "size": 3, "id": "Kitten02_0", "label": "Kitten"}, {"y": 62, "x": 627, "size": 3, "id": "TV_0", "label": "TV"}, {"y": 328, "x": 408, "size": 3, "id": "Rug_0", "label": "Rug"}, {"y": 307, "x": 540, "size": 3, "id": "Toy_0", "label": "Toy"}, {"y": 330, "x": 493, "size": 3, "id": "Yarn_0", "label": "Yarn"}, {"y": 328, "x": 274, "size": 3, "id": "DishesMeal_0", "label": "DishesMeal"}, {"y": 293, "x": 150, "size": 3, "id": "PetBed_0", "label": "PetBed"}], "edges": [{"source": "Doll17_0", "label": "beside", "id": 0, "target": "Doll19_0"}, {"source": "Doll17_0", "label": "near_infront", "id": 1, "target": "Kitten02_0"}, {"source": "Doll17_0", "label": "beside_infront", "id": 3, "target": "Rug_0"}, {"source": "Doll19_0", "label": "beside_infront", "id": 8, "target": "Kitten02_0"}, {"source": "Doll19_0", "label": "above_infront", "id": 10, "target": "Rug_0"}, {"source": "Kitten02_0", "label": "below", "id": 15, "target": "TV_0"}, {"source": "Rug_0", "label": "surrounds", "id": 16, "target": "Kitten02_0"}, {"source": "Kitten02_0", "label": "aboveC", "id": 18, "target": "Yarn_0"}, {"source": "TV_0", "label": "above", "id": 21, "target": "Rug_0"}, {"source": "Rug_0", "label": "surrounds", "id": 26, "target": "Toy_0"}, {"source": "Rug_0", "label": "surrounds", "id": 27, "target": "Yarn_0"}, {"source": "Rug_0", "label": "surrounds", "id": 28, "target": "DishesMeal_0"}]}