{"nodes": [{"y": 53, "x": 627, "size": 3, "id": "Doll20_0", "label": "person"}, {"y": 170, "x": 351, "size": 3, "id": "Doll10_0", "label": "person"}, {"y": 27, "x": 460, "size": 3, "id": "sun_0", "label": "sun"}, {"y": 98, "x": 169, "size": 3, "id": "tree_0", "label": "tree"}, {"y": 249, "x": 312, "size": 5, "id": "blanket_0", "label": "blanket"}, {"y": 158, "x": 50, "size": 3, "id": "bush_0", "label": "bush"}, {"y": 120, "x": 614, "size": 1, "id": "slide_0", "label": "slide"}, {"y": 245, "x": 281, "size": 5, "id": "plate_0", "label": "plate"}, {"y": 253, "x": 331, "size": 3, "id": "plate_1", "label": "plate"}, {"y": 275, "x": 285, "size": 3, "id": "plate_2", "label": "plate"}, {"y": 262, "x": 246, "size": 3, "id": "plate_3", "label": "plate"}, {"y": 232, "x": 279, "size": 5, "id": "hamburger_0", "label": "hamburger"}, {"y": 228, "x": 306, "size": 3, "id": "apple_0", "label": "apple"}, {"y": 248, "x": 328, "size": 3, "id": "sandwich_0", "label": "sandwich"}, {"y": 191, "x": 221, "size": 3, "id": "basket_0", "label": "basket"}, {"y": 237, "x": 241, "size": 3, "id": "cup_0", "label": "cup"}, {"y": 232, "x": 219, "size": 3, "id": "cup_1", "label": "cup"}], "edges": [{"source": "Doll20_0", "label": "opposite", "id": 0, "target": "Doll10_0"}, {"source": "Doll10_0", "label": "above", "id": 22, "target": "plate_1"}, {"source": "Doll10_0", "label": "above", "id": 23, "target": "plate_2"}, {"source": "Doll10_0", "label": "above", "id": 26, "target": "apple_0"}, {"source": "Doll10_0", "label": "above", "id": 27, "target": "sandwich_0"}, {"source": "tree_0", "label": "surrounds", "id": 55, "target": "basket_0"}, {"source": "blanket_0", "label": "surrounds", "id": 60, "target": "plate_0"}, {"source": "blanket_0", "label": "surrounds", "id": 61, "target": "plate_1"}, {"source": "blanket_0", "label": "surrounds", "id": 62, "target": "plate_2"}, {"source": "blanket_0", "label": "surrounds", "id": 63, "target": "plate_3"}, {"source": "blanket_0", "label": "surrounds", "id": 64, "target": "hamburger_0"}, {"source": "blanket_0", "label": "surrounds", "id": 65, "target": "apple_0"}, {"source": "blanket_0", "label": "surrounds", "id": 66, "target": "sandwich_0"}, {"source": "blanket_0", "label": "surrounds", "id": 68, "target": "cup_0"}, {"source": "blanket_0", "label": "surrounds", "id": 69, "target": "cup_1"}, {"source": "plate_0", "label": "belowC", "id": 94, "target": "hamburger_0"}, {"source": "plate_1", "label": "belowC", "id": 103, "target": "apple_0"}, {"source": "plate_1", "label": "on", "id": 104, "target": "sandwich_0"}, {"source": "plate_2", "label": "belowC", "id": 110, "target": "apple_0"}, {"source": "plate_3", "label": "belowC", "id": 119, "target": "cup_0"}, {"source": "plate_3", "label": "belowC", "id": 120, "target": "cup_1"}, {"source": "basket_0", "label": "aboveC", "id": 133, "target": "cup_0"}, {"source": "basket_0", "label": "aboveC", "id": 134, "target": "cup_1"}]}