{"nodes": [{"y": 221, "x": 391, "size": 3, "id": "Doll14_0", "label": "person"}, {"y": 287, "x": 580, "size": 3, "id": "Doll18_0", "label": "person"}, {"y": 301, "x": 514, "size": 1, "id": "Doll19_0", "label": "person"}, {"y": 246, "x": 155, "size": 1, "id": "Puppy01_0", "label": "Puppy"}, {"y": 264, "x": 220, "size": 3, "id": "Dog02_0", "label": "Dog"}, {"y": 329, "x": 134, "size": 3, "id": "Dog02_1", "label": "Dog"}, {"y": 261, "x": 77, "size": 1, "id": "Dog02_2", "label": "Dog"}, {"y": 242, "x": 642, "size": 3, "id": "Plant_0", "label": "Plant"}, {"y": 115, "x": 391, "size": 3, "id": "Picture_0", "label": "Picture"}, {"y": 134, "x": 478, "size": 3, "id": "Picture_1", "label": "Picture"}, {"y": 119, "x": 565, "size": 3, "id": "Picture_2", "label": "Picture"}, {"y": 172, "x": 96, "size": 1, "id": "Door_0", "label": "Door"}, {"y": 173, "x": 217, "size": 1, "id": "Door_1", "label": "Door"}, {"y": 244, "x": 411, "size": 1, "id": "Desk_0", "label": "Desk"}, {"y": 245, "x": 549, "size": 1, "id": "Desk_1", "label": "Desk"}, {"y": 353, "x": 169, "size": 3, "id": "Rug_0", "label": "Rug"}, {"y": 316, "x": 487, "size": 1, "id": "Doll_0", "label": "Doll"}, {"y": 309, "x": 615, "size": 3, "id": "Doll_1", "label": "Doll"}], "edges": [{"source": "Doll14_0", "label": "near", "id": 0, "target": "Doll18_0"}, {"source": "Doll14_0", "label": "near_infront", "id": 1, "target": "Doll19_0"}, {"source": "Doll14_0", "label": "near", "id": 3, "target": "Dog02_0"}, {"source": "Doll18_0", "label": "beside_infront", "id": 17, "target": "Doll19_0"}, {"source": "Doll18_0", "label": "beside", "id": 22, "target": "Plant_0"}, {"source": "Doll18_0", "label": "beside", "id": 32, "target": "Doll_1"}, {"source": "Doll19_0", "label": "belowC", "id": 44, "target": "Desk_1"}, {"source": "Doll19_0", "label": "beside", "id": 46, "target": "Doll_0"}, {"source": "Dog02_1", "label": "on", "id": 84, "target": "Rug_0"}, {"source": "Doll_1", "label": "belowC", "id": 107, "target": "Plant_0"}]}