{"nodes": [{"y": 158, "x": 193, "size": 3, "id": "Doll03_0", "label": "person"}, {"y": 321, "x": 623, "size": 3, "id": "Squirrel_0", "label": "Squirrel"}, {"y": 38, "x": 335, "size": 3, "id": "cloud_0", "label": "cloud"}, {"y": 151, "x": 611, "size": 3, "id": "tree_0", "label": "tree"}, {"y": 33, "x": 48, "size": 3, "id": "sun_0", "label": "sun"}, {"y": 123, "x": 480, "size": 3, "id": "bush_0", "label": "bush"}], "edges": [{"source": "Squirrel_0", "label": "below", "id": 6, "target": "tree_0"}]}