{"nodes": [{"y": 323.8099365234375, "x": 496, "size": 3, "id": "Doll20_0", "label": "person"}, {"y": 301.8099365234375, "x": 377, "size": 3, "id": "Doll08_0", "label": "person"}, {"y": 292.8099365234375, "x": 262, "size": 3, "id": "Dog02_0", "label": "Dog"}, {"y": 99.80999755859375, "x": 323, "size": 3, "id": "Window02_0", "label": "Window"}, {"y": 153.8099365234375, "x": 601, "size": 3, "id": "Door_0", "label": "Door"}, {"y": 339.8099365234375, "x": 261, "size": 3, "id": "Footstool_0", "label": "Footstool"}, {"y": 262.8099365234375, "x": 110, "size": 3, "id": "Couch_0", "label": "Couch"}, {"y": 379.8099365234375, "x": 665, "size": 3, "id": "Toy_0", "label": "Toy"}, {"y": 345.8099365234375, "x": 603, "size": 4, "id": "Doll_0", "label": "Doll"}, {"y": 231.8099365234375, "x": 119, "size": 3, "id": "Pillow_0", "label": "Pillow"}, {"y": 308.8099365234375, "x": 601, "size": 3, "id": "Dollhouse_0", "label": "Dollhouse"}], "edges": [{"source": "Doll20_0", "label": "beside", "id": 0, "target": "Doll08_0"}, {"source": "Doll20_0", "label": "near", "id": 1, "target": "Dog02_0"}, {"source": "Doll20_0", "label": "near", "id": 6, "target": "Toy_0"}, {"source": "Doll20_0", "label": "beside", "id": 7, "target": "Doll_0"}, {"source": "Doll20_0", "label": "beside", "id": 9, "target": "Dollhouse_0"}, {"source": "Doll08_0", "label": "beside", "id": 10, "target": "Dog02_0"}, {"source": "Doll08_0", "label": "beside", "id": 13, "target": "Footstool_0"}, {"source": "Doll08_0", "label": "near", "id": 15, "target": "Toy_0"}, {"source": "Dog02_0", "label": "aboveC", "id": 21, "target": "Footstool_0"}, {"source": "Couch_0", "label": "surrounds", "id": 47, "target": "Pillow_0"}, {"source": "Toy_0", "label": "belowC", "id": 51, "target": "Dollhouse_0"}, {"source": "Doll_0", "label": "on", "id": 53, "target": "Dollhouse_0"}]}