{"nodes": [{"y": 296, "x": 557, "size": 3, "id": "Doll11_0", "label": "person"}, {"y": 181, "x": 407, "size": 3, "id": "Doll18_0", "label": "person"}, {"y": 358, "x": 344, "size": 3, "id": "monkeybars_0", "label": "monkeybars"}, {"y": 76, "x": 658, "size": 3, "id": "sun_0", "label": "sun"}, {"y": 242, "x": 593, "size": 1, "id": "seesaw_0", "label": "seesaw"}, {"y": 212, "x": 236, "size": 1, "id": "sandbox_0", "label": "sandbox"}, {"y": 42, "x": 100, "size": 3, "id": "cloud_0", "label": "cloud"}, {"y": 68, "x": 192, "size": 3, "id": "cloud_1", "label": "cloud"}, {"y": 230, "x": 83, "size": 1, "id": "slide_0", "label": "slide"}], "edges": [{"source": "Doll11_0", "label": "near", "id": 0, "target": "Doll18_0"}, {"source": "Doll18_0", "label": "above", "id": 8, "target": "monkeybars_0"}]}