{"nodes": [{"y": 186, "x": 462, "size": 2, "id": "Doll13_0", "label": "person"}, {"y": 87, "x": 153, "size": 3, "id": "Owl_0", "label": "Owl"}, {"y": 149, "x": 608, "size": 5, "id": "moon_0", "label": "moon"}, {"y": 241, "x": 469, "size": 2, "id": "log_0", "label": "log"}, {"y": 324, "x": 462, "size": 4, "id": "log_1", "label": "log"}, {"y": 307, "x": 270, "size": 5, "id": "log_2", "label": "log"}, {"y": 241, "x": 317, "size": 1, "id": "log_3", "label": "log"}, {"y": 170, "x": 64, "size": 3, "id": "bush_0", "label": "bush"}, {"y": 194, "x": 146, "size": 3, "id": "bush_1", "label": "bush"}, {"y": 158, "x": 209, "size": 2, "id": "bush_2", "label": "bush"}, {"y": 191, "x": 380, "size": 3, "id": "marshmallow_0", "label": "marshmallow"}, {"y": 248, "x": 371, "size": 5, "id": "campfire_0", "label": "campfire"}], "edges": [{"source": "Doll13_0", "label": "aboveC", "id": 2, "target": "log_0"}, {"source": "Doll13_0", "label": "near", "id": 5, "target": "log_3"}, {"source": "Doll13_0", "label": "near", "id": 9, "target": "marshmallow_0"}, {"source": "bush_0", "label": "on", "id": 56, "target": "bush_1"}]}