{"nodes": [{"y": 196, "x": 142, "size": 3, "id": "Doll15_0", "label": "person"}, {"y": 209, "x": 102, "size": 3, "id": "Doll16_0", "label": "person"}, {"y": 134, "x": 502, "size": 3, "id": "bush_0", "label": "bush"}, {"y": 117, "x": 615, "size": 3, "id": "bush_1", "label": "bush"}, {"y": 134, "x": 391, "size": 3, "id": "bush_2", "label": "bush"}, {"y": 116, "x": 264, "size": 3, "id": "bush_3", "label": "bush"}, {"y": 265, "x": 117, "size": 3, "id": "log_0", "label": "log"}, {"y": 337, "x": 396, "size": 3, "id": "pail_0", "label": "pail"}, {"y": 298, "x": 397, "size": 3, "id": "shovel_0", "label": "shovel"}, {"y": 159, "x": 153, "size": 3, "id": "apple_0", "label": "apple"}], "edges": [{"source": "Doll15_0", "label": "beside", "id": 0, "target": "Doll16_0"}, {"source": "Doll15_0", "label": "aboveC", "id": 5, "target": "log_0"}, {"source": "Doll15_0", "label": "belowC", "id": 8, "target": "apple_0"}, {"source": "Doll16_0", "label": "aboveC", "id": 13, "target": "log_0"}, {"source": "Doll16_0", "label": "beside", "id": 16, "target": "apple_0"}, {"source": "apple_0", "label": "above", "id": 41, "target": "log_0"}, {"source": "pail_0", "label": "belowC", "id": 42, "target": "shovel_0"}]}