{"nodes": [{"y": 260, "x": 376, "size": 3, "id": "Doll15_0", "label": "person"}, {"y": 334, "x": 595, "size": 3, "id": "Puppy02_0", "label": "Puppy"}, {"y": 73, "x": 475, "size": 3, "id": "Picture_0", "label": "Picture"}, {"y": 340, "x": 497, "size": 3, "id": "Rug_0", "label": "Rug"}, {"y": 229, "x": 473, "size": 3, "id": "Fireplace_0", "label": "Fireplace"}, {"y": 145, "x": 99, "size": 3, "id": "Bookshelf_0", "label": "Bookshelf"}, {"y": 248, "x": 245, "size": 3, "id": "Plant_0", "label": "Plant"}], "edges": [{"source": "Doll15_0", "label": "near", "id": 0, "target": "Puppy02_0"}, {"source": "Doll15_0", "label": "beside", "id": 2, "target": "Rug_0"}, {"source": "Doll15_0", "label": "beside", "id": 3, "target": "Fireplace_0"}, {"source": "Doll15_0", "label": "beside", "id": 5, "target": "Plant_0"}, {"source": "Rug_0", "label": "surrounds", "id": 7, "target": "Puppy02_0"}, {"source": "Rug_0", "label": "belowC", "id": 15, "target": "Fireplace_0"}]}