{"nodes": [{"y": 185, "x": 212, "size": 3, "id": "Doll15_0", "label": "person"}, {"y": 204, "x": 438, "size": 3, "id": "Doll02_0", "label": "person"}, {"y": 51, "x": 383, "size": 3, "id": "Robin_0", "label": "Robin"}, {"y": 147, "x": 271, "size": 3, "id": "bush_0", "label": "bush"}, {"y": 170, "x": 653, "size": 3, "id": "bush_1", "label": "bush"}, {"y": 241, "x": 166, "size": 3, "id": "slide_0", "label": "slide"}, {"y": 260, "x": 378, "size": 5, "id": "blanket_0", "label": "blanket"}, {"y": 64, "x": 560, "size": 3, "id": "sun_0", "label": "sun"}, {"y": 218, "x": 470, "size": 3, "id": "log_0", "label": "log"}], "edges": [{"source": "Doll15_0", "label": "opposite", "id": 0, "target": "Doll02_0"}, {"source": "Doll15_0", "label": "on", "id": 2, "target": "bush_0"}, {"source": "Doll15_0", "label": "on", "id": 4, "target": "slide_0"}, {"source": "Doll02_0", "label": "beside", "id": 14, "target": "log_0"}]}