{"nodes": [{"y": 237, "x": 670, "size": 3, "id": "Doll04_0", "label": "person"}, {"y": 325, "x": 401, "size": 3, "id": "Puppy02_0", "label": "Puppy"}, {"y": 327, "x": 223, "size": 1, "id": "Puppy01_0", "label": "Puppy"}, {"y": 294, "x": 552, "size": 3, "id": "DiningTable_0", "label": "DiningTable"}, {"y": 201, "x": 263, "size": 3, "id": "Bookshelf_0", "label": "Bookshelf"}, {"y": 258, "x": 334, "size": 3, "id": "Plant_0", "label": "Plant"}, {"y": 111, "x": 599, "size": 3, "id": "Window02_0", "label": "Window"}, {"y": 156, "x": 285, "size": 3, "id": "Stapler_0", "label": "Stapler"}, {"y": 221, "x": 540, "size": 3, "id": "DishesSnack_0", "label": "DishesSnack"}, {"y": 248, "x": 557, "size": 3, "id": "DishesSnack_1", "label": "DishesSnack"}], "edges": [{"source": "Doll04_0", "label": "near", "id": 0, "target": "Puppy02_0"}, {"source": "Doll04_0", "label": "opposite_infront", "id": 1, "target": "Puppy01_0"}, {"source": "Doll04_0", "label": "beside", "id": 2, "target": "DiningTable_0"}, {"source": "Doll04_0", "label": "belowC", "id": 5, "target": "Window02_0"}, {"source": "Doll04_0", "label": "beside", "id": 7, "target": "DishesSnack_0"}, {"source": "Doll04_0", "label": "beside", "id": 8, "target": "DishesSnack_1"}, {"source": "Puppy02_0", "label": "near_infront", "id": 9, "target": "Puppy01_0"}, {"source": "Puppy02_0", "label": "belowC", "id": 12, "target": "Plant_0"}, {"source": "DishesSnack_0", "label": "aboveC", "id": 28, "target": "DiningTable_0"}, {"source": "DiningTable_0", "label": "surrounds", "id": 29, "target": "DishesSnack_1"}, {"source": "Bookshelf_0", "label": "surrounds", "id": 32, "target": "Stapler_0"}, {"source": "Stapler_0", "label": "aboveC", "id": 36, "target": "Plant_0"}, {"source": "DishesSnack_0", "label": "belowC", "id": 40, "target": "Window02_0"}, {"source": "DishesSnack_1", "label": "belowC", "id": 41, "target": "Window02_0"}, {"source": "DishesSnack_0", "label": "aboveC", "id": 44, "target": "DishesSnack_1"}]}