{"nodes": [{"y": 186, "x": 200, "size": 3, "id": "Doll01_0", "label": "person"}, {"y": 318, "x": 333, "size": 3, "id": "Footstool_0", "label": "Footstool"}, {"y": 329, "x": 420, "size": 3, "id": "Rug_0", "label": "Rug"}, {"y": 260, "x": 113, "size": 3, "id": "Sofa_0", "label": "Sofa"}, {"y": 101, "x": 416, "size": 3, "id": "Window03_0", "label": "Window"}, {"y": 311, "x": 608, "size": 3, "id": "CoffeeTable_0", "label": "CoffeeTable"}, {"y": 42, "x": 181, "size": 3, "id": "Picture_0", "label": "Picture"}, {"y": 56, "x": 599, "size": 3, "id": "Picture_1", "label": "Picture"}, {"y": 230, "x": 619, "size": 3, "id": "TV_0", "label": "TV"}], "edges": [{"source": "Doll01_0", "label": "near", "id": 0, "target": "Footstool_0"}, {"source": "Doll01_0", "label": "on", "id": 2, "target": "Sofa_0"}, {"source": "Doll01_0", "label": "belowC", "id": 5, "target": "Picture_0"}, {"source": "Rug_0", "label": "surrounds", "id": 8, "target": "Footstool_0"}, {"source": "CoffeeTable_0", "label": "belowC", "id": 32, "target": "TV_0"}]}