{"nodes": [{"y": 194, "x": 436, "size": 3, "id": "Doll06_0", "label": "person"}, {"y": 309, "x": 300, "size": 3, "id": "Turtle_0", "label": "Turtle"}, {"y": 286, "x": 311, "size": 4, "id": "pond_0", "label": "pond"}, {"y": 138, "x": 96, "size": 4, "id": "tree_0", "label": "tree"}, {"y": 257, "x": 637, "size": 4, "id": "tree_1", "label": "tree"}, {"y": 323, "x": 127, "size": 3, "id": "sidewalk_0", "label": "sidewalk"}, {"y": 182, "x": 229, "size": 3, "id": "bench_0", "label": "bench"}, {"y": 350, "x": 83, "size": 3, "id": "bush_0", "label": "bush"}, {"y": 185, "x": 443, "size": 3, "id": "bush_1", "label": "bush"}, {"y": 55, "x": 621, "size": 3, "id": "sun_0", "label": "sun"}, {"y": 247, "x": 441, "size": 3, "id": "log_0", "label": "log"}, {"y": 155, "x": 292, "size": 5, "id": "soccer_0", "label": "soccer"}], "edges": [{"source": "Doll06_0", "label": "near", "id": 0, "target": "Turtle_0"}, {"source": "Doll06_0", "label": "belowC", "id": 7, "target": "bush_1"}, {"source": "Doll06_0", "label": "aboveC", "id": 9, "target": "log_0"}, {"source": "pond_0", "label": "surrounds", "id": 11, "target": "Turtle_0"}, {"source": "sidewalk_0", "label": "surrounds", "id": 14, "target": "Turtle_0"}, {"source": "bench_0", "label": "surrounds", "id": 55, "target": "soccer_0"}, {"source": "bush_1", "label": "aboveC", "id": 61, "target": "log_0"}]}