{"nodes": [{"y": 188, "x": 521, "size": 3, "id": "Doll03_0", "label": "person"}, {"y": 237, "x": 159, "size": 3, "id": "Doll04_0", "label": "person"}, {"y": 323, "x": 500, "size": 3, "id": "Doll12_0", "label": "person"}, {"y": 255, "x": 337, "size": 1, "id": "Doll16_0", "label": "person"}, {"y": 297, "x": 348, "size": 3, "id": "Kitten02_0", "label": "Kitten"}, {"y": 327, "x": 417, "size": 3, "id": "Puppy01_0", "label": "Puppy"}, {"y": 338, "x": 349, "size": 3, "id": "Footstool_0", "label": "Footstool"}, {"y": 97, "x": 157, "size": 3, "id": "Picture_0", "label": "Picture"}, {"y": 229, "x": 513, "size": 3, "id": "Chair02_0", "label": "Chair"}, {"y": 116, "x": 330, "size": 3, "id": "Window05_0", "label": "Window"}, {"y": 205, "x": 662, "size": 1, "id": "CoatRack_0", "label": "CoatRack"}, {"y": 280, "x": 126, "size": 3, "id": "Couch_0", "label": "Couch"}], "edges": [{"source": "Doll03_0", "label": "opposite", "id": 0, "target": "Doll04_0"}, {"source": "Doll03_0", "label": "above", "id": 1, "target": "Doll12_0"}, {"source": "Doll03_0", "label": "near_infront", "id": 2, "target": "Doll16_0"}, {"source": "Doll03_0", "label": "near", "id": 3, "target": "Kitten02_0"}, {"source": "Doll03_0", "label": "above", "id": 4, "target": "Puppy01_0"}, {"source": "Doll03_0", "label": "on", "id": 7, "target": "Chair02_0"}, {"source": "Doll04_0", "label": "opposite", "id": 11, "target": "Doll12_0"}, {"source": "Doll04_0", "label": "near_infront", "id": 12, "target": "Doll16_0"}, {"source": "Doll04_0", "label": "near", "id": 13, "target": "Kitten02_0"}, {"source": "Doll04_0", "label": "near", "id": 14, "target": "Puppy01_0"}, {"source": "Doll04_0", "label": "on", "id": 20, "target": "Couch_0"}, {"source": "Doll12_0", "label": "near_infront", "id": 21, "target": "Doll16_0"}, {"source": "Doll12_0", "label": "near", "id": 22, "target": "Kitten02_0"}, {"source": "Doll12_0", "label": "beside", "id": 23, "target": "Puppy01_0"}, {"source": "Doll12_0", "label": "belowC", "id": 26, "target": "Chair02_0"}, {"source": "Doll16_0", "label": "above_behind", "id": 30, "target": "Kitten02_0"}, {"source": "Doll16_0", "label": "beside_behind", "id": 31, "target": "Puppy01_0"}, {"source": "Kitten02_0", "label": "beside", "id": 38, "target": "Puppy01_0"}, {"source": "Kitten02_0", "label": "aboveC", "id": 39, "target": "Footstool_0"}]}