{"nodes": [{"y": 266, "x": 248, "size": 3, "id": "Doll17_0", "label": "person"}, {"y": 232, "x": 537, "size": 3, "id": "Doll20_0", "label": "person"}, {"y": 154, "x": 67, "size": 3, "id": "bush_0", "label": "bush"}, {"y": 113, "x": 231, "size": 3, "id": "bush_1", "label": "bush"}, {"y": 347, "x": 658, "size": 3, "id": "bush_2", "label": "bush"}, {"y": 143, "x": 647, "size": 3, "id": "bush_3", "label": "bush"}, {"y": 228, "x": 200, "size": 3, "id": "slide_0", "label": "slide"}, {"y": 272, "x": 512, "size": 1, "id": "sandbox_0", "label": "sandbox"}, {"y": 47, "x": 569, "size": 1, "id": "sun_0", "label": "sun"}, {"y": 243, "x": 488, "size": 3, "id": "shovel_0", "label": "shovel"}], "edges": [{"source": "Doll17_0", "label": "opposite", "id": 0, "target": "Doll20_0"}, {"source": "Doll17_0", "label": "on", "id": 5, "target": "slide_0"}, {"source": "Doll20_0", "label": "beside", "id": 16, "target": "shovel_0"}]}