{"nodes": [{"y": 259, "x": 240, "size": 3, "id": "Doll03_0", "label": "person"}, {"y": 290, "x": 514, "size": 5, "id": "Dog02_0", "label": "Dog"}, {"y": 162, "x": 85, "size": 3, "id": "Door_0", "label": "Door"}, {"y": 134, "x": 501, "size": 3, "id": "Window02_0", "label": "Window"}, {"y": 176, "x": 342, "size": 3, "id": "DogBone_0", "label": "DogBone"}, {"y": 290, "x": 509, "size": 5, "id": "PetBed_0", "label": "PetBed"}], "edges": [{"source": "Doll03_0", "label": "near_behind", "id": 0, "target": "Dog02_0"}, {"source": "Doll03_0", "label": "beside", "id": 3, "target": "DogBone_0"}, {"source": "PetBed_0", "label": "surrounds", "id": 8, "target": "Dog02_0"}]}