{"nodes": [{"y": 304, "x": 426, "size": 3, "id": "Doll16_0", "label": "person"}, {"y": 92, "x": 610, "size": 3, "id": "Window03_0", "label": "Window"}, {"y": 95, "x": 125, "size": 3, "id": "Window03_1", "label": "Window"}, {"y": 260, "x": 466, "size": 3, "id": "Plant_0", "label": "Plant"}, {"y": 277, "x": 608, "size": 3, "id": "Couch_0", "label": "Couch"}, {"y": 240, "x": 88, "size": 3, "id": "Chair02_0", "label": "Chair"}, {"y": 328, "x": 211, "size": 3, "id": "Doll_0", "label": "Doll"}, {"y": 309, "x": 248, "size": 3, "id": "Doll_1", "label": "Doll"}, {"y": 321, "x": 352, "size": 3, "id": "Doll_2", "label": "Doll"}, {"y": 371, "x": 199, "size": 3, "id": "Doll_3", "label": "Doll"}, {"y": 309, "x": 299, "size": 3, "id": "Doll_4", "label": "Doll"}], "edges": [{"source": "Doll16_0", "label": "belowC", "id": 2, "target": "Plant_0"}, {"source": "Doll16_0", "label": "near", "id": 4, "target": "Chair02_0"}, {"source": "Doll16_0", "label": "beside", "id": 7, "target": "Doll_2"}, {"source": "Doll16_0", "label": "beside", "id": 9, "target": "Doll_4"}, {"source": "Window03_1", "label": "aboveC", "id": 21, "target": "Chair02_0"}, {"source": "Doll_0", "label": "aboveC", "id": 47, "target": "Doll_3"}, {"source": "Doll_1", "label": "aboveC", "id": 50, "target": "Doll_3"}]}