{"nodes": [{"y": 212, "x": 557, "size": 1, "id": "Doll01_0", "label": "person"}, {"y": 249, "x": 151, "size": 3, "id": "Bluejay_0", "label": "Bluejay"}, {"y": 28, "x": 366, "size": 1, "id": "Duck02_0", "label": "Duck"}, {"y": 23, "x": 132, "size": 1, "id": "cloud_0", "label": "cloud"}, {"y": 21, "x": 254, "size": 1, "id": "cloud_1", "label": "cloud"}, {"y": 332, "x": 217, "size": 5, "id": "pond_0", "label": "pond"}, {"y": 269, "x": 78, "size": 3, "id": "bush_0", "label": "bush"}, {"y": 205, "x": 85, "size": 3, "id": "bush_1", "label": "bush"}, {"y": 299, "x": 569, "size": 4, "id": "bike_0", "label": "bike"}, {"y": 279, "x": 158, "size": 1, "id": "log_0", "label": "log"}, {"y": 338, "x": 41, "size": 5, "id": "flower_0", "label": "flower"}, {"y": 337, "x": 56, "size": 3, "id": "flower_1", "label": "flower"}, {"y": 325, "x": 40, "size": 3, "id": "flower_2", "label": "flower"}, {"y": 333, "x": 51, "size": 3, "id": "flower_3", "label": "flower"}, {"y": 338, "x": 28, "size": 3, "id": "flower_4", "label": "flower"}], "edges": [{"source": "Doll01_0", "label": "above_behind", "id": 7, "target": "bike_0"}, {"source": "bush_0", "label": "surrounds", "id": 18, "target": "Bluejay_0"}, {"source": "bush_0", "label": "belowC", "id": 69, "target": "bush_1"}, {"source": "flower_1", "label": "belowC", "id": 73, "target": "bush_0"}, {"source": "flower_2", "label": "on", "id": 74, "target": "bush_0"}, {"source": "flower_3", "label": "belowC", "id": 75, "target": "bush_0"}, {"source": "flower_1", "label": "on", "id": 100, "target": "flower_3"}, {"source": "flower_2", "label": "aboveC", "id": 103, "target": "flower_4"}]}