{"nodes": [{"y": 194, "x": 331, "size": 3, "id": "Doll06_0", "label": "person"}, {"y": 350, "x": 359, "size": 3, "id": "Doll19_0", "label": "person"}, {"y": 299, "x": 596, "size": 5, "id": "Chair02_0", "label": "Chair"}, {"y": 312, "x": 118, "size": 5, "id": "Chair02_1", "label": "Chair"}, {"y": 173, "x": 544, "size": 4, "id": "Plant_0", "label": "Plant"}, {"y": 177, "x": 163, "size": 4, "id": "Plant_1", "label": "Plant"}, {"y": 262, "x": 550, "size": 3, "id": "Stool_0", "label": "Stool"}, {"y": 265, "x": 164, "size": 3, "id": "Stool_1", "label": "Stool"}, {"y": 67, "x": 358, "size": 5, "id": "Picture_0", "label": "Picture"}, {"y": 219, "x": 355, "size": 3, "id": "Couch_0", "label": "Couch"}, {"y": 91, "x": 123, "size": 3, "id": "Window05_0", "label": "Window"}, {"y": 93, "x": 584, "size": 3, "id": "Window05_1", "label": "Window"}, {"y": 183, "x": 648, "size": 3, "id": "CoatRack_0", "label": "CoatRack"}, {"y": 330, "x": 286, "size": 3, "id": "Dollhouse_0", "label": "Dollhouse"}, {"y": 350, "x": 427, "size": 3, "id": "BuildingToy_0", "label": "BuildingToy"}, {"y": 375, "x": 437, "size": 3, "id": "BuildingToy_1", "label": "BuildingToy"}], "edges": [{"source": "Doll06_0", "label": "above", "id": 0, "target": "Doll19_0"}, {"source": "Doll06_0", "label": "on", "id": 8, "target": "Couch_0"}, {"source": "Doll06_0", "label": "above", "id": 12, "target": "Dollhouse_0"}, {"source": "Doll06_0", "label": "above", "id": 13, "target": "BuildingToy_0"}, {"source": "Doll06_0", "label": "above", "id": 14, "target": "BuildingToy_1"}, {"source": "Doll19_0", "label": "below", "id": 22, "target": "Couch_0"}, {"source": "Doll19_0", "label": "beside", "id": 26, "target": "Dollhouse_0"}, {"source": "Doll19_0", "label": "beside", "id": 28, "target": "BuildingToy_1"}, {"source": "Plant_0", "label": "aboveC", "id": 55, "target": "Stool_0"}, {"source": "Plant_0", "label": "belowC", "id": 60, "target": "Window05_1"}, {"source": "Plant_1", "label": "aboveC", "id": 66, "target": "Stool_1"}, {"source": "BuildingToy_0", "label": "aboveC", "id": 119, "target": "BuildingToy_1"}]}