{"nodes": [{"y": 291, "x": 442, "size": 3, "id": "Doll12_0", "label": "person"}, {"y": 323, "x": 467, "size": 3, "id": "Deer_0", "label": "Deer"}, {"y": 322, "x": 192, "size": 3, "id": "sidewalk_0", "label": "sidewalk"}, {"y": 375, "x": 76, "size": 3, "id": "bush_0", "label": "bush"}, {"y": 275, "x": 637, "size": 3, "id": "bush_1", "label": "bush"}, {"y": 303, "x": 622, "size": 3, "id": "bush_2", "label": "bush"}, {"y": 294, "x": 157, "size": 3, "id": "bike_0", "label": "bike"}, {"y": 85, "x": 542, "size": 3, "id": "cloud_0", "label": "cloud"}, {"y": 45, "x": 325, "size": 3, "id": "cloud_1", "label": "cloud"}, {"y": 120, "x": 340, "size": 3, "id": "cloud_2", "label": "cloud"}, {"y": 57, "x": 130, "size": 3, "id": "cloud_3", "label": "cloud"}, {"y": 66, "x": 651, "size": 3, "id": "sun_0", "label": "sun"}, {"y": 163, "x": 544, "size": 3, "id": "seesaw_0", "label": "seesaw"}], "edges": [{"source": "Doll12_0", "label": "aboveC", "id": 0, "target": "Deer_0"}, {"source": "sidewalk_0", "label": "beside", "id": 26, "target": "bike_0"}, {"source": "bush_1", "label": "on", "id": 42, "target": "bush_2"}]}