{"nodes": [{"y": 170, "x": 647, "size": 4, "id": "Doll12_0", "label": "person"}, {"y": 155, "x": 233, "size": 1, "id": "Doll15_0", "label": "person"}, {"y": 19, "x": 97, "size": 3, "id": "Bird_0", "label": "Bird"}, {"y": 58, "x": 360, "size": 3, "id": "Butterfly01_0", "label": "Butterfly"}, {"y": 143, "x": 357, "size": 3, "id": "slide_0", "label": "slide"}, {"y": 13, "x": 651, "size": 3, "id": "sun_0", "label": "sun"}, {"y": 363, "x": 646, "size": 3, "id": "bush_0", "label": "bush"}, {"y": 352, "x": 556, "size": 5, "id": "bush_1", "label": "bush"}, {"y": 339, "x": 309, "size": 3, "id": "bush_2", "label": "bush"}, {"y": 354, "x": 431, "size": 3, "id": "bush_3", "label": "bush"}, {"y": 218, "x": 109, "size": 5, "id": "tree_0", "label": "tree"}, {"y": 346, "x": 80, "size": 3, "id": "soccer_0", "label": "soccer"}], "edges": [{"source": "Doll12_0", "label": "opposite_infront", "id": 0, "target": "Doll15_0"}, {"source": "Doll15_0", "label": "near_behind", "id": 13, "target": "slide_0"}, {"source": "tree_0", "label": "surrounds", "id": 65, "target": "soccer_0"}]}