{"nodes": [{"y": 271, "x": 635, "size": 1, "id": "Doll04_0", "label": "person"}, {"y": 98, "x": 671, "size": 3, "id": "Butterfly02_0", "label": "Butterfly"}, {"y": 237, "x": 131, "size": 3, "id": "Finch_0", "label": "Finch"}, {"y": 229, "x": 581, "size": 3, "id": "Finch_1", "label": "Finch"}, {"y": 239, "x": 162, "size": 3, "id": "Finch_2", "label": "Finch"}, {"y": 153, "x": 96, "size": 4, "id": "bush_0", "label": "bush"}, {"y": 136, "x": 658, "size": 3, "id": "bush_1", "label": "bush"}, {"y": 145, "x": 228, "size": 3, "id": "bush_2", "label": "bush"}, {"y": 127, "x": 541, "size": 3, "id": "bush_3", "label": "bush"}, {"y": 44, "x": 515, "size": 3, "id": "cloud_0", "label": "cloud"}, {"y": 49, "x": 116, "size": 3, "id": "cloud_1", "label": "cloud"}, {"y": 73, "x": 372, "size": 3, "id": "sun_0", "label": "sun"}, {"y": 297, "x": 600, "size": 1, "id": "bench_0", "label": "bench"}, {"y": 326, "x": 192, "size": 3, "id": "sidewalk_0", "label": "sidewalk"}], "edges": [{"source": "Doll04_0", "label": "opposite_behind", "id": 1, "target": "Finch_0"}, {"source": "Doll04_0", "label": "beside_behind", "id": 2, "target": "Finch_1"}, {"source": "Doll04_0", "label": "opposite_behind", "id": 3, "target": "Finch_2"}, {"source": "Doll04_0", "label": "on", "id": 11, "target": "bench_0"}, {"source": "bush_1", "label": "surrounds", "id": 17, "target": "Butterfly02_0"}, {"source": "Finch_0", "label": "opposite", "id": 25, "target": "Finch_1"}, {"source": "Finch_0", "label": "beside", "id": 26, "target": "Finch_2"}, {"source": "Finch_0", "label": "above", "id": 35, "target": "sidewalk_0"}, {"source": "Finch_1", "label": "opposite", "id": 36, "target": "Finch_2"}, {"source": "Finch_2", "label": "above", "id": 54, "target": "sidewalk_0"}]}