{"nodes": [{"y": 203, "x": 245, "size": 3, "id": "Deer_0", "label": "Deer"}, {"y": 231, "x": 102, "size": 3, "id": "tree_0", "label": "tree"}, {"y": 156, "x": 675, "size": 3, "id": "tree_1", "label": "tree"}, {"y": 216, "x": 591, "size": 3, "id": "bush_0", "label": "bush"}, {"y": 205, "x": 460, "size": 3, "id": "bush_1", "label": "bush"}, {"y": 269, "x": 288, "size": 3, "id": "pond_0", "label": "pond"}], "edges": [{"source": "tree_0", "label": "surrounds", "id": 0, "target": "Deer_0"}, {"source": "Deer_0", "label": "above", "id": 4, "target": "pond_0"}]}