{"nodes": [{"y": 224, "x": 328, "size": 3, "id": "Doll11_0", "label": "person"}, {"y": 39, "x": 323, "size": 3, "id": "sun_0", "label": "sun"}, {"y": 295, "x": 122, "size": 3, "id": "grill_0", "label": "grill"}, {"y": 144, "x": 515, "size": 3, "id": "tree_0", "label": "tree"}, {"y": 241, "x": 126, "size": 3, "id": "ribs_0", "label": "ribs"}, {"y": 241, "x": 105, "size": 3, "id": "tongs_0", "label": "tongs"}], "edges": [{"source": "ribs_0", "label": "on", "id": 10, "target": "grill_0"}, {"source": "tongs_0", "label": "on", "id": 11, "target": "grill_0"}, {"source": "ribs_0", "label": "on", "id": 14, "target": "tongs_0"}]}