{"nodes": [{"y": 108, "x": 159, "size": 3, "id": "Doll08_0", "label": "person"}, {"y": 240, "x": 228, "size": 1, "id": "sidewalk_0", "label": "sidewalk"}, {"y": 325, "x": 449, "size": 5, "id": "sidewalk_1", "label": "sidewalk"}, {"y": 52, "x": 690, "size": 3, "id": "sun_0", "label": "sun"}, {"y": 286, "x": 236, "size": 3, "id": "bush_0", "label": "bush"}, {"y": 189, "x": 42, "size": 3, "id": "bush_1", "label": "bush"}, {"y": 185, "x": 398, "size": 1, "id": "bench_0", "label": "bench"}, {"y": 248, "x": 623, "size": 3, "id": "bench_1", "label": "bench"}], "edges": [{"source": "Doll08_0", "label": "above_infront", "id": 0, "target": "sidewalk_0"}]}