{"nodes": [{"y": 250, "x": 474, "size": 3, "id": "Doll07_0", "label": "person"}, {"y": 263, "x": 271, "size": 3, "id": "Doll08_0", "label": "person"}, {"y": 164, "x": 655, "size": 3, "id": "bush_0", "label": "bush"}, {"y": 184, "x": 508, "size": 3, "id": "bush_1", "label": "bush"}, {"y": 139, "x": 218, "size": 3, "id": "bush_2", "label": "bush"}, {"y": 191, "x": 109, "size": 3, "id": "bush_3", "label": "bush"}, {"y": 118, "x": 606, "size": 3, "id": "tree_0", "label": "tree"}, {"y": 84, "x": 162, "size": 3, "id": "tree_1", "label": "tree"}, {"y": 211, "x": 419, "size": 3, "id": "cup_0", "label": "cup"}, {"y": 205, "x": 353, "size": 3, "id": "cup_1", "label": "cup"}], "edges": [{"source": "Doll07_0", "label": "opposite", "id": 0, "target": "Doll08_0"}, {"source": "Doll07_0", "label": "belowC", "id": 2, "target": "bush_1"}, {"source": "Doll07_0", "label": "on", "id": 5, "target": "tree_0"}, {"source": "Doll07_0", "label": "beside", "id": 7, "target": "cup_0"}, {"source": "Doll07_0", "label": "near", "id": 8, "target": "cup_1"}, {"source": "Doll08_0", "label": "near", "id": 15, "target": "cup_0"}, {"source": "Doll08_0", "label": "near", "id": 16, "target": "cup_1"}, {"source": "tree_0", "label": "surrounds", "id": 20, "target": "bush_0"}, {"source": "tree_0", "label": "surrounds", "id": 26, "target": "bush_1"}, {"source": "cup_0", "label": "on", "id": 28, "target": "bush_1"}, {"source": "tree_1", "label": "surrounds", "id": 32, "target": "bush_2"}, {"source": "bush_3", "label": "on", "id": 36, "target": "tree_1"}, {"source": "cup_0", "label": "beside", "id": 44, "target": "cup_1"}]}