{"nodes": [{"y": 171, "x": 142, "size": 3, "id": "Doll01_0", "label": "person"}, {"y": 183, "x": 194, "size": 3, "id": "Doll20_0", "label": "person"}, {"y": 151, "x": 244, "size": 3, "id": "Doll04_0", "label": "person"}, {"y": 274, "x": 441, "size": 3, "id": "Dog01_0", "label": "Dog"}, {"y": 99, "x": 627, "size": 3, "id": "cloud_0", "label": "cloud"}, {"y": 36, "x": 80, "size": 3, "id": "cloud_1", "label": "cloud"}, {"y": 208, "x": 200, "size": 3, "id": "bench_0", "label": "bench"}, {"y": 73, "x": 167, "size": 3, "id": "tree_0", "label": "tree"}, {"y": 100, "x": 414, "size": 3, "id": "tree_1", "label": "tree"}, {"y": 51, "x": 581, "size": 3, "id": "sun_0", "label": "sun"}, {"y": 319, "x": 665, "size": 3, "id": "soccer_0", "label": "soccer"}], "edges": [{"source": "Doll01_0", "label": "beside", "id": 0, "target": "Doll20_0"}, {"source": "Doll01_0", "label": "near", "id": 1, "target": "Doll04_0"}, {"source": "Doll01_0", "label": "opposite", "id": 2, "target": "Dog01_0"}, {"source": "Doll01_0", "label": "on", "id": 5, "target": "bench_0"}, {"source": "Doll01_0", "label": "on", "id": 6, "target": "tree_0"}, {"source": "Doll20_0", "label": "beside", "id": 10, "target": "Doll04_0"}, {"source": "Doll20_0", "label": "opposite", "id": 11, "target": "Dog01_0"}, {"source": "bench_0", "label": "surrounds", "id": 14, "target": "Doll20_0"}, {"source": "Doll20_0", "label": "on", "id": 15, "target": "tree_0"}, {"source": "Doll04_0", "label": "opposite", "id": 19, "target": "Dog01_0"}, {"source": "Doll04_0", "label": "on", "id": 22, "target": "bench_0"}, {"source": "cloud_0", "label": "belowC", "id": 38, "target": "sun_0"}]}