{"nodes": [{"y": 185, "x": 327, "size": 3, "id": "Doll04_0", "label": "person"}, {"y": 389, "x": 366, "size": 3, "id": "Dog02_0", "label": "Dog"}, {"y": 366, "x": 189, "size": 3, "id": "Cat02_0", "label": "Cat"}, {"y": 191, "x": 63, "size": 3, "id": "CoatRack_0", "label": "CoatRack"}, {"y": 170, "x": 475, "size": 3, "id": "CoatRack_1", "label": "CoatRack"}, {"y": 67, "x": 287, "size": 3, "id": "Picture_0", "label": "Picture"}, {"y": 364, "x": 493, "size": 3, "id": "Table_0", "label": "Table"}, {"y": 252, "x": 271, "size": 3, "id": "Sofa_0", "label": "Sofa"}, {"y": 264, "x": 431, "size": 3, "id": "Plant_0", "label": "Plant"}, {"y": 264, "x": 517, "size": 3, "id": "Plant_1", "label": "Plant"}, {"y": 83, "x": 644, "size": 3, "id": "Window02_0", "label": "Window"}, {"y": 76, "x": 54, "size": 3, "id": "Window02_1", "label": "Window"}, {"y": 271, "x": 563, "size": 3, "id": "Stool_0", "label": "Stool"}, {"y": 270, "x": 641, "size": 3, "id": "Stool_1", "label": "Stool"}, {"y": 351, "x": 433, "size": 3, "id": "Rug_0", "label": "Rug"}, {"y": 207, "x": 326, "size": 3, "id": "wine_0", "label": "wine"}], "edges": [{"source": "Doll04_0", "label": "above", "id": 0, "target": "Dog02_0"}, {"source": "Doll04_0", "label": "on", "id": 6, "target": "Sofa_0"}, {"source": "Doll04_0", "label": "above", "id": 13, "target": "Rug_0"}, {"source": "Doll04_0", "label": "aboveC", "id": 14, "target": "wine_0"}, {"source": "Dog02_0", "label": "on", "id": 27, "target": "Rug_0"}, {"source": "Table_0", "label": "on", "id": 82, "target": "Rug_0"}, {"source": "Sofa_0", "label": "surrounds", "id": 91, "target": "wine_0"}, {"source": "Plant_0", "label": "aboveC", "id": 97, "target": "Rug_0"}]}