{"nodes": [{"y": 267, "x": 166, "size": 3, "id": "Doll03_0", "label": "person"}, {"y": 101, "x": 323, "size": 3, "id": "Bluejay_0", "label": "Bluejay"}, {"y": 45, "x": 639, "size": 3, "id": "sun_0", "label": "sun"}, {"y": 129, "x": 105, "size": 3, "id": "tree_0", "label": "tree"}, {"y": 190, "x": 645, "size": 3, "id": "bush_0", "label": "bush"}, {"y": 384, "x": 693, "size": 3, "id": "bush_1", "label": "bush"}, {"y": 172, "x": 533, "size": 3, "id": "bush_2", "label": "bush"}, {"y": 192, "x": 429, "size": 3, "id": "bush_3", "label": "bush"}, {"y": 337, "x": 503, "size": 3, "id": "sidewalk_0", "label": "sidewalk"}, {"y": 342, "x": 232, "size": 3, "id": "blanket_0", "label": "blanket"}, {"y": 363, "x": 192, "size": 3, "id": "pie_0", "label": "pie"}, {"y": 318, "x": 291, "size": 3, "id": "basket_0", "label": "basket"}, {"y": 42, "x": 112, "size": 3, "id": "nest_0", "label": "nest"}], "edges": [{"source": "Doll03_0", "label": "on", "id": 2, "target": "tree_0"}, {"source": "Doll03_0", "label": "above", "id": 8, "target": "blanket_0"}, {"source": "Doll03_0", "label": "above", "id": 9, "target": "pie_0"}, {"source": "Doll03_0", "label": "near", "id": 10, "target": "basket_0"}, {"source": "tree_0", "label": "surrounds", "id": 41, "target": "nest_0"}, {"source": "blanket_0", "label": "surrounds", "id": 72, "target": "pie_0"}, {"source": "basket_0", "label": "on", "id": 73, "target": "blanket_0"}]}