{"nodes": [{"y": 199, "x": 461, "size": 3, "id": "Doll03_0", "label": "person"}, {"y": 360, "x": 267, "size": 3, "id": "Puppy02_0", "label": "Puppy"}, {"y": 116, "x": 248, "size": 3, "id": "Window02_0", "label": "Window"}, {"y": 315, "x": 108, "size": 3, "id": "Chair02_0", "label": "Chair"}, {"y": 247, "x": 264, "size": 3, "id": "Plant_0", "label": "Plant"}, {"y": 267, "x": 527, "size": 3, "id": "Sofa_0", "label": "Sofa"}, {"y": 203, "x": 479, "size": 3, "id": "Notebook_0", "label": "Notebook"}], "edges": [{"source": "Doll03_0", "label": "near", "id": 0, "target": "Puppy02_0"}, {"source": "Doll03_0", "label": "near", "id": 2, "target": "Chair02_0"}, {"source": "Doll03_0", "label": "on", "id": 4, "target": "Sofa_0"}, {"source": "Doll03_0", "label": "beside", "id": 5, "target": "Notebook_0"}, {"source": "Puppy02_0", "label": "belowC", "id": 8, "target": "Plant_0"}, {"source": "Window02_0", "label": "aboveC", "id": 12, "target": "Plant_0"}, {"source": "Sofa_0", "label": "surrounds", "id": 20, "target": "Notebook_0"}]}