{"nodes": [{"y": 262, "x": 391, "size": 3, "id": "Butterfly01_0", "label": "Butterfly"}, {"y": 261, "x": 443, "size": 3, "id": "Butterfly01_1", "label": "Butterfly"}, {"y": 297, "x": 393, "size": 3, "id": "Butterfly01_2", "label": "Butterfly"}, {"y": 327, "x": 463, "size": 3, "id": "Kitten02_0", "label": "Kitten"}, {"y": 82, "x": 187, "size": 3, "id": "cloud_0", "label": "cloud"}, {"y": 84, "x": 422, "size": 3, "id": "cloud_1", "label": "cloud"}, {"y": 174, "x": 600, "size": 3, "id": "tree_0", "label": "tree"}], "edges": [{"source": "Butterfly01_0", "label": "beside", "id": 0, "target": "Butterfly01_1"}, {"source": "Butterfly01_0", "label": "aboveC", "id": 1, "target": "Butterfly01_2"}, {"source": "Butterfly01_1", "label": "beside", "id": 6, "target": "Butterfly01_2"}, {"source": "Butterfly01_1", "label": "aboveC", "id": 7, "target": "Kitten02_0"}]}