{"nodes": [{"y": 298, "x": 320, "size": 3, "id": "Doll16_0", "label": "person"}, {"y": 319, "x": 387, "size": 5, "id": "Puppy02_0", "label": "Puppy"}, {"y": 102, "x": 499, "size": 3, "id": "Window03_0", "label": "Window"}, {"y": 152, "x": 131, "size": 3, "id": "Bookshelf_0", "label": "Bookshelf"}, {"y": 270, "x": 118, "size": 3, "id": "BuildingToy_0", "label": "BuildingToy"}, {"y": 216, "x": 122, "size": 3, "id": "Book_0", "label": "Book"}, {"y": 265, "x": 173, "size": 3, "id": "Doll_0", "label": "Doll"}], "edges": [{"source": "Doll16_0", "label": "beside_behind", "id": 0, "target": "Puppy02_0"}, {"source": "Doll16_0", "label": "near", "id": 2, "target": "Bookshelf_0"}, {"source": "Doll16_0", "label": "near", "id": 4, "target": "Book_0"}, {"source": "BuildingToy_0", "label": "on", "id": 15, "target": "Bookshelf_0"}, {"source": "Bookshelf_0", "label": "surrounds", "id": 16, "target": "Book_0"}, {"source": "Doll_0", "label": "on", "id": 17, "target": "Bookshelf_0"}, {"source": "BuildingToy_0", "label": "belowC", "id": 18, "target": "Book_0"}]}