{"nodes": [{"y": 286, "x": 112, "size": 3, "id": "Doll20_0", "label": "person"}, {"y": 128, "x": 103, "size": 3, "id": "Butterfly01_0", "label": "Butterfly"}, {"y": 95, "x": 107, "size": 3, "id": "Butterfly01_1", "label": "Butterfly"}, {"y": 120, "x": 128, "size": 3, "id": "Butterfly01_2", "label": "Butterfly"}, {"y": 285, "x": 582, "size": 3, "id": "Duck01_0", "label": "Duck"}, {"y": 284, "x": 654, "size": 3, "id": "Duck01_1", "label": "Duck"}, {"y": 128, "x": 479, "size": 3, "id": "tree_0", "label": "tree"}, {"y": 329, "x": 151, "size": 3, "id": "sandbox_0", "label": "sandbox"}, {"y": 145, "x": 533, "size": 3, "id": "beehive_0", "label": "beehive"}], "edges": [{"source": "Doll20_0", "label": "below", "id": 0, "target": "Butterfly01_0"}, {"source": "Doll20_0", "label": "below", "id": 2, "target": "Butterfly01_2"}, {"source": "Doll20_0", "label": "aboveC", "id": 6, "target": "sandbox_0"}, {"source": "Butterfly01_0", "label": "belowC", "id": 8, "target": "Butterfly01_1"}, {"source": "Butterfly01_0", "label": "beside", "id": 9, "target": "Butterfly01_2"}, {"source": "Butterfly01_1", "label": "aboveC", "id": 15, "target": "Butterfly01_2"}, {"source": "Duck01_0", "label": "beside", "id": 26, "target": "Duck01_1"}, {"source": "tree_0", "label": "surrounds", "id": 34, "target": "beehive_0"}]}