{"nodes": [{"y": 196, "x": 651, "size": 3, "id": "Doll19_0", "label": "person"}, {"y": 153, "x": 285, "size": 4, "id": "Doll02_0", "label": "person"}, {"y": 147, "x": 200, "size": 3, "id": "Doll11_0", "label": "person"}, {"y": 301, "x": 149, "size": 5, "id": "Dog02_0", "label": "Dog"}, {"y": 249, "x": 575, "size": 5, "id": "pond_0", "label": "pond"}, {"y": 186, "x": 651, "size": 2, "id": "log_0", "label": "log"}, {"y": 55, "x": 63, "size": 3, "id": "sun_0", "label": "sun"}, {"y": 83, "x": 426, "size": 3, "id": "tree_0", "label": "tree"}, {"y": 343, "x": 636, "size": 3, "id": "bush_0", "label": "bush"}, {"y": 251, "x": 586, "size": 3, "id": "lilypad_0", "label": "lilypad"}, {"y": 244, "x": 551, "size": 3, "id": "lilypad_1", "label": "lilypad"}], "edges": [{"source": "Doll19_0", "label": "opposite", "id": 0, "target": "Doll02_0"}, {"source": "Doll19_0", "label": "opposite", "id": 1, "target": "Doll11_0"}, {"source": "Doll19_0", "label": "opposite_behind", "id": 2, "target": "Dog02_0"}, {"source": "Doll19_0", "label": "on", "id": 4, "target": "log_0"}, {"source": "Doll19_0", "label": "above", "id": 7, "target": "bush_0"}, {"source": "Doll02_0", "label": "near", "id": 10, "target": "Doll11_0"}, {"source": "Doll02_0", "label": "aboveF", "id": 11, "target": "Dog02_0"}, {"source": "Doll11_0", "label": "aboveF_behind", "id": 19, "target": "Dog02_0"}, {"source": "pond_0", "label": "surrounds", "id": 38, "target": "lilypad_0"}, {"source": "pond_0", "label": "surrounds", "id": 39, "target": "lilypad_1"}]}