{"nodes": [{"y": 344, "x": 444, "size": 3, "id": "Doll11_0", "label": "person"}, {"y": 100, "x": 621, "size": 3, "id": "Window05_0", "label": "Window"}, {"y": 73, "x": 110, "size": 3, "id": "Window05_1", "label": "Window"}, {"y": 175, "x": 285, "size": 3, "id": "Bookshelf_0", "label": "Bookshelf"}, {"y": 357, "x": 401, "size": 3, "id": "Rug_0", "label": "Rug"}, {"y": 117, "x": 304, "size": 3, "id": "PopCan_0", "label": "PopCan"}, {"y": 372, "x": 492, "size": 3, "id": "Pillow_0", "label": "Pillow"}, {"y": 363, "x": 542, "size": 3, "id": "Pillow_1", "label": "Pillow"}, {"y": 354, "x": 567, "size": 3, "id": "Pillow_2", "label": "Pillow"}, {"y": 350, "x": 448, "size": 3, "id": "Doll_0", "label": "Doll"}], "edges": [{"source": "Doll11_0", "label": "below", "id": 2, "target": "Bookshelf_0"}, {"source": "Doll11_0", "label": "on", "id": 3, "target": "Rug_0"}, {"source": "Doll11_0", "label": "beside", "id": 5, "target": "Pillow_0"}, {"source": "Doll11_0", "label": "beside", "id": 6, "target": "Pillow_1"}, {"source": "Doll11_0", "label": "beside", "id": 7, "target": "Pillow_2"}, {"source": "Doll11_0", "label": "aboveC", "id": 8, "target": "Doll_0"}, {"source": "Bookshelf_0", "label": "above", "id": 24, "target": "Rug_0"}, {"source": "Bookshelf_0", "label": "surrounds", "id": 25, "target": "PopCan_0"}, {"source": "Rug_0", "label": "surrounds", "id": 31, "target": "Pillow_0"}, {"source": "Rug_0", "label": "surrounds", "id": 32, "target": "Pillow_1"}, {"source": "Rug_0", "label": "surrounds", "id": 33, "target": "Pillow_2"}, {"source": "Rug_0", "label": "surrounds", "id": 34, "target": "Doll_0"}]}