{"nodes": [{"y": 155, "x": 386, "size": 3, "id": "Doll16_0", "label": "person"}, {"y": 195, "x": 557, "size": 3, "id": "Kitten01_0", "label": "Kitten"}, {"y": 54, "x": 640, "size": 3, "id": "Owl_0", "label": "Owl"}, {"y": 259, "x": 636, "size": 3, "id": "bush_0", "label": "bush"}, {"y": 286, "x": 209, "size": 3, "id": "bush_1", "label": "bush"}, {"y": 154, "x": 57, "size": 3, "id": "bush_2", "label": "bush"}, {"y": 338, "x": 160, "size": 3, "id": "sidewalk_0", "label": "sidewalk"}, {"y": 37, "x": 143, "size": 3, "id": "sun_0", "label": "sun"}], "edges": [{"source": "Doll16_0", "label": "near", "id": 0, "target": "Kitten01_0"}, {"source": "Doll16_0", "label": "opposite", "id": 1, "target": "Owl_0"}, {"source": "Kitten01_0", "label": "below", "id": 7, "target": "Owl_0"}, {"source": "bush_1", "label": "on", "id": 23, "target": "sidewalk_0"}]}