{"nodes": [{"y": 215, "x": 508, "size": 3, "id": "Doll08_0", "label": "person"}, {"y": 202, "x": 206, "size": 3, "id": "Doll09_0", "label": "person"}, {"y": 226, "x": 611, "size": 3, "id": "Mouse_0", "label": "Mouse"}, {"y": 216, "x": 116, "size": 3, "id": "Mouse_1", "label": "Mouse"}, {"y": 144, "x": 74, "size": 3, "id": "Bookshelf_0", "label": "Bookshelf"}, {"y": 152, "x": 656, "size": 3, "id": "Bookshelf_1", "label": "Bookshelf"}, {"y": 357, "x": 203, "size": 3, "id": "Footstool_0", "label": "Footstool"}, {"y": 308, "x": 403, "size": 3, "id": "Footstool_1", "label": "Footstool"}, {"y": 234, "x": 210, "size": 3, "id": "Chair02_0", "label": "Chair"}, {"y": 240, "x": 519, "size": 3, "id": "Chair02_1", "label": "Chair"}, {"y": 270, "x": 365, "size": 3, "id": "Desk_0", "label": "Desk"}, {"y": 112, "x": 366, "size": 3, "id": "Window05_0", "label": "Window"}, {"y": 111, "x": 216, "size": 3, "id": "Window05_1", "label": "Window"}, {"y": 114, "x": 515, "size": 3, "id": "Window05_2", "label": "Window"}, {"y": 142, "x": 64, "size": 3, "id": "Toy_0", "label": "Toy"}, {"y": 225, "x": 671, "size": 3, "id": "Toy_1", "label": "Toy"}, {"y": 226, "x": 332, "size": 3, "id": "DishesMeal_0", "label": "DishesMeal"}, {"y": 231, "x": 395, "size": 3, "id": "DishesMeal_1", "label": "DishesMeal"}, {"y": 208, "x": 300, "size": 3, "id": "wine_0", "label": "wine"}, {"y": 208, "x": 422, "size": 3, "id": "wine_1", "label": "wine"}, {"y": 110, "x": 673, "size": 3, "id": "cup_0", "label": "cup"}, {"y": 110, "x": 628, "size": 3, "id": "cup_1", "label": "cup"}, {"y": 336, "x": 190, "size": 3, "id": "Book_0", "label": "Book"}, {"y": 265, "x": 40, "size": 3, "id": "Book_1", "label": "Book"}, {"y": 43, "x": 605, "size": 3, "id": "Book_2", "label": "Book"}, {"y": 159, "x": 609, "size": 3, "id": "CD_0", "label": "CD"}, {"y": 160, "x": 631, "size": 3, "id": "CD_1", "label": "CD"}, {"y": 99, "x": 120, "size": 3, "id": "CD_2", "label": "CD"}, {"y": 99, "x": 102, "size": 3, "id": "CD_3", "label": "CD"}, {"y": 286, "x": 630, "size": 3, "id": "basket_0", "label": "basket"}], "edges": [{"source": "Doll08_0", "label": "opposite", "id": 0, "target": "Doll09_0"}, {"source": "Doll08_0", "label": "on", "id": 8, "target": "Chair02_1"}, {"source": "Doll08_0", "label": "near", "id": 17, "target": "wine_0"}, {"source": "Doll08_0", "label": "beside", "id": 18, "target": "wine_1"}, {"source": "Doll09_0", "label": "above", "id": 33, "target": "Footstool_0"}, {"source": "Doll09_0", "label": "on", "id": 35, "target": "Chair02_0"}, {"source": "Doll09_0", "label": "near", "id": 45, "target": "wine_0"}, {"source": "Doll09_0", "label": "near", "id": 46, "target": "wine_1"}, {"source": "Doll09_0", "label": "above", "id": 49, "target": "Book_0"}, {"source": "Bookshelf_1", "label": "surrounds", "id": 59, "target": "Mouse_0"}, {"source": "Mouse_0", "label": "belowC", "id": 79, "target": "CD_0"}, {"source": "Mouse_0", "label": "belowC", "id": 80, "target": "CD_1"}, {"source": "Mouse_0", "label": "aboveC", "id": 83, "target": "basket_0"}, {"source": "Bookshelf_0", "label": "surrounds", "id": 84, "target": "Mouse_1"}, {"source": "Bookshelf_0", "label": "surrounds", "id": 119, "target": "Toy_0"}, {"source": "Book_1", "label": "on", "id": 128, "target": "Bookshelf_0"}, {"source": "Bookshelf_0", "label": "surrounds", "id": 132, "target": "CD_2"}, {"source": "Bookshelf_0", "label": "surrounds", "id": 133, "target": "CD_3"}, {"source": "Bookshelf_1", "label": "surrounds", "id": 144, "target": "Toy_1"}, {"source": "Bookshelf_1", "label": "surrounds", "id": 149, "target": "cup_0"}, {"source": "Bookshelf_1", "label": "surrounds", "id": 150, "target": "cup_1"}, {"source": "Book_2", "label": "on", "id": 153, "target": "Bookshelf_1"}, {"source": "Bookshelf_1", "label": "surrounds", "id": 154, "target": "CD_0"}, {"source": "Bookshelf_1", "label": "surrounds", "id": 155, "target": "CD_1"}, {"source": "Book_0", "label": "on", "id": 174, "target": "Footstool_0"}, {"source": "Footstool_1", "label": "on", "id": 184, "target": "Desk_0"}, {"source": "DishesMeal_1", "label": "aboveC", "id": 191, "target": "Footstool_1"}, {"source": "DishesMeal_0", "label": "on", "id": 250, "target": "Desk_0"}, {"source": "DishesMeal_1", "label": "on", "id": 251, "target": "Desk_0"}, {"source": "wine_1", "label": "aboveC", "id": 253, "target": "Desk_0"}, {"source": "Toy_0", "label": "belowC", "id": 328, "target": "CD_3"}, {"source": "Toy_1", "label": "belowC", "id": 340, "target": "CD_1"}, {"source": "Toy_1", "label": "aboveC", "id": 343, "target": "basket_0"}, {"source": "cup_0", "label": "aboveC", "id": 395, "target": "CD_1"}, {"source": "cup_1", "label": "belowC", "id": 401, "target": "Book_2"}, {"source": "cup_1", "label": "aboveC", "id": 402, "target": "CD_0"}, {"source": "cup_1", "label": "aboveC", "id": 403, "target": "CD_1"}]}