{"nodes": [{"y": 230, "x": 239, "size": 3, "id": "Doll15_0", "label": "person"}, {"y": 153, "x": 51, "size": 3, "id": "bush_0", "label": "bush"}, {"y": 149, "x": 162, "size": 3, "id": "bush_1", "label": "bush"}, {"y": 200, "x": 101, "size": 3, "id": "bush_2", "label": "bush"}, {"y": 371, "x": 680, "size": 3, "id": "bush_3", "label": "bush"}, {"y": 233, "x": 536, "size": 3, "id": "seesaw_0", "label": "seesaw"}, {"y": 49, "x": 462, "size": 3, "id": "cloud_0", "label": "cloud"}, {"y": 41, "x": 192, "size": 3, "id": "cloud_1", "label": "cloud"}, {"y": 283, "x": 160, "size": 3, "id": "sandbox_0", "label": "sandbox"}, {"y": 53, "x": 602, "size": 3, "id": "sun_0", "label": "sun"}, {"y": 250, "x": 291, "size": 3, "id": "football_0", "label": "football"}], "edges": [{"source": "Doll15_0", "label": "near", "id": 7, "target": "sandbox_0"}, {"source": "Doll15_0", "label": "beside", "id": 9, "target": "football_0"}]}