{"nodes": [{"y": 188, "x": 176, "size": 3, "id": "Doll06_0", "label": "person"}, {"y": 185, "x": 350, "size": 3, "id": "Doll14_0", "label": "person"}, {"y": 261, "x": 548, "size": 3, "id": "grill_0", "label": "grill"}, {"y": 41, "x": 603, "size": 3, "id": "sun_0", "label": "sun"}, {"y": 12, "x": 137, "size": 3, "id": "cloud_0", "label": "cloud"}, {"y": 8, "x": 433, "size": 3, "id": "cloud_1", "label": "cloud"}, {"y": 15, "x": 282, "size": 3, "id": "cloud_2", "label": "cloud"}, {"y": 225, "x": 196, "size": 3, "id": "bench_0", "label": "bench"}, {"y": 83, "x": 445, "size": 3, "id": "tree_0", "label": "tree"}, {"y": 90, "x": 9, "size": 3, "id": "tree_1", "label": "tree"}, {"y": 76, "x": 291, "size": 3, "id": "tree_2", "label": "tree"}, {"y": 383, "x": 491, "size": 3, "id": "sandwich_0", "label": "sandwich"}, {"y": 357, "x": 549, "size": 3, "id": "apple_0", "label": "apple"}, {"y": 204, "x": 260, "size": 3, "id": "tongs_0", "label": "tongs"}, {"y": 222, "x": 142, "size": 3, "id": "wine_0", "label": "wine"}, {"y": 205, "x": 550, "size": 3, "id": "hamburger_0", "label": "hamburger"}, {"y": 212, "x": 527, "size": 3, "id": "steak_0", "label": "steak"}, {"y": 212, "x": 542, "size": 3, "id": "steak_1", "label": "steak"}, {"y": 208, "x": 570, "size": 3, "id": "steak_2", "label": "steak"}, {"y": 345, "x": 489, "size": 3, "id": "basket_0", "label": "basket"}, {"y": 198, "x": 322, "size": 3, "id": "watermelon_0", "label": "watermelon"}], "edges": [{"source": "Doll06_0", "label": "near", "id": 0, "target": "Doll14_0"}, {"source": "Doll06_0", "label": "on", "id": 6, "target": "bench_0"}, {"source": "Doll06_0", "label": "beside", "id": 13, "target": "wine_0"}, {"source": "Doll06_0", "label": "near", "id": 19, "target": "watermelon_0"}, {"source": "Doll14_0", "label": "near", "id": 25, "target": "bench_0"}, {"source": "Doll14_0", "label": "on", "id": 28, "target": "tree_2"}, {"source": "Doll14_0", "label": "near", "id": 34, "target": "steak_0"}, {"source": "Doll14_0", "label": "beside", "id": 38, "target": "watermelon_0"}, {"source": "hamburger_0", "label": "on", "id": 51, "target": "grill_0"}, {"source": "grill_0", "label": "surrounds", "id": 52, "target": "steak_0"}, {"source": "grill_0", "label": "surrounds", "id": 53, "target": "steak_1"}, {"source": "steak_2", "label": "on", "id": 54, "target": "grill_0"}, {"source": "tree_0", "label": "surrounds", "id": 92, "target": "cloud_1"}, {"source": "tree_2", "label": "surrounds", "id": 108, "target": "cloud_2"}, {"source": "bench_0", "label": "surrounds", "id": 124, "target": "tongs_0"}, {"source": "bench_0", "label": "surrounds", "id": 125, "target": "wine_0"}, {"source": "watermelon_0", "label": "on", "id": 164, "target": "tree_2"}, {"source": "sandwich_0", "label": "belowC", "id": 172, "target": "basket_0"}, {"source": "steak_0", "label": "beside", "id": 201, "target": "steak_2"}, {"source": "steak_1", "label": "beside", "id": 204, "target": "steak_2"}]}