{"nodes": [{"y": 210, "x": 252, "size": 3, "id": "Doll08_0", "label": "person"}, {"y": 287, "x": 422, "size": 3, "id": "Cat02_0", "label": "Cat"}, {"y": 240, "x": 646, "size": 3, "id": "Couch_0", "label": "Couch"}, {"y": 83, "x": 140, "size": 3, "id": "Picture_0", "label": "Picture"}, {"y": 76, "x": 381, "size": 3, "id": "Picture_1", "label": "Picture"}, {"y": 242, "x": 52, "size": 3, "id": "Plant_0", "label": "Plant"}], "edges": [{"source": "Doll08_0", "label": "near", "id": 0, "target": "Cat02_0"}]}