{"nodes": [{"y": 274, "x": 361, "size": 3, "id": "Stool_0", "label": "Stool"}, {"y": 272, "x": 561, "size": 3, "id": "Sofa_0", "label": "Sofa"}, {"y": 164, "x": 217, "size": 3, "id": "Door_0", "label": "Door"}, {"y": 104, "x": 591, "size": 3, "id": "Window05_0", "label": "Window"}, {"y": 113, "x": 32, "size": 3, "id": "Window05_1", "label": "Window"}, {"y": 316, "x": 79, "size": 3, "id": "PetBed_0", "label": "PetBed"}, {"y": 346, "x": 49, "size": 3, "id": "DogBone_0", "label": "DogBone"}], "edges": [{"source": "Sofa_0", "label": "below", "id": 7, "target": "Window05_0"}, {"source": "DogBone_0", "label": "below", "id": 19, "target": "Window05_1"}]}