{"nodes": [{"y": 175, "x": 593, "size": 3, "id": "Doll10_0", "label": "person"}, {"y": 297, "x": 409, "size": 3, "id": "Cat02_0", "label": "Cat"}, {"y": 343, "x": 504, "size": 3, "id": "Rug_0", "label": "Rug"}, {"y": 161, "x": 522, "size": 3, "id": "Door_0", "label": "Door"}, {"y": 116, "x": 102, "size": 3, "id": "Window03_0", "label": "Window"}, {"y": 212, "x": 277, "size": 3, "id": "Plant_0", "label": "Plant"}, {"y": 67, "x": 354, "size": 3, "id": "Picture_0", "label": "Picture"}, {"y": 279, "x": 279, "size": 3, "id": "Stool_0", "label": "Stool"}], "edges": [{"source": "Doll10_0", "label": "near", "id": 0, "target": "Cat02_0"}, {"source": "Doll10_0", "label": "above", "id": 1, "target": "Rug_0"}, {"source": "Doll10_0", "label": "beside", "id": 2, "target": "Door_0"}, {"source": "Doll10_0", "label": "near", "id": 4, "target": "Plant_0"}, {"source": "Doll10_0", "label": "near", "id": 6, "target": "Stool_0"}, {"source": "Cat02_0", "label": "beside", "id": 7, "target": "Rug_0"}, {"source": "Cat02_0", "label": "beside", "id": 12, "target": "Stool_0"}, {"source": "Plant_0", "label": "aboveC", "id": 26, "target": "Stool_0"}]}