{"nodes": [{"y": 328, "x": 288, "size": 3, "id": "Doll20_0", "label": "person"}, {"y": 211, "x": 376, "size": 3, "id": "slide_0", "label": "slide"}, {"y": 209, "x": 620, "size": 3, "id": "bench_0", "label": "bench"}, {"y": 239, "x": 152, "size": 3, "id": "seesaw_0", "label": "seesaw"}, {"y": 71, "x": 630, "size": 3, "id": "sun_0", "label": "sun"}, {"y": 199, "x": 64, "size": 1, "id": "pond_0", "label": "pond"}, {"y": 283, "x": 544, "size": 3, "id": "jumprope_0", "label": "jumprope"}], "edges": [{"source": "Doll20_0", "label": "below", "id": 0, "target": "slide_0"}]}