{"nodes": [{"y": 370, "x": 188, "size": 3, "id": "Puppy01_0", "label": "Puppy"}, {"y": 243, "x": 289, "size": 3, "id": "Puppy01_1", "label": "Puppy"}, {"y": 293, "x": 593, "size": 3, "id": "Stool_0", "label": "Stool"}, {"y": 207, "x": 594, "size": 3, "id": "TV_0", "label": "TV"}, {"y": 155, "x": 191, "size": 3, "id": "Door_0", "label": "Door"}, {"y": 144, "x": 60, "size": 3, "id": "Bookshelf_0", "label": "Bookshelf"}, {"y": 247, "x": 682, "size": 3, "id": "Bookshelf_1", "label": "Bookshelf"}, {"y": 131, "x": 442, "size": 3, "id": "Window05_0", "label": "Window"}, {"y": 287, "x": 303, "size": 3, "id": "Chair02_0", "label": "Chair"}, {"y": 324, "x": 39, "size": 3, "id": "Book_0", "label": "Book"}, {"y": 201, "x": 99, "size": 3, "id": "Book_1", "label": "Book"}, {"y": 314, "x": 63, "size": 3, "id": "Book_2", "label": "Book"}, {"y": 277, "x": 438, "size": 3, "id": "Pillow_0", "label": "Pillow"}, {"y": 273, "x": 402, "size": 3, "id": "Pillow_1", "label": "Pillow"}], "edges": [{"source": "Chair02_0", "label": "surrounds", "id": 19, "target": "Puppy01_1"}, {"source": "Stool_0", "label": "belowC", "id": 25, "target": "TV_0"}, {"source": "TV_0", "label": "beside", "id": 38, "target": "Bookshelf_1"}, {"source": "Book_0", "label": "below", "id": 58, "target": "Bookshelf_0"}, {"source": "Bookshelf_0", "label": "surrounds", "id": 59, "target": "Book_1"}, {"source": "Book_2", "label": "below", "id": 60, "target": "Bookshelf_0"}, {"source": "Book_0", "label": "below", "id": 81, "target": "Book_1"}, {"source": "Book_0", "label": "beside", "id": 82, "target": "Book_2"}, {"source": "Book_1", "label": "above", "id": 85, "target": "Book_2"}]}