{"nodes": [{"y": 202, "x": 485, "size": 3, "id": "Doll08_0", "label": "person"}, {"y": 193, "x": 322, "size": 3, "id": "Doll09_0", "label": "person"}, {"y": 300, "x": 631, "size": 3, "id": "Chipmunk_0", "label": "Chipmunk"}, {"y": 277, "x": 205, "size": 3, "id": "Chipmunk_1", "label": "Chipmunk"}, {"y": 146, "x": 163, "size": 3, "id": "tree_0", "label": "tree"}, {"y": 181, "x": 583, "size": 3, "id": "tree_1", "label": "tree"}, {"y": 63, "x": 393, "size": 3, "id": "sun_0", "label": "sun"}, {"y": 256, "x": 335, "size": 3, "id": "log_0", "label": "log"}, {"y": 260, "x": 471, "size": 3, "id": "log_1", "label": "log"}, {"y": 359, "x": 545, "size": 3, "id": "sidewalk_0", "label": "sidewalk"}, {"y": 323, "x": 193, "size": 3, "id": "sidewalk_1", "label": "sidewalk"}, {"y": 229, "x": 296, "size": 3, "id": "frisbee_0", "label": "frisbee"}, {"y": 215, "x": 293, "size": 3, "id": "wine_0", "label": "wine"}, {"y": 153, "x": 397, "size": 3, "id": "marshmallow_0", "label": "marshmallow"}, {"y": 170, "x": 385, "size": 3, "id": "marshmallow_1", "label": "marshmallow"}, {"y": 279, "x": 384, "size": 3, "id": "campfire_0", "label": "campfire"}], "edges": [{"source": "Doll08_0", "label": "near", "id": 0, "target": "Doll09_0"}, {"source": "Doll08_0", "label": "on", "id": 4, "target": "tree_1"}, {"source": "Doll08_0", "label": "near", "id": 6, "target": "log_0"}, {"source": "Doll08_0", "label": "aboveC", "id": 7, "target": "log_1"}, {"source": "Doll08_0", "label": "above", "id": 8, "target": "sidewalk_0"}, {"source": "Doll08_0", "label": "near", "id": 12, "target": "marshmallow_0"}, {"source": "Doll08_0", "label": "near", "id": 13, "target": "marshmallow_1"}, {"source": "Doll08_0", "label": "near", "id": 14, "target": "campfire_0"}, {"source": "Doll09_0", "label": "aboveC", "id": 20, "target": "log_0"}, {"source": "Doll09_0", "label": "near", "id": 21, "target": "log_1"}, {"source": "Doll09_0", "label": "aboveC", "id": 24, "target": "frisbee_0"}, {"source": "Doll09_0", "label": "beside", "id": 25, "target": "wine_0"}, {"source": "Doll09_0", "label": "near", "id": 26, "target": "marshmallow_0"}, {"source": "Doll09_0", "label": "beside", "id": 27, "target": "marshmallow_1"}, {"source": "Doll09_0", "label": "above", "id": 28, "target": "campfire_0"}, {"source": "Chipmunk_0", "label": "on", "id": 31, "target": "tree_1"}, {"source": "Chipmunk_0", "label": "on", "id": 35, "target": "sidewalk_0"}, {"source": "Chipmunk_1", "label": "on", "id": 42, "target": "tree_0"}, {"source": "sidewalk_1", "label": "surrounds", "id": 48, "target": "Chipmunk_1"}, {"source": "log_0", "label": "on", "id": 86, "target": "sidewalk_1"}, {"source": "log_0", "label": "surrounds", "id": 87, "target": "frisbee_0"}, {"source": "marshmallow_0", "label": "above", "id": 89, "target": "log_0"}, {"source": "marshmallow_1", "label": "above", "id": 90, "target": "log_0"}, {"source": "campfire_0", "label": "on", "id": 91, "target": "log_0"}, {"source": "marshmallow_0", "label": "above", "id": 96, "target": "log_1"}, {"source": "marshmallow_1", "label": "above", "id": 97, "target": "log_1"}, {"source": "frisbee_0", "label": "belowC", "id": 110, "target": "wine_0"}, {"source": "marshmallow_0", "label": "aboveC", "id": 117, "target": "marshmallow_1"}, {"source": "marshmallow_0", "label": "above", "id": 118, "target": "campfire_0"}, {"source": "marshmallow_1", "label": "above", "id": 119, "target": "campfire_0"}]}