{"nodes": [{"y": 192, "x": 92, "size": 3, "id": "Doll03_0", "label": "person"}, {"y": 91, "x": 448, "size": 3, "id": "Window05_0", "label": "Window"}, {"y": 260, "x": 602, "size": 3, "id": "Chair01_0", "label": "Chair"}, {"y": 257, "x": 282, "size": 3, "id": "Chair01_1", "label": "Chair"}, {"y": 292, "x": 438, "size": 3, "id": "DiningTable_0", "label": "DiningTable"}, {"y": 193, "x": 443, "size": 3, "id": "Plant_0", "label": "Plant"}, {"y": 224, "x": 498, "size": 3, "id": "wine_0", "label": "wine"}, {"y": 225, "x": 382, "size": 3, "id": "wine_1", "label": "wine"}], "edges": [{"source": "Doll03_0", "label": "near", "id": 2, "target": "Chair01_1"}, {"source": "Doll03_0", "label": "near", "id": 3, "target": "DiningTable_0"}, {"source": "Doll03_0", "label": "near", "id": 6, "target": "wine_1"}, {"source": "Window05_0", "label": "aboveC", "id": 10, "target": "Plant_0"}, {"source": "wine_0", "label": "belowC", "id": 11, "target": "Window05_0"}, {"source": "wine_1", "label": "belowC", "id": 12, "target": "Window05_0"}, {"source": "wine_0", "label": "beside", "id": 16, "target": "Chair01_0"}, {"source": "wine_1", "label": "beside", "id": 21, "target": "Chair01_1"}, {"source": "DiningTable_0", "label": "belowC", "id": 22, "target": "Plant_0"}, {"source": "wine_0", "label": "aboveC", "id": 23, "target": "DiningTable_0"}, {"source": "wine_1", "label": "aboveC", "id": 24, "target": "DiningTable_0"}, {"source": "wine_0", "label": "beside", "id": 27, "target": "wine_1"}]}