{"nodes": [{"y": 281, "x": 588, "size": 3, "id": "Doll20_0", "label": "person"}, {"y": 179, "x": 368, "size": 3, "id": "Doll03_0", "label": "person"}, {"y": 117, "x": 156, "size": 3, "id": "Butterfly02_0", "label": "Butterfly"}, {"y": 115, "x": 200, "size": 3, "id": "Butterfly02_1", "label": "Butterfly"}, {"y": 43, "x": 474, "size": 3, "id": "Bird_0", "label": "Bird"}, {"y": 34, "x": 88, "size": 3, "id": "Bird_1", "label": "Bird"}, {"y": 319, "x": 544, "size": 3, "id": "sandbox_0", "label": "sandbox"}, {"y": 288, "x": 132, "size": 3, "id": "bike_0", "label": "bike"}, {"y": 198, "x": 625, "size": 3, "id": "bench_0", "label": "bench"}, {"y": 129, "x": 84, "size": 3, "id": "tree_0", "label": "tree"}, {"y": 34, "x": 625, "size": 3, "id": "sun_0", "label": "sun"}], "edges": [{"source": "Doll20_0", "label": "opposite", "id": 0, "target": "Doll03_0"}, {"source": "Doll20_0", "label": "on", "id": 5, "target": "sandbox_0"}, {"source": "tree_0", "label": "surrounds", "id": 25, "target": "Butterfly02_0"}, {"source": "tree_0", "label": "surrounds", "id": 32, "target": "Butterfly02_1"}, {"source": "tree_0", "label": "surrounds", "id": 43, "target": "Bird_1"}]}