{"nodes": [{"y": 123, "x": 538, "size": 3, "id": "Doll10_0", "label": "person"}, {"y": 78, "x": 315, "size": 3, "id": "Doll15_0", "label": "person"}, {"y": 231, "x": 198, "size": 3, "id": "Doll17_0", "label": "person"}, {"y": 103, "x": 660, "size": 3, "id": "Robin_0", "label": "Robin"}, {"y": 302, "x": 461, "size": 3, "id": "seesaw_0", "label": "seesaw"}, {"y": 114, "x": 70, "size": 3, "id": "bush_0", "label": "bush"}, {"y": 16, "x": 656, "size": 3, "id": "sun_0", "label": "sun"}, {"y": 160, "x": 335, "size": 3, "id": "slide_0", "label": "slide"}, {"y": 184, "x": 591, "size": 3, "id": "bench_0", "label": "bench"}, {"y": 297, "x": 177, "size": 3, "id": "sandbox_0", "label": "sandbox"}, {"y": 270, "x": 179, "size": 3, "id": "pail_0", "label": "pail"}, {"y": 259, "x": 128, "size": 3, "id": "shovel_0", "label": "shovel"}], "edges": [{"source": "Doll10_0", "label": "opposite", "id": 0, "target": "Doll15_0"}, {"source": "Doll10_0", "label": "opposite", "id": 1, "target": "Doll17_0"}, {"source": "Doll10_0", "label": "on", "id": 7, "target": "bench_0"}, {"source": "Doll15_0", "label": "aboveF", "id": 11, "target": "Doll17_0"}, {"source": "Doll15_0", "label": "on", "id": 16, "target": "slide_0"}, {"source": "Doll17_0", "label": "aboveC", "id": 27, "target": "sandbox_0"}, {"source": "Doll17_0", "label": "aboveC", "id": 28, "target": "pail_0"}, {"source": "Doll17_0", "label": "beside", "id": 29, "target": "shovel_0"}, {"source": "sandbox_0", "label": "surrounds", "id": 63, "target": "pail_0"}, {"source": "shovel_0", "label": "on", "id": 64, "target": "sandbox_0"}]}