{"nodes": [{"y": 212, "x": 157, "size": 3, "id": "Doll02_0", "label": "person"}, {"y": 290, "x": 372, "size": 3, "id": "Cat02_0", "label": "Cat"}, {"y": 130, "x": 150, "size": 3, "id": "Window03_0", "label": "Window"}, {"y": 123, "x": 574, "size": 3, "id": "Window03_1", "label": "Window"}, {"y": 301, "x": 606, "size": 3, "id": "Couch_0", "label": "Couch"}, {"y": 268, "x": 316, "size": 3, "id": "Plant_0", "label": "Plant"}, {"y": 269, "x": 461, "size": 3, "id": "Plant_1", "label": "Plant"}, {"y": 250, "x": 154, "size": 3, "id": "Chair02_0", "label": "Chair"}], "edges": [{"source": "Doll02_0", "label": "near", "id": 0, "target": "Cat02_0"}, {"source": "Doll02_0", "label": "on", "id": 1, "target": "Window03_0"}, {"source": "Doll02_0", "label": "on", "id": 6, "target": "Chair02_0"}, {"source": "Window03_0", "label": "aboveC", "id": 17, "target": "Chair02_0"}]}