{"nodes": [{"y": 237, "x": 520, "size": 3, "id": "Doll17_0", "label": "person"}, {"y": 95, "x": 369, "size": 3, "id": "Window02_0", "label": "Window"}, {"y": 268, "x": 381, "size": 3, "id": "DiningTable_0", "label": "DiningTable"}, {"y": 258, "x": 546, "size": 3, "id": "DiningChair_0", "label": "DiningChair"}, {"y": 281, "x": 225, "size": 3, "id": "Stool_0", "label": "Stool"}, {"y": 83, "x": 81, "size": 3, "id": "Picture_0", "label": "Picture"}, {"y": 99, "x": 585, "size": 3, "id": "Picture_1", "label": "Picture"}, {"y": 194, "x": 376, "size": 3, "id": "basket_0", "label": "basket"}], "edges": [{"source": "Doll17_0", "label": "beside", "id": 1, "target": "DiningTable_0"}, {"source": "Doll17_0", "label": "on", "id": 2, "target": "DiningChair_0"}, {"source": "Doll17_0", "label": "near", "id": 6, "target": "basket_0"}, {"source": "basket_0", "label": "belowC", "id": 12, "target": "Window02_0"}, {"source": "basket_0", "label": "aboveC", "id": 17, "target": "DiningTable_0"}]}