{"nodes": [{"y": 180, "x": 570, "size": 3, "id": "Doll08_0", "label": "person"}, {"y": 220, "x": 138, "size": 3, "id": "Dog01_0", "label": "Dog"}, {"y": 239, "x": 363, "size": 3, "id": "Fireplace_0", "label": "Fireplace"}, {"y": 83, "x": 575, "size": 3, "id": "Picture_0", "label": "Picture"}, {"y": 72, "x": 352, "size": 3, "id": "Picture_1", "label": "Picture"}, {"y": 80, "x": 133, "size": 3, "id": "Picture_2", "label": "Picture"}, {"y": 231, "x": 576, "size": 3, "id": "Chair02_0", "label": "Chair"}, {"y": 229, "x": 139, "size": 3, "id": "Chair02_1", "label": "Chair"}, {"y": 169, "x": 360, "size": 3, "id": "teaset_0", "label": "teaset"}], "edges": [{"source": "Doll08_0", "label": "opposite", "id": 0, "target": "Dog01_0"}, {"source": "Doll08_0", "label": "near", "id": 1, "target": "Fireplace_0"}, {"source": "Doll08_0", "label": "belowC", "id": 2, "target": "Picture_0"}, {"source": "Doll08_0", "label": "on", "id": 5, "target": "Chair02_0"}, {"source": "Dog01_0", "label": "belowC", "id": 11, "target": "Picture_2"}, {"source": "Chair02_1", "label": "surrounds", "id": 13, "target": "Dog01_0"}, {"source": "teaset_0", "label": "aboveC", "id": 20, "target": "Fireplace_0"}, {"source": "Picture_0", "label": "aboveC", "id": 23, "target": "Chair02_0"}, {"source": "teaset_0", "label": "belowC", "id": 29, "target": "Picture_1"}, {"source": "Picture_2", "label": "aboveC", "id": 31, "target": "Chair02_1"}]}