{"nodes": [{"y": 205, "x": 511, "size": 3, "id": "Doll05_0", "label": "person"}, {"y": 210, "x": 249, "size": 3, "id": "Doll02_0", "label": "person"}, {"y": 242, "x": 516, "size": 3, "id": "DiningChair_0", "label": "DiningChair"}, {"y": 261, "x": 260, "size": 3, "id": "DiningChair_1", "label": "DiningChair"}, {"y": 190, "x": 654, "size": 3, "id": "CoatRack_0", "label": "CoatRack"}, {"y": 204, "x": 81, "size": 3, "id": "CoatRack_1", "label": "CoatRack"}, {"y": 262, "x": 595, "size": 3, "id": "Plant_0", "label": "Plant"}, {"y": 254, "x": 117, "size": 3, "id": "Plant_1", "label": "Plant"}, {"y": 260, "x": 27, "size": 3, "id": "Plant_2", "label": "Plant"}, {"y": 58, "x": 371, "size": 3, "id": "Picture_0", "label": "Picture"}, {"y": 98, "x": 509, "size": 3, "id": "Picture_1", "label": "Picture"}, {"y": 112, "x": 222, "size": 3, "id": "Picture_2", "label": "Picture"}, {"y": 280, "x": 381, "size": 3, "id": "CoffeeTable_0", "label": "CoffeeTable"}, {"y": 210, "x": 394, "size": 3, "id": "DishesSnack_0", "label": "DishesSnack"}, {"y": 256, "x": 369, "size": 3, "id": "DishesSnack_1", "label": "DishesSnack"}, {"y": 234, "x": 407, "size": 3, "id": "DishesSnack_2", "label": "DishesSnack"}, {"y": 233, "x": 346, "size": 3, "id": "DishesSnack_3", "label": "DishesSnack"}, {"y": 188, "x": 357, "size": 3, "id": "bottle_0", "label": "bottle"}], "edges": [{"source": "Doll05_0", "label": "opposite", "id": 0, "target": "Doll02_0"}, {"source": "Doll05_0", "label": "aboveC", "id": 1, "target": "DiningChair_0"}, {"source": "Doll02_0", "label": "on", "id": 18, "target": "DiningChair_1"}, {"source": "CoatRack_1", "label": "aboveC", "id": 76, "target": "Plant_1"}, {"source": "CoatRack_1", "label": "aboveC", "id": 77, "target": "Plant_2"}, {"source": "DishesSnack_0", "label": "aboveC", "id": 138, "target": "CoffeeTable_0"}, {"source": "CoffeeTable_0", "label": "surrounds", "id": 139, "target": "DishesSnack_1"}, {"source": "CoffeeTable_0", "label": "surrounds", "id": 140, "target": "DishesSnack_2"}, {"source": "CoffeeTable_0", "label": "surrounds", "id": 141, "target": "DishesSnack_3"}, {"source": "DishesSnack_0", "label": "aboveC", "id": 143, "target": "DishesSnack_1"}, {"source": "DishesSnack_0", "label": "aboveC", "id": 144, "target": "DishesSnack_2"}, {"source": "DishesSnack_1", "label": "belowC", "id": 148, "target": "DishesSnack_3"}, {"source": "DishesSnack_1", "label": "belowC", "id": 149, "target": "bottle_0"}, {"source": "DishesSnack_3", "label": "belowC", "id": 152, "target": "bottle_0"}]}