{"nodes": [{"y": 260, "x": 617, "size": 3, "id": "Doll08_0", "label": "person"}, {"y": 145, "x": 118, "size": 3, "id": "Doll16_0", "label": "person"}, {"y": 78, "x": 108, "size": 3, "id": "sun_0", "label": "sun"}, {"y": 85, "x": 646, "size": 3, "id": "tree_0", "label": "tree"}, {"y": 291, "x": 456, "size": 5, "id": "blanket_0", "label": "blanket"}, {"y": 230, "x": 142, "size": 3, "id": "slide_0", "label": "slide"}, {"y": 265, "x": 467, "size": 3, "id": "basket_0", "label": "basket"}, {"y": 284, "x": 388, "size": 3, "id": "watermelon_0", "label": "watermelon"}], "edges": [{"source": "Doll08_0", "label": "opposite", "id": 0, "target": "Doll16_0"}, {"source": "Doll08_0", "label": "near", "id": 5, "target": "basket_0"}, {"source": "Doll16_0", "label": "belowC", "id": 7, "target": "sun_0"}, {"source": "Doll16_0", "label": "above", "id": 10, "target": "slide_0"}, {"source": "blanket_0", "label": "surrounds", "id": 23, "target": "basket_0"}, {"source": "blanket_0", "label": "surrounds", "id": 24, "target": "watermelon_0"}]}