{"nodes": [{"y": 195, "x": 152, "size": 3, "id": "Doll11_0", "label": "person"}, {"y": 24, "x": 637, "size": 3, "id": "moon_0", "label": "moon"}, {"y": 221, "x": -2, "size": 3, "id": "tree_0", "label": "tree"}, {"y": 293, "x": 121, "size": 3, "id": "bike_0", "label": "bike"}, {"y": 330, "x": 212, "size": 3, "id": "sidewalk_0", "label": "sidewalk"}, {"y": 29, "x": 593, "size": 3, "id": "cloud_0", "label": "cloud"}], "edges": [{"source": "Doll11_0", "label": "above", "id": 2, "target": "bike_0"}, {"source": "Doll11_0", "label": "above", "id": 3, "target": "sidewalk_0"}, {"source": "cloud_0", "label": "surrounds", "id": 8, "target": "moon_0"}, {"source": "bike_0", "label": "on", "id": 12, "target": "sidewalk_0"}]}