{"nodes": [{"y": 241, "x": 638, "size": 3, "id": "Doll12_0", "label": "person"}, {"y": 290, "x": 206, "size": 3, "id": "Doll15_0", "label": "person"}, {"y": 41, "x": 208, "size": 3, "id": "Picture_0", "label": "Picture"}, {"y": 49, "x": 493, "size": 3, "id": "Picture_1", "label": "Picture"}, {"y": 297, "x": 72, "size": 3, "id": "Desk_0", "label": "Desk"}, {"y": 254, "x": 371, "size": 3, "id": "Fireplace_0", "label": "Fireplace"}, {"y": 293, "x": 645, "size": 3, "id": "Sofa_0", "label": "Sofa"}, {"y": 214, "x": 65, "size": 3, "id": "Plant_0", "label": "Plant"}], "edges": [{"source": "Doll12_0", "label": "opposite", "id": 0, "target": "Doll15_0"}, {"source": "Doll12_0", "label": "on", "id": 5, "target": "Sofa_0"}, {"source": "Doll15_0", "label": "beside", "id": 9, "target": "Desk_0"}, {"source": "Doll15_0", "label": "near", "id": 10, "target": "Fireplace_0"}, {"source": "Desk_0", "label": "belowC", "id": 24, "target": "Plant_0"}]}