{"nodes": [{"y": 299, "x": 591, "size": 3, "id": "Doll15_0", "label": "person"}, {"y": 76, "x": 236, "size": 3, "id": "cloud_0", "label": "cloud"}, {"y": 67, "x": 600, "size": 3, "id": "cloud_1", "label": "cloud"}, {"y": 40, "x": 432, "size": 3, "id": "cloud_2", "label": "cloud"}, {"y": 172, "x": 440, "size": 3, "id": "tree_0", "label": "tree"}, {"y": 323, "x": 98, "size": 3, "id": "slide_0", "label": "slide"}, {"y": 62, "x": 47, "size": 3, "id": "sun_0", "label": "sun"}, {"y": 333, "x": 518, "size": 3, "id": "skateboard_0", "label": "skateboard"}], "edges": [{"source": "Doll15_0", "label": "near", "id": 6, "target": "skateboard_0"}, {"source": "skateboard_0", "label": "below", "id": 24, "target": "tree_0"}]}