{"nodes": [{"y": 241, "x": 604, "size": 3, "id": "Doll15_0", "label": "person"}, {"y": 268, "x": 363, "size": 3, "id": "Doll17_0", "label": "person"}, {"y": 241, "x": 100, "size": 3, "id": "Doll16_0", "label": "person"}, {"y": 313, "x": 101, "size": 3, "id": "Stool_0", "label": "Stool"}, {"y": 250, "x": 325, "size": 3, "id": "Chair02_0", "label": "Chair"}, {"y": 84, "x": 330, "size": 3, "id": "Picture_0", "label": "Picture"}, {"y": 114, "x": 95, "size": 3, "id": "Window05_0", "label": "Window"}, {"y": 175, "x": 550, "size": 3, "id": "Bookshelf_0", "label": "Bookshelf"}], "edges": [{"source": "Doll15_0", "label": "belowC", "id": 6, "target": "Bookshelf_0"}, {"source": "Doll17_0", "label": "on", "id": 9, "target": "Chair02_0"}, {"source": "Doll16_0", "label": "aboveC", "id": 13, "target": "Stool_0"}, {"source": "Doll16_0", "label": "near", "id": 14, "target": "Chair02_0"}, {"source": "Doll16_0", "label": "belowC", "id": 16, "target": "Window05_0"}]}