{"nodes": [{"y": 200, "x": 119, "size": 3, "id": "Doll10_0", "label": "person"}, {"y": 334, "x": 225, "size": 3, "id": "Dog02_0", "label": "Dog"}, {"y": 244, "x": 300, "size": 3, "id": "Desk_0", "label": "Desk"}, {"y": 144, "x": 303, "size": 3, "id": "Plant_0", "label": "Plant"}, {"y": 163, "x": 542, "size": 3, "id": "Door_0", "label": "Door"}, {"y": 286, "x": 102, "size": 3, "id": "Chair02_0", "label": "Chair"}, {"y": 245, "x": 141, "size": 3, "id": "DogBone_0", "label": "DogBone"}], "edges": [{"source": "Doll10_0", "label": "above", "id": 0, "target": "Dog02_0"}, {"source": "Doll10_0", "label": "aboveC", "id": 4, "target": "Chair02_0"}, {"source": "Doll10_0", "label": "aboveC", "id": 5, "target": "DogBone_0"}, {"source": "Dog02_0", "label": "belowC", "id": 6, "target": "Desk_0"}, {"source": "Dog02_0", "label": "beside", "id": 9, "target": "Chair02_0"}, {"source": "Dog02_0", "label": "belowC", "id": 10, "target": "DogBone_0"}, {"source": "Desk_0", "label": "belowC", "id": 11, "target": "Plant_0"}, {"source": "Chair02_0", "label": "surrounds", "id": 20, "target": "DogBone_0"}]}