{"nodes": [{"y": 225, "x": 149, "size": 3, "id": "Doll16_0", "label": "person"}, {"y": 104, "x": 71, "size": 3, "id": "tree_0", "label": "tree"}, {"y": 163, "x": 158, "size": 3, "id": "tree_1", "label": "tree"}, {"y": 150, "x": 259, "size": 3, "id": "tree_2", "label": "tree"}, {"y": 56, "x": 593, "size": 3, "id": "sun_0", "label": "sun"}, {"y": 241, "x": 504, "size": 3, "id": "sidewalk_0", "label": "sidewalk"}, {"y": 255, "x": 209, "size": 3, "id": "bench_0", "label": "bench"}], "edges": [{"source": "Doll16_0", "label": "below", "id": 0, "target": "tree_0"}, {"source": "tree_1", "label": "surrounds", "id": 1, "target": "Doll16_0"}, {"source": "tree_2", "label": "surrounds", "id": 2, "target": "Doll16_0"}, {"source": "Doll16_0", "label": "on", "id": 5, "target": "bench_0"}, {"source": "tree_2", "label": "surrounds", "id": 11, "target": "tree_1"}, {"source": "tree_1", "label": "above", "id": 14, "target": "bench_0"}, {"source": "tree_2", "label": "above", "id": 17, "target": "bench_0"}]}