{"nodes": [{"y": 258, "x": 452, "size": 3, "id": "Stool_0", "label": "Stool"}, {"y": 106, "x": 81, "size": 3, "id": "Picture_0", "label": "Picture"}, {"y": 310, "x": 739, "size": 3, "id": "Sofa_0", "label": "Sofa"}, {"y": 337, "x": 231, "size": 5, "id": "Rug_0", "label": "Rug"}, {"y": 112, "x": 452, "size": 5, "id": "Window02_0", "label": "Window"}, {"y": 112, "x": 619, "size": 5, "id": "Window02_1", "label": "Window"}, {"y": 169, "x": 452, "size": 5, "id": "Plant_0", "label": "Plant"}, {"y": 146, "x": 241, "size": 5, "id": "Door_0", "label": "Door"}, {"y": 294, "x": 490, "size": 1, "id": "DogBone_0", "label": "DogBone"}], "edges": [{"source": "Rug_0", "label": "below", "id": 24, "target": "Door_0"}, {"source": "Window02_0", "label": "aboveC", "id": 27, "target": "Plant_0"}]}