{"nodes": [{"y": 210, "x": 169, "size": 3, "id": "Doll05_0", "label": "person"}, {"y": 224, "x": 223, "size": 3, "id": "Doll19_0", "label": "person"}, {"y": 220, "x": 506, "size": 3, "id": "slide_0", "label": "slide"}, {"y": 140, "x": 100, "size": 3, "id": "bush_0", "label": "bush"}, {"y": 122, "x": 303, "size": 3, "id": "bush_1", "label": "bush"}, {"y": 362, "x": 629, "size": 3, "id": "bush_2", "label": "bush"}, {"y": 245, "x": 216, "size": 3, "id": "bench_0", "label": "bench"}, {"y": 56, "x": 563, "size": 3, "id": "sun_0", "label": "sun"}], "edges": [{"source": "Doll05_0", "label": "beside", "id": 0, "target": "Doll19_0"}, {"source": "Doll05_0", "label": "on", "id": 5, "target": "bench_0"}, {"source": "bench_0", "label": "surrounds", "id": 11, "target": "Doll19_0"}]}