{"nodes": [{"y": 154, "x": 472, "size": 3, "id": "Doll15_0", "label": "person"}, {"y": 257, "x": 460, "size": 3, "id": "Doll11_0", "label": "person"}, {"y": 163, "x": 206, "size": 3, "id": "Doll16_0", "label": "person"}, {"y": 207, "x": 661, "size": 3, "id": "tree_0", "label": "tree"}, {"y": 192, "x": 463, "size": 3, "id": "sandbox_0", "label": "sandbox"}, {"y": 313, "x": 454, "size": 3, "id": "log_0", "label": "log"}, {"y": 28, "x": 273, "size": 3, "id": "cloud_0", "label": "cloud"}, {"y": 33, "x": 63, "size": 3, "id": "cloud_1", "label": "cloud"}, {"y": 34, "x": 425, "size": 3, "id": "cloud_2", "label": "cloud"}, {"y": 196, "x": 166, "size": 3, "id": "monkeybars_0", "label": "monkeybars"}, {"y": 330, "x": 606, "size": 3, "id": "flower_0", "label": "flower"}, {"y": 181, "x": 336, "size": 3, "id": "flower_1", "label": "flower"}, {"y": 198, "x": 589, "size": 3, "id": "flower_2", "label": "flower"}, {"y": 218, "x": 602, "size": 3, "id": "flower_3", "label": "flower"}, {"y": 345, "x": 668, "size": 3, "id": "flower_4", "label": "flower"}, {"y": 160, "x": 415, "size": 3, "id": "pail_0", "label": "pail"}, {"y": 176, "x": 546, "size": 3, "id": "shovel_0", "label": "shovel"}, {"y": 366, "x": 625, "size": 3, "id": "mushroom_0", "label": "mushroom"}, {"y": 375, "x": 547, "size": 3, "id": "mushroom_1", "label": "mushroom"}, {"y": 195, "x": 628, "size": 3, "id": "mushroom_2", "label": "mushroom"}, {"y": 229, "x": 344, "size": 3, "id": "mushroom_3", "label": "mushroom"}, {"y": 382, "x": 677, "size": 3, "id": "mushroom_4", "label": "mushroom"}], "edges": [{"source": "Doll15_0", "label": "above", "id": 0, "target": "Doll11_0"}, {"source": "Doll15_0", "label": "opposite", "id": 1, "target": "Doll16_0"}, {"source": "Doll15_0", "label": "aboveC", "id": 3, "target": "sandbox_0"}, {"source": "Doll15_0", "label": "above", "id": 4, "target": "log_0"}, {"source": "Doll15_0", "label": "beside", "id": 14, "target": "pail_0"}, {"source": "Doll11_0", "label": "opposite", "id": 21, "target": "Doll16_0"}, {"source": "Doll11_0", "label": "belowC", "id": 23, "target": "sandbox_0"}, {"source": "Doll11_0", "label": "aboveC", "id": 24, "target": "log_0"}, {"source": "Doll11_0", "label": "above", "id": 37, "target": "mushroom_1"}, {"source": "monkeybars_0", "label": "surrounds", "id": 47, "target": "Doll16_0"}, {"source": "tree_0", "label": "surrounds", "id": 66, "target": "flower_0"}, {"source": "tree_0", "label": "surrounds", "id": 68, "target": "flower_2"}, {"source": "tree_0", "label": "surrounds", "id": 69, "target": "flower_3"}, {"source": "flower_4", "label": "on", "id": 70, "target": "tree_0"}, {"source": "tree_0", "label": "surrounds", "id": 72, "target": "shovel_0"}, {"source": "tree_0", "label": "surrounds", "id": 75, "target": "mushroom_2"}, {"source": "sandbox_0", "label": "above", "id": 78, "target": "log_0"}, {"source": "pail_0", "label": "on", "id": 88, "target": "sandbox_0"}, {"source": "sandbox_0", "label": "surrounds", "id": 89, "target": "shovel_0"}, {"source": "flower_0", "label": "aboveC", "id": 171, "target": "mushroom_0"}, {"source": "flower_1", "label": "aboveC", "id": 184, "target": "mushroom_3"}, {"source": "flower_2", "label": "aboveC", "id": 186, "target": "flower_3"}, {"source": "flower_4", "label": "aboveC", "id": 209, "target": "mushroom_4"}]}