{"nodes": [{"y": 194, "x": 300, "size": 3, "id": "Doll13_0", "label": "person"}, {"y": 293, "x": 316, "size": 5, "id": "scooter_0", "label": "scooter"}, {"y": 143, "x": 583, "size": 1, "id": "monkeybars_0", "label": "monkeybars"}, {"y": 93, "x": 183, "size": 3, "id": "sun_0", "label": "sun"}, {"y": 195, "x": 62, "size": 3, "id": "bush_0", "label": "bush"}, {"y": 237, "x": 115, "size": 3, "id": "bush_1", "label": "bush"}], "edges": [{"source": "bush_0", "label": "on", "id": 14, "target": "bush_1"}]}