{"nodes": [{"y": 268, "x": 51, "size": 4, "id": "Doll17_0", "label": "person"}, {"y": 316, "x": 664, "size": 3, "id": "Chair02_0", "label": "Chair"}, {"y": 308, "x": 179, "size": 5, "id": "Chair02_1", "label": "Chair"}, {"y": 287, "x": 60, "size": 3, "id": "CoffeeTable_0", "label": "CoffeeTable"}, {"y": 386, "x": 406, "size": 5, "id": "Rug_0", "label": "Rug"}, {"y": 155, "x": 492, "size": 3, "id": "Door_0", "label": "Door"}, {"y": 155, "x": 360, "size": 3, "id": "Door_1", "label": "Door"}, {"y": 192, "x": 240, "size": 3, "id": "CoatRack_0", "label": "CoatRack"}, {"y": 249, "x": 79, "size": 3, "id": "pie_0", "label": "pie"}, {"y": 239, "x": 12, "size": 3, "id": "basket_0", "label": "basket"}], "edges": [{"source": "Doll17_0", "label": "beside", "id": 1, "target": "Chair02_1"}, {"source": "Doll17_0", "label": "aboveC", "id": 2, "target": "CoffeeTable_0"}, {"source": "Doll17_0", "label": "beside", "id": 7, "target": "pie_0"}, {"source": "Doll17_0", "label": "beside", "id": 8, "target": "basket_0"}, {"source": "pie_0", "label": "beside_behind", "id": 22, "target": "Chair02_1"}, {"source": "pie_0", "label": "aboveC", "id": 28, "target": "CoffeeTable_0"}, {"source": "basket_0", "label": "aboveC", "id": 29, "target": "CoffeeTable_0"}, {"source": "pie_0", "label": "beside", "id": 44, "target": "basket_0"}]}