{"nodes": [{"y": 218, "x": 593, "size": 3, "id": "Doll12_0", "label": "person"}, {"y": 208, "x": 475, "size": 3, "id": "Doll20_0", "label": "person"}, {"y": 244, "x": 576, "size": 3, "id": "Chair01_0", "label": "Chair"}, {"y": 235, "x": 475, "size": 3, "id": "Chair01_1", "label": "Chair"}, {"y": 238, "x": 353, "size": 3, "id": "Chair01_2", "label": "Chair"}, {"y": 194, "x": 131, "size": 5, "id": "TV_0", "label": "TV"}, {"y": 279, "x": 132, "size": 3, "id": "Endtable_0", "label": "Endtable"}, {"y": 240, "x": 144, "size": 5, "id": "wine_0", "label": "wine"}], "edges": [{"source": "Doll12_0", "label": "beside", "id": 0, "target": "Doll20_0"}, {"source": "Doll12_0", "label": "on", "id": 1, "target": "Chair01_0"}, {"source": "Doll12_0", "label": "beside", "id": 2, "target": "Chair01_1"}, {"source": "Doll12_0", "label": "near", "id": 3, "target": "Chair01_2"}, {"source": "Doll20_0", "label": "beside", "id": 7, "target": "Chair01_0"}, {"source": "Chair01_1", "label": "surrounds", "id": 8, "target": "Doll20_0"}, {"source": "Doll20_0", "label": "beside", "id": 9, "target": "Chair01_2"}, {"source": "Chair01_0", "label": "beside", "id": 13, "target": "Chair01_1"}, {"source": "Chair01_1", "label": "beside", "id": 18, "target": "Chair01_2"}, {"source": "wine_0", "label": "on", "id": 26, "target": "TV_0"}]}