{"nodes": [{"y": 126, "x": 573, "size": 3, "id": "Doll16_0", "label": "person"}, {"y": 137, "x": 500, "size": 3, "id": "Rabbit_0", "label": "Rabbit"}, {"y": 185, "x": 526, "size": 3, "id": "sandbox_0", "label": "sandbox"}, {"y": 152, "x": 144, "size": 3, "id": "monkeybars_0", "label": "monkeybars"}, {"y": 311, "x": 556, "size": 3, "id": "jumprope_0", "label": "jumprope"}, {"y": 252, "x": 306, "size": 3, "id": "shovel_0", "label": "shovel"}, {"y": 222, "x": 346, "size": 3, "id": "pail_0", "label": "pail"}], "edges": [{"source": "Doll16_0", "label": "beside", "id": 0, "target": "Rabbit_0"}, {"source": "Doll16_0", "label": "aboveC", "id": 1, "target": "sandbox_0"}, {"source": "Doll16_0", "label": "above", "id": 3, "target": "jumprope_0"}, {"source": "Rabbit_0", "label": "on", "id": 6, "target": "sandbox_0"}]}