{"nodes": [{"y": 307, "x": 167, "size": 3, "id": "Doll15_0", "label": "person"}, {"y": 275, "x": 536, "size": 3, "id": "Cat01_0", "label": "Cat"}, {"y": 263, "x": 479, "size": 3, "id": "Cat01_1", "label": "Cat"}, {"y": 88, "x": 524, "size": 3, "id": "Window02_0", "label": "Window"}, {"y": 182, "x": 639, "size": 3, "id": "CoatRack_0", "label": "CoatRack"}, {"y": 167, "x": 336, "size": 3, "id": "Door_0", "label": "Door"}, {"y": 322, "x": 516, "size": 3, "id": "Sofa_0", "label": "Sofa"}, {"y": 370, "x": 237, "size": 3, "id": "CoffeeTable_0", "label": "CoffeeTable"}], "edges": [{"source": "Doll15_0", "label": "near", "id": 0, "target": "Cat01_0"}, {"source": "Doll15_0", "label": "near", "id": 1, "target": "Cat01_1"}, {"source": "Doll15_0", "label": "near", "id": 5, "target": "Sofa_0"}, {"source": "Doll15_0", "label": "beside", "id": 6, "target": "CoffeeTable_0"}, {"source": "Cat01_0", "label": "beside", "id": 7, "target": "Cat01_1"}, {"source": "Sofa_0", "label": "surrounds", "id": 11, "target": "Cat01_0"}, {"source": "Sofa_0", "label": "surrounds", "id": 16, "target": "Cat01_1"}]}