{"nodes": [{"y": 247, "x": 541, "size": 3, "id": "Doll01_0", "label": "person"}, {"y": 245, "x": 187, "size": 3, "id": "Doll13_0", "label": "person"}, {"y": 240, "x": 64, "size": 3, "id": "Doll11_0", "label": "person"}, {"y": 120, "x": 162, "size": 3, "id": "Window05_0", "label": "Window"}, {"y": 119, "x": 585, "size": 3, "id": "Window05_1", "label": "Window"}, {"y": 301, "x": 599, "size": 3, "id": "Couch_0", "label": "Couch"}, {"y": 300, "x": 126, "size": 3, "id": "Couch_1", "label": "Couch"}, {"y": 97, "x": 371, "size": 3, "id": "Picture_0", "label": "Picture"}, {"y": 362, "x": 362, "size": 3, "id": "CoffeeTable_0", "label": "CoffeeTable"}, {"y": 235, "x": 366, "size": 3, "id": "Chair02_0", "label": "Chair"}, {"y": 247, "x": 250, "size": 5, "id": "Book_0", "label": "Book"}, {"y": 263, "x": 475, "size": 3, "id": "Book_1", "label": "Book"}, {"y": 325, "x": 414, "size": 3, "id": "Book_2", "label": "Book"}, {"y": 326, "x": 284, "size": 3, "id": "Book_3", "label": "Book"}, {"y": 315, "x": 284, "size": 3, "id": "Book_4", "label": "Book"}, {"y": 324, "x": 360, "size": 3, "id": "DishesSnack_0", "label": "DishesSnack"}, {"y": 247, "x": 106, "size": 3, "id": "DishesSnack_1", "label": "DishesSnack"}, {"y": 222, "x": 345, "size": 3, "id": "Pillow_0", "label": "Pillow"}, {"y": 220, "x": 380, "size": 3, "id": "Pillow_1", "label": "Pillow"}, {"y": 271, "x": 630, "size": 3, "id": "Pillow_2", "label": "Pillow"}], "edges": [{"source": "Doll01_0", "label": "opposite", "id": 0, "target": "Doll13_0"}, {"source": "Doll01_0", "label": "opposite", "id": 1, "target": "Doll11_0"}, {"source": "Doll01_0", "label": "on", "id": 4, "target": "Couch_0"}, {"source": "Doll01_0", "label": "near", "id": 8, "target": "Chair02_0"}, {"source": "Doll01_0", "label": "beside", "id": 10, "target": "Book_1"}, {"source": "Doll01_0", "label": "near", "id": 11, "target": "Book_2"}, {"source": "Doll13_0", "label": "near", "id": 19, "target": "Doll11_0"}, {"source": "Doll13_0", "label": "on", "id": 23, "target": "Couch_1"}, {"source": "Doll13_0", "label": "beside", "id": 33, "target": "DishesSnack_1"}, {"source": "Doll11_0", "label": "on", "id": 40, "target": "Couch_1"}, {"source": "Doll11_0", "label": "beside", "id": 50, "target": "DishesSnack_1"}, {"source": "Couch_0", "label": "surrounds", "id": 98, "target": "Pillow_2"}, {"source": "Couch_1", "label": "surrounds", "id": 108, "target": "DishesSnack_1"}, {"source": "DishesSnack_0", "label": "aboveC", "id": 130, "target": "CoffeeTable_0"}, {"source": "Book_2", "label": "below", "id": 137, "target": "Chair02_0"}, {"source": "Book_3", "label": "below", "id": 138, "target": "Chair02_0"}, {"source": "DishesSnack_0", "label": "belowC", "id": 140, "target": "Chair02_0"}, {"source": "Chair02_0", "label": "surrounds", "id": 142, "target": "Pillow_0"}, {"source": "Chair02_0", "label": "surrounds", "id": 143, "target": "Pillow_1"}, {"source": "Book_1", "label": "aboveC", "id": 154, "target": "Book_2"}, {"source": "Book_3", "label": "on", "id": 169, "target": "Book_4"}]}