{"nodes": [{"y": 235, "x": 198, "size": 3, "id": "Doll08_0", "label": "person"}, {"y": 291, "x": 222, "size": 3, "id": "Sofa_0", "label": "Sofa"}, {"y": 348, "x": 384, "size": 3, "id": "Rug_0", "label": "Rug"}, {"y": 123, "x": 150, "size": 3, "id": "Window05_0", "label": "Window"}, {"y": 160, "x": 562, "size": 3, "id": "Door_0", "label": "Door"}, {"y": 127, "x": 374, "size": 3, "id": "Picture_0", "label": "Picture"}], "edges": [{"source": "Doll08_0", "label": "on", "id": 0, "target": "Sofa_0"}, {"source": "Doll08_0", "label": "belowC", "id": 2, "target": "Window05_0"}]}