{"nodes": [{"y": 194, "x": 449, "size": 3, "id": "Doll16_0", "label": "person"}, {"y": 126, "x": 532, "size": 3, "id": "Doll11_0", "label": "person"}, {"y": 193, "x": 485, "size": 3, "id": "Doll18_0", "label": "person"}, {"y": 123, "x": 1, "size": 1, "id": "slide_0", "label": "slide"}, {"y": 177, "x": -5, "size": 3, "id": "seesaw_0", "label": "seesaw"}, {"y": 308, "x": 608, "size": 5, "id": "log_0", "label": "log"}, {"y": 85, "x": 521, "size": 3, "id": "sun_0", "label": "sun"}, {"y": 212, "x": 603, "size": 4, "id": "bush_0", "label": "bush"}, {"y": 306, "x": 286, "size": 5, "id": "sidewalk_0", "label": "sidewalk"}], "edges": [{"source": "Doll16_0", "label": "beside", "id": 1, "target": "Doll18_0"}, {"source": "Doll11_0", "label": "above", "id": 8, "target": "Doll18_0"}, {"source": "Doll11_0", "label": "on", "id": 12, "target": "sun_0"}, {"source": "Doll11_0", "label": "above", "id": 13, "target": "bush_0"}]}