{"nodes": [{"y": 150, "x": 547, "size": 3, "id": "Doll12_0", "label": "person"}, {"y": 207, "x": 268, "size": 3, "id": "Doll03_0", "label": "person"}, {"y": 50, "x": 389, "size": 3, "id": "Pigeon_0", "label": "Pigeon"}, {"y": 134, "x": 96, "size": 3, "id": "tree_0", "label": "tree"}, {"y": 198, "x": 583, "size": 3, "id": "bench_0", "label": "bench"}, {"y": 45, "x": 145, "size": 3, "id": "sun_0", "label": "sun"}, {"y": 163, "x": 494, "size": 3, "id": "football_0", "label": "football"}], "edges": [{"source": "Doll12_0", "label": "opposite", "id": 0, "target": "Doll03_0"}, {"source": "Doll12_0", "label": "on", "id": 3, "target": "bench_0"}, {"source": "Doll12_0", "label": "beside", "id": 5, "target": "football_0"}, {"source": "bench_0", "label": "surrounds", "id": 19, "target": "football_0"}]}