{"nodes": [{"y": 229, "x": 333, "size": 3, "id": "Doll03_0", "label": "person"}, {"y": 221, "x": 618, "size": 3, "id": "Doll01_0", "label": "person"}, {"y": 115, "x": 644, "size": 3, "id": "tree_0", "label": "tree"}, {"y": 85, "x": 323, "size": 3, "id": "tree_1", "label": "tree"}, {"y": 106, "x": 514, "size": 3, "id": "tree_2", "label": "tree"}, {"y": 116, "x": 201, "size": 3, "id": "tree_3", "label": "tree"}, {"y": 277, "x": 95, "size": 3, "id": "bike_0", "label": "bike"}, {"y": 288, "x": 160, "size": 3, "id": "bike_1", "label": "bike"}, {"y": 250, "x": 321, "size": 3, "id": "log_0", "label": "log"}, {"y": 250, "x": 460, "size": 3, "id": "campfire_0", "label": "campfire"}], "edges": [{"source": "Doll03_0", "label": "below", "id": 2, "target": "tree_1"}, {"source": "Doll03_0", "label": "aboveC", "id": 7, "target": "log_0"}, {"source": "Doll01_0", "label": "on", "id": 9, "target": "tree_0"}, {"source": "Doll01_0", "label": "below", "id": 11, "target": "tree_2"}, {"source": "campfire_0", "label": "below", "id": 34, "target": "tree_2"}]}