{"nodes": [{"y": 214, "x": 464, "size": 3, "id": "Doll07_0", "label": "person"}, {"y": 74, "x": 629, "size": 3, "id": "sun_0", "label": "sun"}, {"y": 242, "x": 664, "size": 3, "id": "tree_0", "label": "tree"}, {"y": 224, "x": 98, "size": 3, "id": "pond_0", "label": "pond"}, {"y": 195, "x": 504, "size": 3, "id": "log_0", "label": "log"}, {"y": 266, "x": 472, "size": 3, "id": "blanket_0", "label": "blanket"}], "edges": [{"source": "Doll07_0", "label": "beside", "id": 3, "target": "log_0"}, {"source": "Doll07_0", "label": "aboveC", "id": 4, "target": "blanket_0"}, {"source": "log_0", "label": "above", "id": 14, "target": "blanket_0"}]}