{"nodes": [{"y": 167, "x": 290, "size": 3, "id": "Doll03_0", "label": "person"}, {"y": 46, "x": 73, "size": 3, "id": "sun_0", "label": "sun"}, {"y": 275, "x": 112, "size": 3, "id": "grill_0", "label": "grill"}, {"y": 99, "x": 676, "size": 3, "id": "tree_0", "label": "tree"}, {"y": 114, "x": 476, "size": 3, "id": "bush_0", "label": "bush"}, {"y": 113, "x": 314, "size": 3, "id": "bush_1", "label": "bush"}, {"y": 139, "x": 171, "size": 3, "id": "bush_2", "label": "bush"}, {"y": 286, "x": 570, "size": 3, "id": "blanket_0", "label": "blanket"}, {"y": 227, "x": 562, "size": 3, "id": "basket_0", "label": "basket"}, {"y": 202, "x": 199, "size": 3, "id": "tongs_0", "label": "tongs"}, {"y": 225, "x": 101, "size": 3, "id": "corn_0", "label": "corn"}, {"y": 200, "x": 109, "size": 3, "id": "campfire_0", "label": "campfire"}, {"y": 202, "x": 113, "size": 3, "id": "steak_0", "label": "steak"}, {"y": 57, "x": 634, "size": 3, "id": "nest_0", "label": "nest"}, {"y": 264, "x": 601, "size": 3, "id": "sandwich_0", "label": "sandwich"}, {"y": 269, "x": 668, "size": 3, "id": "bottle_0", "label": "bottle"}, {"y": 295, "x": 597, "size": 3, "id": "wine_0", "label": "wine"}, {"y": 295, "x": 624, "size": 3, "id": "wine_1", "label": "wine"}], "edges": [{"source": "Doll03_0", "label": "on", "id": 4, "target": "bush_1"}, {"source": "Doll03_0", "label": "near", "id": 11, "target": "steak_0"}, {"source": "grill_0", "label": "surrounds", "id": 40, "target": "corn_0"}, {"source": "campfire_0", "label": "above", "id": 41, "target": "grill_0"}, {"source": "steak_0", "label": "above", "id": 42, "target": "grill_0"}, {"source": "tree_0", "label": "surrounds", "id": 57, "target": "nest_0"}, {"source": "tongs_0", "label": "belowC", "id": 89, "target": "bush_2"}, {"source": "basket_0", "label": "aboveC", "id": 98, "target": "blanket_0"}, {"source": "blanket_0", "label": "surrounds", "id": 104, "target": "sandwich_0"}, {"source": "bottle_0", "label": "on", "id": 105, "target": "blanket_0"}, {"source": "blanket_0", "label": "surrounds", "id": 106, "target": "wine_0"}, {"source": "blanket_0", "label": "surrounds", "id": 107, "target": "wine_1"}, {"source": "campfire_0", "label": "surrounds", "id": 125, "target": "corn_0"}, {"source": "corn_0", "label": "belowC", "id": 126, "target": "steak_0"}, {"source": "campfire_0", "label": "beside", "id": 132, "target": "steak_0"}, {"source": "sandwich_0", "label": "aboveC", "id": 148, "target": "wine_0"}, {"source": "sandwich_0", "label": "aboveC", "id": 149, "target": "wine_1"}]}