{"nodes": [{"y": 234, "x": 75, "size": 3, "id": "Doll12_0", "label": "person"}, {"y": 204, "x": 287, "size": 3, "id": "Doll09_0", "label": "person"}, {"y": 104, "x": 618, "size": 3, "id": "tree_0", "label": "tree"}, {"y": 265, "x": 184, "size": 3, "id": "blanket_0", "label": "blanket"}, {"y": 146, "x": 586, "size": 3, "id": "sun_0", "label": "sun"}, {"y": 198, "x": 523, "size": 3, "id": "bush_0", "label": "bush"}, {"y": 202, "x": 142, "size": 3, "id": "basket_0", "label": "basket"}, {"y": 217, "x": 191, "size": 3, "id": "bottle_0", "label": "bottle"}], "edges": [{"source": "Doll12_0", "label": "beside", "id": 5, "target": "basket_0"}, {"source": "Doll09_0", "label": "near", "id": 8, "target": "blanket_0"}, {"source": "Doll09_0", "label": "near", "id": 11, "target": "basket_0"}, {"source": "tree_0", "label": "aboveC", "id": 14, "target": "sun_0"}, {"source": "basket_0", "label": "aboveC", "id": 20, "target": "blanket_0"}, {"source": "bottle_0", "label": "aboveC", "id": 21, "target": "blanket_0"}]}