{"nodes": [{"y": 237, "x": 282, "size": 3, "id": "Frog_0", "label": "Frog"}, {"y": 271, "x": 474, "size": 3, "id": "Squirrel_0", "label": "Squirrel"}, {"y": 355, "x": 140, "size": 3, "id": "sidewalk_0", "label": "sidewalk"}, {"y": 116, "x": 546, "size": 3, "id": "tree_0", "label": "tree"}, {"y": 156, "x": 132, "size": 3, "id": "tree_1", "label": "tree"}, {"y": 184, "x": 660, "size": 3, "id": "bush_0", "label": "bush"}, {"y": 159, "x": 206, "size": 3, "id": "bush_1", "label": "bush"}, {"y": 45, "x": 457, "size": 3, "id": "cloud_0", "label": "cloud"}, {"y": 85, "x": 360, "size": 3, "id": "sun_0", "label": "sun"}, {"y": 85, "x": 130, "size": 3, "id": "nest_0", "label": "nest"}], "edges": [{"source": "tree_1", "label": "surrounds", "id": 3, "target": "Frog_0"}, {"source": "Squirrel_0", "label": "below", "id": 10, "target": "tree_0"}, {"source": "tree_1", "label": "surrounds", "id": 34, "target": "nest_0"}]}