{"nodes": [{"y": 190, "x": 314, "size": 3, "id": "Doll07_0", "label": "person"}, {"y": 262, "x": 510, "size": 3, "id": "Doll18_0", "label": "person"}, {"y": 196, "x": 598, "size": 3, "id": "tree_0", "label": "tree"}, {"y": 232, "x": 112, "size": 3, "id": "bush_0", "label": "bush"}, {"y": 261, "x": 244, "size": 3, "id": "bench_0", "label": "bench"}, {"y": 57, "x": 153, "size": 3, "id": "sun_0", "label": "sun"}], "edges": [{"source": "Doll07_0", "label": "opposite", "id": 0, "target": "Doll18_0"}, {"source": "Doll07_0", "label": "above", "id": 3, "target": "bench_0"}, {"source": "Doll18_0", "label": "near", "id": 5, "target": "tree_0"}]}