{"nodes": [{"y": 320, "x": 225, "size": 3, "id": "Doll12_0", "label": "person"}, {"y": 250, "x": 589, "size": 5, "id": "Doll04_0", "label": "person"}, {"y": 103, "x": 362, "size": 3, "id": "Window03_0", "label": "Window"}, {"y": 339, "x": 356, "size": 3, "id": "Rug_0", "label": "Rug"}, {"y": 168, "x": 409, "size": 4, "id": "Plant_0", "label": "Plant"}, {"y": 166, "x": 318, "size": 4, "id": "Plant_1", "label": "Plant"}, {"y": 232, "x": 209, "size": 3, "id": "Chair02_0", "label": "Chair"}, {"y": 231, "x": 510, "size": 3, "id": "Chair02_1", "label": "Chair"}, {"y": 88, "x": 520, "size": 3, "id": "Picture_0", "label": "Picture"}, {"y": 88, "x": 200, "size": 3, "id": "Picture_1", "label": "Picture"}, {"y": 305, "x": 599, "size": 5, "id": "Chair01_0", "label": "Chair"}, {"y": 262, "x": 357, "size": 3, "id": "Desk_0", "label": "Desk"}], "edges": [{"source": "Doll12_0", "label": "opposite_behind", "id": 0, "target": "Doll04_0"}, {"source": "Doll12_0", "label": "on", "id": 2, "target": "Rug_0"}, {"source": "Doll12_0", "label": "belowC", "id": 5, "target": "Chair02_0"}, {"source": "Doll04_0", "label": "near_infront", "id": 12, "target": "Rug_0"}, {"source": "Doll04_0", "label": "beside_infront", "id": 16, "target": "Chair02_1"}, {"source": "Doll04_0", "label": "on", "id": 19, "target": "Chair01_0"}, {"source": "Window03_0", "label": "aboveC", "id": 22, "target": "Plant_0"}, {"source": "Window03_0", "label": "aboveC", "id": 23, "target": "Plant_1"}, {"source": "Rug_0", "label": "belowC", "id": 37, "target": "Desk_0"}, {"source": "Plant_0", "label": "aboveC", "id": 44, "target": "Desk_0"}, {"source": "Plant_1", "label": "aboveC", "id": 50, "target": "Desk_0"}]}