{"nodes": [{"y": 238, "x": 88, "size": 3, "id": "Doll11_0", "label": "person"}, {"y": 168, "x": 560, "size": 3, "id": "Door_0", "label": "Door"}, {"y": 104, "x": 292, "size": 3, "id": "Window05_0", "label": "Window"}, {"y": 280, "x": 87, "size": 3, "id": "Chair01_0", "label": "Chair"}, {"y": 317, "x": 297, "size": 3, "id": "Table_0", "label": "Table"}, {"y": 211, "x": 289, "size": 3, "id": "Plant_0", "label": "Plant"}, {"y": 248, "x": 228, "size": 3, "id": "DishesMeal_0", "label": "DishesMeal"}], "edges": [{"source": "Doll11_0", "label": "on", "id": 2, "target": "Chair01_0"}, {"source": "Doll11_0", "label": "near", "id": 3, "target": "Table_0"}, {"source": "Doll11_0", "label": "beside", "id": 5, "target": "DishesMeal_0"}, {"source": "Window05_0", "label": "aboveC", "id": 13, "target": "Plant_0"}, {"source": "Table_0", "label": "belowC", "id": 18, "target": "Plant_0"}, {"source": "DishesMeal_0", "label": "aboveC", "id": 19, "target": "Table_0"}]}