{"nodes": [{"y": 233, "x": 398, "size": 3, "id": "Fireplace_0", "label": "Fireplace"}, {"y": 342, "x": 380, "size": 1, "id": "Rug_0", "label": "Rug"}, {"y": 293, "x": 564, "size": 1, "id": "Couch_0", "label": "Couch"}, {"y": 290, "x": 230, "size": 1, "id": "Couch_1", "label": "Couch"}, {"y": 88, "x": 391, "size": 3, "id": "Picture_0", "label": "Picture"}, {"y": 98, "x": 105, "size": 3, "id": "Window02_0", "label": "Window"}, {"y": 324, "x": 399, "size": 1, "id": "CoffeeTable_0", "label": "CoffeeTable"}], "edges": [{"source": "Fireplace_0", "label": "belowC", "id": 3, "target": "Picture_0"}]}