{"nodes": [{"y": 144, "x": 395, "size": 2, "id": "Doll06_0", "label": "person"}, {"y": 205, "x": 362, "size": 1, "id": "Doll18_0", "label": "person"}, {"y": 195, "x": 99, "size": 3, "id": "bench_0", "label": "bench"}, {"y": 217, "x": 372, "size": 3, "id": "blanket_0", "label": "blanket"}, {"y": 236, "x": 432, "size": 3, "id": "blanket_1", "label": "blanket"}, {"y": 131, "x": 565, "size": 3, "id": "tree_0", "label": "tree"}, {"y": 328, "x": 642, "size": 3, "id": "grill_0", "label": "grill"}, {"y": 35, "x": 36, "size": 1, "id": "sun_0", "label": "sun"}, {"y": 162, "x": 56, "size": 2, "id": "bike_0", "label": "bike"}, {"y": 207, "x": 313, "size": 3, "id": "plate_0", "label": "plate"}, {"y": 263, "x": 460, "size": 3, "id": "plate_1", "label": "plate"}, {"y": 187, "x": 318, "size": 3, "id": "cup_0", "label": "cup"}, {"y": 249, "x": 480, "size": 3, "id": "cup_1", "label": "cup"}, {"y": 165, "x": 420, "size": 3, "id": "hamburger_0", "label": "hamburger"}, {"y": 209, "x": 377, "size": 3, "id": "hotdog_0", "label": "hotdog"}], "edges": [{"source": "Doll06_0", "label": "aboveC", "id": 0, "target": "Doll18_0"}, {"source": "Doll06_0", "label": "above", "id": 2, "target": "blanket_0"}, {"source": "Doll06_0", "label": "above", "id": 3, "target": "blanket_1"}, {"source": "Doll06_0", "label": "on", "id": 4, "target": "tree_0"}, {"source": "Doll06_0", "label": "above", "id": 9, "target": "plate_1"}, {"source": "Doll06_0", "label": "above", "id": 11, "target": "cup_1"}, {"source": "Doll06_0", "label": "beside", "id": 12, "target": "hamburger_0"}, {"source": "Doll06_0", "label": "aboveC", "id": 13, "target": "hotdog_0"}, {"source": "Doll18_0", "label": "above_behind", "id": 15, "target": "blanket_0"}, {"source": "Doll18_0", "label": "near_behind", "id": 16, "target": "blanket_1"}, {"source": "blanket_0", "label": "on", "id": 39, "target": "blanket_1"}, {"source": "blanket_0", "label": "surrounds", "id": 44, "target": "plate_0"}, {"source": "plate_1", "label": "on", "id": 45, "target": "blanket_0"}, {"source": "blanket_0", "label": "surrounds", "id": 46, "target": "cup_0"}, {"source": "cup_1", "label": "on", "id": 47, "target": "blanket_0"}, {"source": "hamburger_0", "label": "aboveC", "id": 48, "target": "blanket_0"}, {"source": "blanket_0", "label": "surrounds", "id": 49, "target": "hotdog_0"}, {"source": "blanket_1", "label": "on", "id": 50, "target": "tree_0"}, {"source": "blanket_1", "label": "surrounds", "id": 55, "target": "plate_1"}, {"source": "blanket_1", "label": "surrounds", "id": 57, "target": "cup_1"}, {"source": "hamburger_0", "label": "aboveC", "id": 58, "target": "blanket_1"}, {"source": "blanket_1", "label": "surrounds", "id": 59, "target": "hotdog_0"}, {"source": "tree_0", "label": "surrounds", "id": 64, "target": "plate_1"}, {"source": "tree_0", "label": "surrounds", "id": 66, "target": "cup_1"}, {"source": "tree_0", "label": "surrounds", "id": 67, "target": "hamburger_0"}, {"source": "plate_0", "label": "belowC", "id": 91, "target": "cup_0"}, {"source": "hamburger_0", "label": "aboveC", "id": 104, "target": "hotdog_0"}]}