{"nodes": [{"y": 237, "x": 181, "size": 3, "id": "Doll12_0", "label": "person"}, {"y": 99, "x": 533, "size": 3, "id": "Bird_0", "label": "Bird"}, {"y": 77, "x": 443, "size": 3, "id": "Bird_1", "label": "Bird"}, {"y": 323, "x": 365, "size": 3, "id": "Koi_0", "label": "Koi"}, {"y": 337, "x": 437, "size": 3, "id": "Koi_1", "label": "Koi"}, {"y": 298, "x": 481, "size": 3, "id": "Turtle_0", "label": "Turtle"}, {"y": 170, "x": 106, "size": 1, "id": "scooter_0", "label": "scooter"}, {"y": 90, "x": 105, "size": 1, "id": "tree_0", "label": "tree"}, {"y": 285, "x": 120, "size": 3, "id": "bench_0", "label": "bench"}, {"y": 300, "x": 617, "size": 3, "id": "bench_1", "label": "bench"}, {"y": 46, "x": 654, "size": 3, "id": "sun_0", "label": "sun"}, {"y": 69, "x": 582, "size": 3, "id": "cloud_0", "label": "cloud"}, {"y": 96, "x": 525, "size": 3, "id": "cloud_1", "label": "cloud"}, {"y": 34, "x": 605, "size": 3, "id": "cloud_2", "label": "cloud"}, {"y": 330, "x": 411, "size": 3, "id": "pond_0", "label": "pond"}], "edges": [{"source": "Doll12_0", "label": "opposite", "id": 4, "target": "Turtle_0"}, {"source": "Doll12_0", "label": "on", "id": 7, "target": "bench_0"}, {"source": "cloud_1", "label": "surrounds", "id": 24, "target": "Bird_0"}, {"source": "Bird_1", "label": "on", "id": 36, "target": "cloud_1"}, {"source": "Koi_0", "label": "beside", "id": 39, "target": "Koi_1"}, {"source": "pond_0", "label": "surrounds", "id": 49, "target": "Koi_0"}, {"source": "Koi_1", "label": "beside", "id": 50, "target": "Turtle_0"}, {"source": "pond_0", "label": "surrounds", "id": 59, "target": "Koi_1"}, {"source": "pond_0", "label": "surrounds", "id": 68, "target": "Turtle_0"}, {"source": "scooter_0", "label": "on", "id": 69, "target": "tree_0"}, {"source": "cloud_0", "label": "on", "id": 99, "target": "cloud_1"}, {"source": "cloud_0", "label": "belowC", "id": 100, "target": "cloud_2"}]}