{"nodes": [{"y": 205, "x": 404, "size": 3, "id": "Doll11_0", "label": "person"}, {"y": 202, "x": 193, "size": 3, "id": "Doll14_0", "label": "person"}, {"y": 102, "x": 195, "size": 3, "id": "Window02_0", "label": "Window"}, {"y": 86, "x": 577, "size": 5, "id": "Picture_0", "label": "Picture"}, {"y": 263, "x": 279, "size": 5, "id": "CoffeeTable_0", "label": "CoffeeTable"}, {"y": 248, "x": 400, "size": 3, "id": "Chair01_0", "label": "Chair"}, {"y": 253, "x": 196, "size": 3, "id": "Chair01_1", "label": "Chair"}, {"y": 327, "x": 656, "size": 3, "id": "Rug_0", "label": "Rug"}, {"y": 136, "x": 301, "size": 3, "id": "wine_0", "label": "wine"}, {"y": 131, "x": 291, "size": 3, "id": "wine_1", "label": "wine"}, {"y": 209, "x": 298, "size": 3, "id": "bottle_0", "label": "bottle"}, {"y": 222, "x": 289, "size": 5, "id": "bottle_1", "label": "bottle"}], "edges": [{"source": "Doll11_0", "label": "near", "id": 0, "target": "Doll14_0"}, {"source": "Doll11_0", "label": "on", "id": 4, "target": "Chair01_0"}, {"source": "Doll11_0", "label": "beside", "id": 9, "target": "bottle_0"}, {"source": "Doll14_0", "label": "belowC", "id": 11, "target": "Window02_0"}, {"source": "Doll14_0", "label": "on", "id": 15, "target": "Chair01_1"}, {"source": "Doll14_0", "label": "beside", "id": 19, "target": "bottle_0"}, {"source": "CoffeeTable_0", "label": "surrounds", "id": 43, "target": "bottle_0"}, {"source": "CoffeeTable_0", "label": "surrounds", "id": 44, "target": "bottle_1"}, {"source": "wine_0", "label": "beside", "id": 60, "target": "wine_1"}, {"source": "wine_0", "label": "aboveC", "id": 61, "target": "bottle_0"}, {"source": "wine_1", "label": "aboveC", "id": 63, "target": "bottle_0"}]}