{"nodes": [{"y": 262, "x": 209, "size": 3, "id": "Doll18_0", "label": "person"}, {"y": 353, "x": 55, "size": 3, "id": "Cat02_0", "label": "Cat"}, {"y": 227, "x": 617, "size": 3, "id": "Fireplace_0", "label": "Fireplace"}, {"y": 162, "x": 67, "size": 3, "id": "Door_0", "label": "Door"}, {"y": 339, "x": 207, "size": 3, "id": "Stool_0", "label": "Stool"}, {"y": 354, "x": 1, "size": 3, "id": "Rug_0", "label": "Rug"}, {"y": 181, "x": 414, "size": 3, "id": "CoatRack_0", "label": "CoatRack"}], "edges": [{"source": "Doll18_0", "label": "near", "id": 0, "target": "Cat02_0"}, {"source": "Doll18_0", "label": "aboveC", "id": 3, "target": "Stool_0"}, {"source": "Doll18_0", "label": "near", "id": 4, "target": "Rug_0"}, {"source": "Rug_0", "label": "surrounds", "id": 9, "target": "Cat02_0"}]}