{"nodes": [{"y": 342, "x": 100, "size": 3, "id": "Doll20_0", "label": "person"}, {"y": 245, "x": 254, "size": 3, "id": "Doll04_0", "label": "person"}, {"y": 291, "x": 434, "size": 4, "id": "DiningTable_0", "label": "DiningTable"}, {"y": 271, "x": 340, "size": 3, "id": "DiningChair_0", "label": "DiningChair"}, {"y": 267, "x": 512, "size": 3, "id": "DiningChair_1", "label": "DiningChair"}, {"y": 174, "x": 669, "size": 3, "id": "CoatRack_0", "label": "CoatRack"}, {"y": 259, "x": 137, "size": 3, "id": "Plant_0", "label": "Plant"}, {"y": 118, "x": 139, "size": 3, "id": "Window02_0", "label": "Window"}, {"y": 109, "x": 439, "size": 3, "id": "Picture_0", "label": "Picture"}], "edges": [{"source": "Doll20_0", "label": "near", "id": 0, "target": "Doll04_0"}, {"source": "Doll20_0", "label": "belowC", "id": 5, "target": "Plant_0"}, {"source": "Doll04_0", "label": "beside", "id": 9, "target": "DiningChair_0"}, {"source": "Doll04_0", "label": "beside", "id": 12, "target": "Plant_0"}, {"source": "Plant_0", "label": "belowC", "id": 33, "target": "Window02_0"}]}