{"nodes": [{"y": 242, "x": 207, "size": 3, "id": "Doll13_0", "label": "person"}, {"y": 276, "x": 477, "size": 3, "id": "Doll10_0", "label": "person"}, {"y": 329, "x": 478, "size": 3, "id": "blanket_0", "label": "blanket"}, {"y": 157, "x": 555, "size": 3, "id": "bush_0", "label": "bush"}, {"y": 231, "x": 71, "size": 3, "id": "log_0", "label": "log"}, {"y": 73, "x": 279, "size": 3, "id": "cloud_0", "label": "cloud"}, {"y": 317, "x": 562, "size": 3, "id": "basket_0", "label": "basket"}], "edges": [{"source": "Doll13_0", "label": "opposite", "id": 0, "target": "Doll10_0"}, {"source": "Doll10_0", "label": "aboveC", "id": 6, "target": "blanket_0"}, {"source": "Doll10_0", "label": "near", "id": 10, "target": "basket_0"}, {"source": "basket_0", "label": "on", "id": 14, "target": "blanket_0"}]}