{"nodes": [{"y": 248, "x": 456, "size": 3, "id": "Doll16_0", "label": "person"}, {"y": 151, "x": 255, "size": 3, "id": "Doll18_0", "label": "person"}, {"y": 141, "x": 672, "size": 3, "id": "bush_0", "label": "bush"}, {"y": 130, "x": 207, "size": 3, "id": "bush_1", "label": "bush"}, {"y": 368, "x": 675, "size": 3, "id": "bush_2", "label": "bush"}, {"y": 130, "x": 114, "size": 3, "id": "bush_3", "label": "bush"}, {"y": 26, "x": 682, "size": 3, "id": "sun_0", "label": "sun"}, {"y": 252, "x": 574, "size": 3, "id": "sandbox_0", "label": "sandbox"}, {"y": 132, "x": 231, "size": 3, "id": "monkeybars_0", "label": "monkeybars"}, {"y": 77, "x": 469, "size": 3, "id": "tree_0", "label": "tree"}, {"y": 241, "x": 28, "size": 3, "id": "tree_1", "label": "tree"}, {"y": 290, "x": 299, "size": 3, "id": "seesaw_0", "label": "seesaw"}, {"y": 45, "x": 545, "size": 3, "id": "cloud_0", "label": "cloud"}, {"y": 79, "x": 435, "size": 3, "id": "cloud_1", "label": "cloud"}, {"y": 341, "x": 527, "size": 3, "id": "soccer_0", "label": "soccer"}, {"y": 213, "x": 610, "size": 3, "id": "pail_0", "label": "pail"}, {"y": 227, "x": 551, "size": 3, "id": "shovel_0", "label": "shovel"}], "edges": [{"source": "Doll16_0", "label": "above", "id": 13, "target": "soccer_0"}, {"source": "Doll18_0", "label": "beside", "id": 17, "target": "bush_1"}, {"source": "monkeybars_0", "label": "surrounds", "id": 22, "target": "Doll18_0"}, {"source": "Doll18_0", "label": "above", "id": 25, "target": "seesaw_0"}, {"source": "monkeybars_0", "label": "surrounds", "id": 49, "target": "bush_1"}, {"source": "bush_3", "label": "on", "id": 72, "target": "monkeybars_0"}, {"source": "soccer_0", "label": "below", "id": 97, "target": "sandbox_0"}, {"source": "pail_0", "label": "on", "id": 98, "target": "sandbox_0"}, {"source": "sandbox_0", "label": "surrounds", "id": 99, "target": "shovel_0"}, {"source": "monkeybars_0", "label": "above", "id": 102, "target": "seesaw_0"}]}