{"nodes": [{"y": 193, "x": 605, "size": 3, "id": "Doll15_0", "label": "person"}, {"y": 181, "x": 502, "size": 3, "id": "seesaw_0", "label": "seesaw"}, {"y": 71, "x": 236, "size": 3, "id": "sun_0", "label": "sun"}, {"y": 344, "x": 527, "size": 3, "id": "sidewalk_0", "label": "sidewalk"}, {"y": 241, "x": 213, "size": 3, "id": "sandbox_0", "label": "sandbox"}, {"y": 145, "x": 685, "size": 3, "id": "bush_0", "label": "bush"}, {"y": 148, "x": -3, "size": 3, "id": "bush_1", "label": "bush"}], "edges": [{"source": "Doll15_0", "label": "on", "id": 0, "target": "seesaw_0"}, {"source": "Doll15_0", "label": "above", "id": 2, "target": "sidewalk_0"}]}