{"nodes": [{"y": 266, "x": 230, "size": 3, "id": "Doll17_0", "label": "person"}, {"y": 101, "x": 624, "size": 3, "id": "Bird_0", "label": "Bird"}, {"y": 77, "x": 671, "size": 3, "id": "Bird_1", "label": "Bird"}, {"y": 248, "x": 440, "size": 5, "id": "Frog_0", "label": "Frog"}, {"y": 272, "x": 282, "size": 3, "id": "Frog_1", "label": "Frog"}, {"y": 31, "x": 93, "size": 3, "id": "Robin_0", "label": "Robin"}, {"y": 282, "x": 667, "size": 3, "id": "Racoon_0", "label": "Racoon"}, {"y": 115, "x": 272, "size": 3, "id": "Butterfly01_0", "label": "Butterfly"}, {"y": 83, "x": 261, "size": 3, "id": "Butterfly01_1", "label": "Butterfly"}, {"y": 109, "x": 196, "size": 3, "id": "Butterfly01_2", "label": "Butterfly"}, {"y": 124, "x": 225, "size": 3, "id": "Butterfly01_3", "label": "Butterfly"}, {"y": 69, "x": 200, "size": 3, "id": "Butterfly01_4", "label": "Butterfly"}, {"y": 45, "x": 301, "size": 3, "id": "sun_0", "label": "sun"}, {"y": 153, "x": 491, "size": 3, "id": "tree_0", "label": "tree"}, {"y": 164, "x": 605, "size": 3, "id": "tree_1", "label": "tree"}, {"y": 239, "x": 63, "size": 5, "id": "tree_2", "label": "tree"}, {"y": 128, "x": 176, "size": 3, "id": "tree_3", "label": "tree"}, {"y": 89, "x": 385, "size": 2, "id": "tree_4", "label": "tree"}, {"y": 318, "x": 331, "size": 5, "id": "pond_0", "label": "pond"}, {"y": 221, "x": 322, "size": 3, "id": "bush_0", "label": "bush"}, {"y": 257, "x": 251, "size": 3, "id": "bush_1", "label": "bush"}, {"y": 353, "x": 462, "size": 3, "id": "bush_2", "label": "bush"}, {"y": 373, "x": 337, "size": 3, "id": "bush_3", "label": "bush"}, {"y": 323, "x": 609, "size": 5, "id": "bush_4", "label": "bush"}, {"y": 276, "x": 452, "size": 3, "id": "log_0", "label": "log"}, {"y": 10, "x": 495, "size": 3, "id": "cloud_0", "label": "cloud"}, {"y": 25, "x": 623, "size": 3, "id": "cloud_1", "label": "cloud"}, {"y": 80, "x": 194, "size": 3, "id": "cloud_2", "label": "cloud"}, {"y": 22, "x": 55, "size": 3, "id": "cloud_3", "label": "cloud"}, {"y": 242, "x": 465, "size": 3, "id": "mushroom_0", "label": "mushroom"}, {"y": 244, "x": 483, "size": 3, "id": "mushroom_1", "label": "mushroom"}, {"y": 270, "x": 519, "size": 3, "id": "mushroom_2", "label": "mushroom"}, {"y": 247, "x": 381, "size": 3, "id": "mushroom_3", "label": "mushroom"}, {"y": 306, "x": 372, "size": 3, "id": "lilypad_0", "label": "lilypad"}, {"y": 316, "x": 345, "size": 3, "id": "lilypad_1", "label": "lilypad"}, {"y": 332, "x": 275, "size": 3, "id": "lilypad_2", "label": "lilypad"}], "edges": [{"source": "Doll17_0", "label": "beside", "id": 3, "target": "Frog_1"}, {"source": "Doll17_0", "label": "on", "id": 19, "target": "bush_1"}, {"source": "Doll17_0", "label": "above", "id": 21, "target": "bush_3"}, {"source": "Doll17_0", "label": "above", "id": 34, "target": "lilypad_2"}, {"source": "Bird_0", "label": "beside", "id": 35, "target": "Bird_1"}, {"source": "tree_1", "label": "surrounds", "id": 47, "target": "Bird_0"}, {"source": "tree_1", "label": "surrounds", "id": 80, "target": "Bird_1"}, {"source": "Bird_1", "label": "belowC", "id": 92, "target": "cloud_1"}, {"source": "tree_0", "label": "surrounds", "id": 111, "target": "Frog_0"}, {"source": "pond_0", "label": "surrounds", "id": 147, "target": "Frog_1"}, {"source": "bush_0", "label": "surrounds", "id": 148, "target": "Frog_1"}, {"source": "bush_1", "label": "surrounds", "id": 149, "target": "Frog_1"}, {"source": "Frog_1", "label": "aboveC", "id": 164, "target": "lilypad_2"}, {"source": "tree_3", "label": "surrounds", "id": 175, "target": "Robin_0"}, {"source": "cloud_3", "label": "surrounds", "id": 187, "target": "Robin_0"}, {"source": "Racoon_0", "label": "on", "id": 202, "target": "tree_1"}, {"source": "Butterfly01_0", "label": "belowC", "id": 224, "target": "Butterfly01_1"}, {"source": "Butterfly01_0", "label": "on", "id": 232, "target": "tree_3"}, {"source": "Butterfly01_1", "label": "aboveC", "id": 253, "target": "Butterfly01_3"}, {"source": "sun_0", "label": "surrounds", "id": 255, "target": "Butterfly01_1"}, {"source": "tree_3", "label": "surrounds", "id": 259, "target": "Butterfly01_1"}, {"source": "cloud_2", "label": "surrounds", "id": 270, "target": "Butterfly01_1"}, {"source": "Butterfly01_2", "label": "belowC", "id": 280, "target": "Butterfly01_4"}, {"source": "tree_3", "label": "surrounds", "id": 285, "target": "Butterfly01_2"}, {"source": "Butterfly01_2", "label": "belowC", "id": 296, "target": "cloud_2"}, {"source": "Butterfly01_3", "label": "belowC", "id": 305, "target": "Butterfly01_4"}, {"source": "tree_3", "label": "surrounds", "id": 310, "target": "Butterfly01_3"}, {"source": "Butterfly01_3", "label": "belowC", "id": 321, "target": "cloud_2"}, {"source": "tree_3", "label": "surrounds", "id": 334, "target": "Butterfly01_4"}, {"source": "cloud_2", "label": "surrounds", "id": 345, "target": "Butterfly01_4"}, {"source": "tree_0", "label": "surrounds", "id": 392, "target": "mushroom_0"}, {"source": "tree_0", "label": "surrounds", "id": 393, "target": "mushroom_1"}, {"source": "tree_0", "label": "surrounds", "id": 394, "target": "mushroom_2"}, {"source": "tree_1", "label": "surrounds", "id": 415, "target": "mushroom_2"}, {"source": "tree_3", "label": "belowC", "id": 450, "target": "cloud_2"}, {"source": "pond_0", "label": "surrounds", "id": 491, "target": "lilypad_0"}, {"source": "pond_0", "label": "surrounds", "id": 492, "target": "lilypad_1"}, {"source": "pond_0", "label": "surrounds", "id": 493, "target": "lilypad_2"}, {"source": "bush_0", "label": "surrounds", "id": 506, "target": "mushroom_3"}, {"source": "lilypad_0", "label": "on", "id": 536, "target": "bush_2"}, {"source": "lilypad_1", "label": "aboveC", "id": 550, "target": "bush_3"}, {"source": "bush_4", "label": "surrounds", "id": 559, "target": "mushroom_2"}, {"source": "mushroom_0", "label": "aboveC", "id": 568, "target": "log_0"}, {"source": "mushroom_1", "label": "on", "id": 569, "target": "log_0"}, {"source": "mushroom_2", "label": "on", "id": 570, "target": "log_0"}, {"source": "mushroom_3", "label": "aboveC", "id": 624, "target": "lilypad_0"}]}