{"nodes": [{"y": 255, "x": 245, "size": 3, "id": "Doll17_0", "label": "person"}, {"y": 193, "x": 374, "size": 3, "id": "Doll04_0", "label": "person"}, {"y": 221, "x": 384, "size": 3, "id": "Chair02_0", "label": "Chair"}, {"y": 285, "x": 99, "size": 3, "id": "Couch_0", "label": "Couch"}, {"y": 280, "x": 608, "size": 5, "id": "TV_0", "label": "TV"}, {"y": 361, "x": 527, "size": 3, "id": "CoffeeTable_0", "label": "CoffeeTable"}, {"y": 253, "x": 255, "size": 3, "id": "Toy_0", "label": "Toy"}], "edges": [{"source": "Doll17_0", "label": "beside", "id": 0, "target": "Doll04_0"}, {"source": "Doll17_0", "label": "beside", "id": 1, "target": "Chair02_0"}, {"source": "Doll17_0", "label": "beside", "id": 2, "target": "Couch_0"}, {"source": "Doll17_0", "label": "near_behind", "id": 3, "target": "TV_0"}, {"source": "Doll17_0", "label": "beside", "id": 5, "target": "Toy_0"}, {"source": "Doll04_0", "label": "on", "id": 6, "target": "Chair02_0"}, {"source": "Doll04_0", "label": "near", "id": 7, "target": "Couch_0"}, {"source": "Doll04_0", "label": "near_behind", "id": 8, "target": "TV_0"}, {"source": "Doll04_0", "label": "above", "id": 9, "target": "CoffeeTable_0"}, {"source": "Doll04_0", "label": "beside", "id": 10, "target": "Toy_0"}, {"source": "Toy_0", "label": "beside", "id": 14, "target": "Chair02_0"}]}