{"nodes": [{"y": 293, "x": 409, "size": 3, "id": "Doll14_0", "label": "person"}, {"y": 137, "x": 153, "size": 3, "id": "Window05_0", "label": "Window"}, {"y": 95, "x": 566, "size": 3, "id": "Picture_0", "label": "Picture"}, {"y": 335, "x": 304, "size": 3, "id": "Rug_0", "label": "Rug"}, {"y": 286, "x": 561, "size": 3, "id": "Sofa_0", "label": "Sofa"}, {"y": 314, "x": 147, "size": 3, "id": "CoffeeTable_0", "label": "CoffeeTable"}, {"y": 249, "x": 150, "size": 3, "id": "TV_0", "label": "TV"}], "edges": [{"source": "Doll14_0", "label": "beside", "id": 2, "target": "Rug_0"}, {"source": "Doll14_0", "label": "near", "id": 3, "target": "Sofa_0"}, {"source": "Doll14_0", "label": "near", "id": 5, "target": "TV_0"}, {"source": "Window05_0", "label": "aboveC", "id": 10, "target": "TV_0"}, {"source": "CoffeeTable_0", "label": "belowC", "id": 20, "target": "TV_0"}]}