{"nodes": [{"y": 264, "x": 512, "size": 3, "id": "Doll05_0", "label": "person"}, {"y": 158, "x": 272, "size": 3, "id": "Doll12_0", "label": "person"}, {"y": 81, "x": 426, "size": 3, "id": "Hawk_0", "label": "Hawk"}, {"y": 83, "x": 194, "size": 3, "id": "Hawk_1", "label": "Hawk"}, {"y": 67, "x": 592, "size": 3, "id": "moon_0", "label": "moon"}, {"y": 278, "x": 222, "size": 3, "id": "monkeybars_0", "label": "monkeybars"}, {"y": 291, "x": 543, "size": 3, "id": "monkeybars_1", "label": "monkeybars"}, {"y": 147, "x": 76, "size": 3, "id": "tree_0", "label": "tree"}, {"y": 137, "x": 693, "size": 3, "id": "tree_1", "label": "tree"}, {"y": 359, "x": 114, "size": 3, "id": "bush_0", "label": "bush"}, {"y": 379, "x": 359, "size": 3, "id": "bush_1", "label": "bush"}, {"y": 333, "x": 201, "size": 3, "id": "log_0", "label": "log"}], "edges": [{"source": "Doll05_0", "label": "opposite", "id": 0, "target": "Doll12_0"}, {"source": "Doll05_0", "label": "on", "id": 5, "target": "monkeybars_1"}, {"source": "Doll12_0", "label": "above", "id": 14, "target": "monkeybars_0"}, {"source": "Doll12_0", "label": "above", "id": 20, "target": "log_0"}, {"source": "monkeybars_0", "label": "aboveC", "id": 50, "target": "log_0"}]}