{"nodes": [{"y": 266, "x": 497, "size": 3, "id": "Duck02_0", "label": "Duck"}, {"y": 292, "x": 645, "size": 3, "id": "Duck02_1", "label": "Duck"}, {"y": 259, "x": 595, "size": 3, "id": "Frog_0", "label": "Frog"}, {"y": 276, "x": 530, "size": 5, "id": "pond_0", "label": "pond"}, {"y": 192, "x": 660, "size": 3, "id": "mushroom_0", "label": "mushroom"}, {"y": 233, "x": 676, "size": 3, "id": "mushroom_1", "label": "mushroom"}, {"y": 213, "x": 630, "size": 3, "id": "mushroom_2", "label": "mushroom"}], "edges": [{"source": "Duck02_0", "label": "near", "id": 0, "target": "Duck02_1"}, {"source": "pond_0", "label": "surrounds", "id": 2, "target": "Duck02_0"}, {"source": "Duck02_1", "label": "belowC", "id": 9, "target": "mushroom_1"}, {"source": "pond_0", "label": "surrounds", "id": 11, "target": "Frog_0"}, {"source": "Frog_0", "label": "belowC", "id": 14, "target": "mushroom_2"}, {"source": "mushroom_0", "label": "aboveC", "id": 18, "target": "mushroom_1"}]}