{"nodes": [{"y": 180, "x": 256, "size": 3, "id": "Doll06_0", "label": "person"}, {"y": 329, "x": 204, "size": 3, "id": "Puppy02_0", "label": "Puppy"}, {"y": 307, "x": 468, "size": 3, "id": "CoffeeTable_0", "label": "CoffeeTable"}, {"y": 251, "x": 672, "size": 3, "id": "Plant_0", "label": "Plant"}, {"y": 259, "x": 337, "size": 3, "id": "Plant_1", "label": "Plant"}, {"y": 131, "x": 465, "size": 3, "id": "Window03_0", "label": "Window"}, {"y": 308, "x": 582, "size": 3, "id": "DiningChair_0", "label": "DiningChair"}, {"y": 163, "x": 121, "size": 3, "id": "Door_0", "label": "Door"}, {"y": 275, "x": 497, "size": 3, "id": "wine_0", "label": "wine"}, {"y": 259, "x": 466, "size": 3, "id": "pie_0", "label": "pie"}], "edges": [{"source": "Doll06_0", "label": "above", "id": 0, "target": "Puppy02_0"}, {"source": "Doll06_0", "label": "beside", "id": 3, "target": "Plant_1"}, {"source": "Doll06_0", "label": "beside", "id": 6, "target": "Door_0"}, {"source": "Doll06_0", "label": "near", "id": 7, "target": "wine_0"}, {"source": "Doll06_0", "label": "near", "id": 8, "target": "pie_0"}, {"source": "CoffeeTable_0", "label": "surrounds", "id": 22, "target": "wine_0"}, {"source": "CoffeeTable_0", "label": "surrounds", "id": 23, "target": "pie_0"}, {"source": "wine_0", "label": "belowC", "id": 37, "target": "Window03_0"}, {"source": "pie_0", "label": "belowC", "id": 38, "target": "Window03_0"}, {"source": "wine_0", "label": "beside", "id": 44, "target": "pie_0"}]}