{"nodes": [{"y": 254, "x": 560, "size": 3, "id": "Doll14_0", "label": "person"}, {"y": 117, "x": 554, "size": 3, "id": "Window02_0", "label": "Window"}, {"y": 319, "x": 300, "size": 3, "id": "Table_0", "label": "Table"}, {"y": 300, "x": 47, "size": 3, "id": "Chair01_0", "label": "Chair"}, {"y": 300, "x": 560, "size": 3, "id": "Chair01_1", "label": "Chair"}, {"y": 352, "x": 292, "size": 3, "id": "Rug_0", "label": "Rug"}], "edges": [{"source": "Doll14_0", "label": "belowC", "id": 0, "target": "Window02_0"}, {"source": "Doll14_0", "label": "on", "id": 3, "target": "Chair01_1"}, {"source": "Table_0", "label": "on", "id": 11, "target": "Rug_0"}]}