{"nodes": [{"y": 310, "x": 496, "size": 5, "id": "Doll20_0", "label": "person"}, {"y": 111, "x": 586, "size": 3, "id": "Window05_0", "label": "Window"}, {"y": 117, "x": 112, "size": 3, "id": "Window05_1", "label": "Window"}, {"y": 154, "x": 351, "size": 3, "id": "Door_0", "label": "Door"}, {"y": 263, "x": 578, "size": 3, "id": "CoffeeTable_0", "label": "CoffeeTable"}, {"y": 310, "x": 576, "size": 3, "id": "Toy_0", "label": "Toy"}, {"y": 318, "x": 666, "size": 3, "id": "Doll_0", "label": "Doll"}, {"y": 215, "x": 486, "size": 3, "id": "Doll_1", "label": "Doll"}, {"y": 351, "x": 476, "size": 5, "id": "Doll_2", "label": "Doll"}], "edges": [{"source": "Doll20_0", "label": "aboveC", "id": 7, "target": "Doll_2"}, {"source": "Doll_1", "label": "belowC", "id": 13, "target": "Window05_0"}, {"source": "Toy_0", "label": "belowC", "id": 26, "target": "CoffeeTable_0"}, {"source": "Toy_0", "label": "belowC", "id": 31, "target": "Doll_1"}]}