{"nodes": [{"y": 202, "x": 251, "size": 3, "id": "Doll05_0", "label": "person"}, {"y": 193, "x": 425, "size": 2, "id": "Doll14_0", "label": "person"}, {"y": 5, "x": 222, "size": 1, "id": "cloud_0", "label": "cloud"}, {"y": 115, "x": 614, "size": 2, "id": "tree_0", "label": "tree"}, {"y": 250, "x": 382, "size": 3, "id": "blanket_0", "label": "blanket"}, {"y": 4, "x": 152, "size": 2, "id": "sun_0", "label": "sun"}, {"y": 244, "x": 364, "size": 4, "id": "wine_0", "label": "wine"}, {"y": 219, "x": 399, "size": 3, "id": "wine_1", "label": "wine"}, {"y": 238, "x": 336, "size": 3, "id": "pie_0", "label": "pie"}, {"y": 235, "x": 428, "size": 4, "id": "pie_1", "label": "pie"}, {"y": 205, "x": 312, "size": 2, "id": "basket_0", "label": "basket"}, {"y": 210, "x": 375, "size": 3, "id": "bottle_0", "label": "bottle"}, {"y": 245, "x": 336, "size": 2, "id": "plate_0", "label": "plate"}, {"y": 236, "x": 432, "size": 3, "id": "plate_1", "label": "plate"}], "edges": [{"source": "Doll05_0", "label": "near", "id": 0, "target": "Doll14_0"}, {"source": "Doll05_0", "label": "near", "id": 3, "target": "blanket_0"}, {"source": "Doll05_0", "label": "near", "id": 5, "target": "wine_0"}, {"source": "Doll05_0", "label": "near", "id": 6, "target": "wine_1"}, {"source": "Doll05_0", "label": "beside", "id": 9, "target": "basket_0"}, {"source": "Doll14_0", "label": "aboveC", "id": 15, "target": "blanket_0"}, {"source": "Doll14_0", "label": "beside", "id": 18, "target": "wine_1"}, {"source": "Doll14_0", "label": "beside", "id": 22, "target": "bottle_0"}, {"source": "Doll14_0", "label": "aboveC", "id": 24, "target": "plate_1"}, {"source": "blanket_0", "label": "surrounds", "id": 47, "target": "wine_0"}, {"source": "blanket_0", "label": "surrounds", "id": 48, "target": "wine_1"}, {"source": "blanket_0", "label": "surrounds", "id": 49, "target": "pie_0"}, {"source": "blanket_0", "label": "surrounds", "id": 50, "target": "pie_1"}, {"source": "basket_0", "label": "on", "id": 51, "target": "blanket_0"}, {"source": "bottle_0", "label": "on", "id": 52, "target": "blanket_0"}, {"source": "blanket_0", "label": "surrounds", "id": 53, "target": "plate_0"}, {"source": "blanket_0", "label": "surrounds", "id": 54, "target": "plate_1"}, {"source": "wine_0", "label": "beside", "id": 63, "target": "wine_1"}, {"source": "wine_0", "label": "belowC", "id": 67, "target": "bottle_0"}, {"source": "pie_0", "label": "belowC", "id": 77, "target": "basket_0"}, {"source": "pie_0", "label": "aboveC", "id": 79, "target": "plate_0"}, {"source": "pie_1", "label": "on", "id": 84, "target": "plate_1"}, {"source": "basket_0", "label": "aboveC", "id": 86, "target": "plate_0"}]}