{"nodes": [{"y": 219, "x": 431, "size": 3, "id": "Doll01_0", "label": "person"}, {"y": 279, "x": 173, "size": 3, "id": "pond_0", "label": "pond"}, {"y": 327, "x": 522, "size": 3, "id": "sidewalk_0", "label": "sidewalk"}, {"y": 276, "x": 419, "size": 3, "id": "bench_0", "label": "bench"}, {"y": 47, "x": 88, "size": 3, "id": "sun_0", "label": "sun"}, {"y": 61, "x": 387, "size": 3, "id": "cloud_0", "label": "cloud"}, {"y": 60, "x": 614, "size": 3, "id": "cloud_1", "label": "cloud"}], "edges": [{"source": "Doll01_0", "label": "above", "id": 1, "target": "sidewalk_0"}, {"source": "Doll01_0", "label": "on", "id": 2, "target": "bench_0"}]}