{"nodes": [{"y": 199, "x": 584, "size": 3, "id": "Doll12_0", "label": "person"}, {"y": 233, "x": 247, "size": 3, "id": "Doll16_0", "label": "person"}, {"y": 221, "x": 126, "size": 3, "id": "Doll15_0", "label": "person"}, {"y": 32, "x": 568, "size": 3, "id": "Duck01_0", "label": "Duck"}, {"y": 79, "x": 100, "size": 3, "id": "tree_0", "label": "tree"}, {"y": 95, "x": 22, "size": 3, "id": "tree_1", "label": "tree"}, {"y": 82, "x": 284, "size": 1, "id": "tree_2", "label": "tree"}, {"y": 242, "x": 581, "size": 3, "id": "bench_0", "label": "bench"}, {"y": 38, "x": 405, "size": 3, "id": "sun_0", "label": "sun"}, {"y": 304, "x": 189, "size": 3, "id": "soccer_0", "label": "soccer"}, {"y": 193, "x": 340, "size": 3, "id": "flower_0", "label": "flower"}, {"y": 205, "x": 375, "size": 3, "id": "flower_1", "label": "flower"}], "edges": [{"source": "Doll12_0", "label": "opposite", "id": 0, "target": "Doll16_0"}, {"source": "Doll12_0", "label": "opposite", "id": 1, "target": "Doll15_0"}, {"source": "Doll12_0", "label": "on", "id": 6, "target": "bench_0"}, {"source": "Doll16_0", "label": "near", "id": 11, "target": "Doll15_0"}, {"source": "Doll16_0", "label": "above", "id": 18, "target": "soccer_0"}, {"source": "Doll15_0", "label": "above", "id": 27, "target": "soccer_0"}, {"source": "tree_0", "label": "on", "id": 38, "target": "tree_1"}]}