{"nodes": [{"y": 208, "x": 213, "size": 3, "id": "Doll16_0", "label": "person"}, {"y": 212, "x": 330, "size": 3, "id": "Doll15_0", "label": "person"}, {"y": 236, "x": 643, "size": 3, "id": "Dog02_0", "label": "Dog"}, {"y": 98, "x": 468, "size": 3, "id": "tree_0", "label": "tree"}, {"y": 260, "x": 265, "size": 3, "id": "blanket_0", "label": "blanket"}, {"y": 63, "x": 620, "size": 3, "id": "sun_0", "label": "sun"}, {"y": 180, "x": 152, "size": 3, "id": "corn_0", "label": "corn"}, {"y": 201, "x": 186, "size": 3, "id": "hamburger_0", "label": "hamburger"}, {"y": 191, "x": 296, "size": 3, "id": "watermelon_0", "label": "watermelon"}, {"y": 232, "x": 163, "size": 3, "id": "basket_0", "label": "basket"}], "edges": [{"source": "Doll16_0", "label": "near", "id": 0, "target": "Doll15_0"}, {"source": "Doll16_0", "label": "opposite", "id": 1, "target": "Dog02_0"}, {"source": "Doll16_0", "label": "aboveC", "id": 3, "target": "blanket_0"}, {"source": "Doll16_0", "label": "beside", "id": 5, "target": "corn_0"}, {"source": "Doll16_0", "label": "beside", "id": 6, "target": "hamburger_0"}, {"source": "Doll16_0", "label": "near", "id": 7, "target": "watermelon_0"}, {"source": "Doll16_0", "label": "beside", "id": 8, "target": "basket_0"}, {"source": "Doll15_0", "label": "opposite", "id": 9, "target": "Dog02_0"}, {"source": "Doll15_0", "label": "near", "id": 11, "target": "blanket_0"}, {"source": "Doll15_0", "label": "near", "id": 13, "target": "corn_0"}, {"source": "Doll15_0", "label": "beside", "id": 15, "target": "watermelon_0"}, {"source": "watermelon_0", "label": "aboveC", "id": 33, "target": "blanket_0"}, {"source": "basket_0", "label": "on", "id": 34, "target": "blanket_0"}, {"source": "corn_0", "label": "aboveC", "id": 41, "target": "basket_0"}, {"source": "hamburger_0", "label": "aboveC", "id": 43, "target": "basket_0"}]}