{"nodes": [{"y": 221, "x": 249, "size": 3, "id": "Doll05_0", "label": "person"}, {"y": 264, "x": 199, "size": 3, "id": "Cat01_0", "label": "Cat"}, {"y": 146, "x": 558, "size": 3, "id": "Plant_0", "label": "Plant"}, {"y": 240, "x": 556, "size": 3, "id": "Fireplace_0", "label": "Fireplace"}, {"y": 290, "x": 237, "size": 3, "id": "Sofa_0", "label": "Sofa"}, {"y": 123, "x": 344, "size": 3, "id": "Window03_0", "label": "Window"}, {"y": 340, "x": 48, "size": 3, "id": "Stool_0", "label": "Stool"}], "edges": [{"source": "Doll05_0", "label": "beside", "id": 0, "target": "Cat01_0"}, {"source": "Doll05_0", "label": "near", "id": 2, "target": "Fireplace_0"}, {"source": "Doll05_0", "label": "on", "id": 3, "target": "Sofa_0"}, {"source": "Doll05_0", "label": "belowC", "id": 4, "target": "Window03_0"}, {"source": "Sofa_0", "label": "surrounds", "id": 8, "target": "Cat01_0"}, {"source": "Plant_0", "label": "aboveC", "id": 11, "target": "Fireplace_0"}]}