{"nodes": [{"y": 205, "x": 298, "size": 3, "id": "Doll03_0", "label": "person"}, {"y": 289, "x": 432, "size": 5, "id": "Dog02_0", "label": "Dog"}, {"y": 100, "x": 207, "size": 3, "id": "Picture_0", "label": "Picture"}, {"y": 74, "x": 122, "size": 3, "id": "Picture_1", "label": "Picture"}, {"y": 132, "x": 486, "size": 3, "id": "Window03_0", "label": "Window"}, {"y": 314, "x": 153, "size": 3, "id": "Desk_0", "label": "Desk"}, {"y": 163, "x": 637, "size": 3, "id": "Door_0", "label": "Door"}, {"y": 205, "x": 141, "size": 3, "id": "TV_0", "label": "TV"}, {"y": 267, "x": 292, "size": 3, "id": "Chair01_0", "label": "Chair"}, {"y": 298, "x": 31, "size": 3, "id": "Chair01_1", "label": "Chair"}, {"y": 276, "x": 526, "size": 5, "id": "Stool_0", "label": "Stool"}, {"y": 295, "x": 173, "size": 3, "id": "GameSystem_0", "label": "GameSystem"}], "edges": [{"source": "Doll03_0", "label": "near_behind", "id": 0, "target": "Dog02_0"}, {"source": "Doll03_0", "label": "near", "id": 4, "target": "Desk_0"}, {"source": "Doll03_0", "label": "near", "id": 6, "target": "TV_0"}, {"source": "Doll03_0", "label": "on", "id": 7, "target": "Chair01_0"}, {"source": "Doll03_0", "label": "near", "id": 10, "target": "GameSystem_0"}, {"source": "Desk_0", "label": "belowC", "id": 46, "target": "TV_0"}, {"source": "Desk_0", "label": "surrounds", "id": 50, "target": "GameSystem_0"}, {"source": "GameSystem_0", "label": "belowC", "id": 59, "target": "TV_0"}]}