{"nodes": [{"y": 224, "x": 229, "size": 3, "id": "Doll13_0", "label": "person"}, {"y": 352, "x": 646, "size": 3, "id": "Table_0", "label": "Table"}, {"y": 148, "x": 68, "size": 3, "id": "Bookshelf_0", "label": "Bookshelf"}, {"y": 247, "x": 631, "size": 3, "id": "TV_0", "label": "TV"}, {"y": 232, "x": 389, "size": 3, "id": "Fireplace_0", "label": "Fireplace"}, {"y": 89, "x": 533, "size": 3, "id": "Picture_0", "label": "Picture"}, {"y": 369, "x": 375, "size": 3, "id": "Rug_0", "label": "Rug"}, {"y": 281, "x": 239, "size": 3, "id": "Couch_0", "label": "Couch"}, {"y": 131, "x": 386, "size": 3, "id": "Dollhouse_0", "label": "Dollhouse"}], "edges": [{"source": "Doll13_0", "label": "near", "id": 3, "target": "Fireplace_0"}, {"source": "Doll13_0", "label": "on", "id": 6, "target": "Couch_0"}, {"source": "Table_0", "label": "belowC", "id": 9, "target": "TV_0"}, {"source": "Fireplace_0", "label": "aboveC", "id": 27, "target": "Rug_0"}, {"source": "Dollhouse_0", "label": "aboveC", "id": 29, "target": "Fireplace_0"}]}