{"nodes": [{"y": 262, "x": 36, "size": 3, "id": "Doll15_0", "label": "person"}, {"y": 42, "x": 211, "size": 3, "id": "Robin_0", "label": "Robin"}, {"y": 269, "x": 386, "size": 3, "id": "sandbox_0", "label": "sandbox"}, {"y": 54, "x": 531, "size": 3, "id": "sun_0", "label": "sun"}, {"y": 70, "x": 115, "size": 3, "id": "cloud_0", "label": "cloud"}, {"y": 61, "x": 344, "size": 3, "id": "cloud_1", "label": "cloud"}, {"y": 256, "x": 153, "size": 3, "id": "slide_0", "label": "slide"}, {"y": 152, "x": 612, "size": 3, "id": "bush_0", "label": "bush"}, {"y": 162, "x": 359, "size": 3, "id": "bush_1", "label": "bush"}, {"y": 265, "x": 272, "size": 3, "id": "skateboard_0", "label": "skateboard"}], "edges": [{"source": "Doll15_0", "label": "near", "id": 5, "target": "slide_0"}, {"source": "skateboard_0", "label": "on", "id": 23, "target": "sandbox_0"}]}