{"nodes": [{"y": 176, "x": 205, "size": 1, "id": "Doll04_0", "label": "person"}, {"y": 301, "x": 340, "size": 1, "id": "Doll19_0", "label": "person"}, {"y": 238, "x": 150, "size": 1, "id": "Sofa_0", "label": "Sofa"}, {"y": 263, "x": 580, "size": 1, "id": "Table_0", "label": "Table"}, {"y": 101, "x": 383, "size": 4, "id": "Picture_0", "label": "Picture"}, {"y": 344, "x": 357, "size": 3, "id": "Rug_0", "label": "Rug"}, {"y": 93, "x": 73, "size": 1, "id": "Window03_0", "label": "Window"}, {"y": 89, "x": 629, "size": 1, "id": "Window03_1", "label": "Window"}, {"y": 167, "x": 637, "size": 1, "id": "Plant_0", "label": "Plant"}, {"y": 163, "x": 551, "size": 1, "id": "TV_0", "label": "TV"}, {"y": 340, "x": 367, "size": 1, "id": "BuildingToy_0", "label": "BuildingToy"}, {"y": 318, "x": 273, "size": 1, "id": "Toy_0", "label": "Toy"}, {"y": 313, "x": 417, "size": 2, "id": "Toy_1", "label": "Toy"}, {"y": 349, "x": 467, "size": 1, "id": "Toy_2", "label": "Toy"}], "edges": [{"source": "Doll04_0", "label": "near", "id": 0, "target": "Doll19_0"}, {"source": "Doll04_0", "label": "on", "id": 1, "target": "Sofa_0"}, {"source": "Doll04_0", "label": "above_behind", "id": 4, "target": "Rug_0"}, {"source": "Doll04_0", "label": "above", "id": 9, "target": "BuildingToy_0"}, {"source": "Doll04_0", "label": "above", "id": 10, "target": "Toy_0"}, {"source": "Doll04_0", "label": "near", "id": 11, "target": "Toy_1"}, {"source": "Doll19_0", "label": "near", "id": 13, "target": "Sofa_0"}, {"source": "Doll19_0", "label": "above_behind", "id": 16, "target": "Rug_0"}, {"source": "Doll19_0", "label": "aboveC", "id": 21, "target": "BuildingToy_0"}, {"source": "Doll19_0", "label": "beside", "id": 22, "target": "Toy_0"}, {"source": "Doll19_0", "label": "beside", "id": 23, "target": "Toy_1"}, {"source": "Doll19_0", "label": "near", "id": 24, "target": "Toy_2"}, {"source": "Table_0", "label": "belowC", "id": 40, "target": "Plant_0"}, {"source": "Table_0", "label": "belowC", "id": 41, "target": "TV_0"}, {"source": "Rug_0", "label": "surrounds", "id": 59, "target": "BuildingToy_0"}, {"source": "Rug_0", "label": "surrounds", "id": 60, "target": "Toy_0"}, {"source": "Rug_0", "label": "surrounds", "id": 61, "target": "Toy_1"}, {"source": "Rug_0", "label": "surrounds", "id": 62, "target": "Toy_2"}, {"source": "Window03_1", "label": "aboveC", "id": 70, "target": "Plant_0"}, {"source": "Toy_1", "label": "beside", "id": 90, "target": "Toy_2"}]}