{"nodes": [{"y": 267, "x": 592, "size": 3, "id": "Doll12_0", "label": "person"}, {"y": 163, "x": 642, "size": 3, "id": "Owl_0", "label": "Owl"}, {"y": 35, "x": 360, "size": 3, "id": "Owl_1", "label": "Owl"}, {"y": 330, "x": 174, "size": 3, "id": "sidewalk_0", "label": "sidewalk"}, {"y": 34, "x": 517, "size": 3, "id": "sun_0", "label": "sun"}, {"y": 140, "x": 368, "size": 3, "id": "tree_0", "label": "tree"}, {"y": 116, "x": 614, "size": 3, "id": "cloud_0", "label": "cloud"}, {"y": 53, "x": 157, "size": 3, "id": "cloud_1", "label": "cloud"}, {"y": 320, "x": 572, "size": 3, "id": "log_0", "label": "log"}], "edges": [{"source": "Doll12_0", "label": "below", "id": 0, "target": "Owl_0"}, {"source": "Doll12_0", "label": "belowF", "id": 1, "target": "Owl_1"}, {"source": "Doll12_0", "label": "aboveC", "id": 7, "target": "log_0"}, {"source": "Owl_0", "label": "opposite", "id": 8, "target": "Owl_1"}, {"source": "Owl_0", "label": "belowC", "id": 12, "target": "cloud_0"}, {"source": "Owl_0", "label": "above", "id": 14, "target": "log_0"}, {"source": "tree_0", "label": "surrounds", "id": 17, "target": "Owl_1"}, {"source": "sun_0", "label": "on", "id": 26, "target": "tree_0"}]}