{"nodes": [{"y": 218, "x": 541, "size": 3, "id": "Doll05_0", "label": "person"}, {"y": 262, "x": 332, "size": 5, "id": "TV_0", "label": "TV"}, {"y": 287, "x": 592, "size": 3, "id": "Couch_0", "label": "Couch"}, {"y": 70, "x": 383, "size": 3, "id": "Window02_0", "label": "Window"}, {"y": 274, "x": 198, "size": 5, "id": "Plant_0", "label": "Plant"}, {"y": 345, "x": 294, "size": 3, "id": "CoffeeTable_0", "label": "CoffeeTable"}, {"y": 358, "x": 307, "size": 3, "id": "Rug_0", "label": "Rug"}, {"y": 223, "x": 479, "size": 3, "id": "wine_0", "label": "wine"}], "edges": [{"source": "Doll05_0", "label": "near_behind", "id": 0, "target": "TV_0"}, {"source": "Doll05_0", "label": "on", "id": 1, "target": "Couch_0"}, {"source": "Doll05_0", "label": "beside", "id": 6, "target": "wine_0"}, {"source": "wine_0", "label": "beside", "id": 17, "target": "Couch_0"}, {"source": "Rug_0", "label": "surrounds", "id": 25, "target": "CoffeeTable_0"}]}