{"nodes": [{"y": 241, "x": 208, "size": 3, "id": "Doll18_0", "label": "person"}, {"y": 368, "x": 285, "size": 3, "id": "Dog02_0", "label": "Dog"}, {"y": 353, "x": 474, "size": 3, "id": "Rug_0", "label": "Rug"}, {"y": 129, "x": 557, "size": 3, "id": "Window05_0", "label": "Window"}, {"y": 302, "x": 134, "size": 3, "id": "Sofa_0", "label": "Sofa"}, {"y": 104, "x": 354, "size": 3, "id": "Picture_0", "label": "Picture"}, {"y": 186, "x": 697, "size": 3, "id": "CoatRack_0", "label": "CoatRack"}, {"y": 252, "x": 237, "size": 3, "id": "Paper_0", "label": "Paper"}], "edges": [{"source": "Doll18_0", "label": "aboveC", "id": 0, "target": "Dog02_0"}, {"source": "Doll18_0", "label": "near", "id": 1, "target": "Rug_0"}, {"source": "Doll18_0", "label": "on", "id": 3, "target": "Sofa_0"}, {"source": "Doll18_0", "label": "beside", "id": 6, "target": "Paper_0"}, {"source": "Dog02_0", "label": "on", "id": 7, "target": "Rug_0"}, {"source": "Dog02_0", "label": "belowC", "id": 12, "target": "Paper_0"}, {"source": "Sofa_0", "label": "surrounds", "id": 24, "target": "Paper_0"}]}