{"nodes": [{"y": 212, "x": 634, "size": 3, "id": "Doll02_0", "label": "person"}, {"y": 341, "x": 410, "size": 3, "id": "Doll16_0", "label": "person"}, {"y": 239, "x": 274, "size": 3, "id": "Kitten02_0", "label": "Kitten"}, {"y": 334, "x": 170, "size": 3, "id": "Puppy01_0", "label": "Puppy"}, {"y": 81, "x": 612, "size": 3, "id": "Window03_0", "label": "Window"}, {"y": 80, "x": 370, "size": 3, "id": "Window03_1", "label": "Window"}, {"y": 118, "x": 161, "size": 3, "id": "Window03_2", "label": "Window"}, {"y": 205, "x": 429, "size": 4, "id": "Plant_0", "label": "Plant"}, {"y": 199, "x": 353, "size": 5, "id": "Plant_1", "label": "Plant"}, {"y": 314, "x": 384, "size": 3, "id": "Table_0", "label": "Table"}, {"y": 245, "x": 132, "size": 3, "id": "Dollhouse_0", "label": "Dollhouse"}, {"y": 339, "x": 390, "size": 3, "id": "Doll_0", "label": "Doll"}, {"y": 352, "x": 160, "size": 3, "id": "PetBed_0", "label": "PetBed"}, {"y": 380, "x": 504, "size": 3, "id": "Toy_0", "label": "Toy"}], "edges": [{"source": "Doll02_0", "label": "near", "id": 0, "target": "Doll16_0"}, {"source": "Doll02_0", "label": "opposite", "id": 1, "target": "Kitten02_0"}, {"source": "Doll02_0", "label": "opposite", "id": 2, "target": "Puppy01_0"}, {"source": "Doll02_0", "label": "near", "id": 8, "target": "Table_0"}, {"source": "Doll02_0", "label": "above", "id": 12, "target": "Toy_0"}, {"source": "Doll16_0", "label": "near", "id": 13, "target": "Kitten02_0"}, {"source": "Doll16_0", "label": "near", "id": 14, "target": "Puppy01_0"}, {"source": "Doll16_0", "label": "on", "id": 20, "target": "Table_0"}, {"source": "Doll16_0", "label": "beside", "id": 22, "target": "Doll_0"}, {"source": "Doll16_0", "label": "beside", "id": 24, "target": "Toy_0"}, {"source": "Puppy01_0", "label": "belowC", "id": 42, "target": "Dollhouse_0"}, {"source": "Puppy01_0", "label": "on", "id": 44, "target": "PetBed_0"}, {"source": "Table_0", "label": "surrounds", "id": 82, "target": "Doll_0"}, {"source": "Dollhouse_0", "label": "aboveC", "id": 86, "target": "PetBed_0"}]}