{"nodes": [{"y": 185, "x": 278, "size": 1, "id": "Doll03_0", "label": "person"}, {"y": 343, "x": 366, "size": 3, "id": "Rug_0", "label": "Rug"}, {"y": 114, "x": 136, "size": 3, "id": "Window02_0", "label": "Window"}, {"y": 115, "x": 575, "size": 3, "id": "Window02_1", "label": "Window"}, {"y": 269, "x": 582, "size": 3, "id": "Couch_0", "label": "Couch"}, {"y": 125, "x": 377, "size": 3, "id": "Picture_0", "label": "Picture"}], "edges": [{"source": "Doll03_0", "label": "above_behind", "id": 0, "target": "Rug_0"}, {"source": "Doll03_0", "label": "near_behind", "id": 1, "target": "Window02_0"}, {"source": "Doll03_0", "label": "near_behind", "id": 2, "target": "Window02_1"}, {"source": "Doll03_0", "label": "near_behind", "id": 3, "target": "Couch_0"}, {"source": "Doll03_0", "label": "beside_behind", "id": 4, "target": "Picture_0"}, {"source": "Rug_0", "label": "below", "id": 6, "target": "Window02_1"}, {"source": "Rug_0", "label": "below", "id": 8, "target": "Picture_0"}, {"source": "Window02_1", "label": "above", "id": 12, "target": "Couch_0"}]}