{"nodes": [{"y": 166, "x": 328, "size": 3, "id": "Doll18_0", "label": "person"}, {"y": 294, "x": 201, "size": 3, "id": "Dog01_0", "label": "Dog"}, {"y": 59, "x": 143, "size": 3, "id": "sun_0", "label": "sun"}, {"y": 118, "x": 515, "size": 3, "id": "tree_0", "label": "tree"}, {"y": 292, "x": 675, "size": 3, "id": "bush_0", "label": "bush"}, {"y": 365, "x": 668, "size": 3, "id": "bush_1", "label": "bush"}, {"y": 356, "x": 525, "size": 3, "id": "bush_2", "label": "bush"}], "edges": [{"source": "Doll18_0", "label": "above", "id": 0, "target": "Dog01_0"}, {"source": "bush_0", "label": "aboveC", "id": 18, "target": "bush_1"}]}