{"nodes": [{"y": 264, "x": 503, "size": 1, "id": "Doll16_0", "label": "person"}, {"y": 270, "x": 177, "size": 1, "id": "Doll18_0", "label": "person"}, {"y": 215, "x": 14, "size": 1, "id": "Window03_0", "label": "Window"}, {"y": 215, "x": 173, "size": 1, "id": "Window03_1", "label": "Window"}, {"y": 214, "x": 333, "size": 1, "id": "Window03_2", "label": "Window"}, {"y": 212, "x": 492, "size": 1, "id": "Window03_3", "label": "Window"}, {"y": 243, "x": 648, "size": 1, "id": "Chair02_0", "label": "Chair"}, {"y": 368, "x": 328, "size": 1, "id": "Rug_0", "label": "Rug"}, {"y": 39, "x": 66, "size": 1, "id": "Picture_0", "label": "Picture"}, {"y": 41, "x": 555, "size": 1, "id": "Picture_1", "label": "Picture"}, {"y": 309, "x": 654, "size": 1, "id": "CoatRack_0", "label": "CoatRack"}, {"y": 339, "x": 33, "size": 1, "id": "CoatRack_1", "label": "CoatRack"}], "edges": [{"source": "Doll16_0", "label": "opposite", "id": 0, "target": "Doll18_0"}, {"source": "Doll16_0", "label": "near", "id": 3, "target": "Window03_2"}, {"source": "Doll16_0", "label": "belowC", "id": 4, "target": "Window03_3"}, {"source": "Doll16_0", "label": "near", "id": 6, "target": "Rug_0"}, {"source": "Doll18_0", "label": "near", "id": 11, "target": "Window03_0"}, {"source": "Doll18_0", "label": "belowC", "id": 12, "target": "Window03_1"}, {"source": "Doll18_0", "label": "near", "id": 13, "target": "Window03_2"}, {"source": "Doll18_0", "label": "near", "id": 16, "target": "Rug_0"}, {"source": "Window03_2", "label": "above", "id": 40, "target": "Rug_0"}, {"source": "Chair02_0", "label": "on", "id": 54, "target": "CoatRack_0"}]}