{"nodes": [{"y": 207, "x": 597, "size": 3, "id": "Doll05_0", "label": "person"}, {"y": 289, "x": 173, "size": 3, "id": "DiningChair_0", "label": "DiningChair"}, {"y": 292, "x": 37, "size": 3, "id": "DiningChair_1", "label": "DiningChair"}, {"y": 109, "x": 159, "size": 3, "id": "Window02_0", "label": "Window"}, {"y": 80, "x": 552, "size": 3, "id": "Picture_0", "label": "Picture"}, {"y": 185, "x": 371, "size": 3, "id": "Plant_0", "label": "Plant"}, {"y": 354, "x": 512, "size": 3, "id": "Rug_0", "label": "Rug"}, {"y": 275, "x": 538, "size": 3, "id": "Sofa_0", "label": "Sofa"}, {"y": 269, "x": 377, "size": 2, "id": "Stool_0", "label": "Stool"}, {"y": 345, "x": 142, "size": 3, "id": "Table_0", "label": "Table"}, {"y": 276, "x": 112, "size": 3, "id": "DishesSnack_0", "label": "DishesSnack"}, {"y": 274, "x": 162, "size": 3, "id": "DishesMeal_0", "label": "DishesMeal"}, {"y": 225, "x": 461, "size": 3, "id": "Doll_0", "label": "Doll"}, {"y": 244, "x": 512, "size": 3, "id": "Book_0", "label": "Book"}, {"y": 202, "x": 545, "size": 3, "id": "Book_1", "label": "Book"}], "edges": [{"source": "Doll05_0", "label": "above", "id": 5, "target": "Rug_0"}, {"source": "Doll05_0", "label": "on", "id": 6, "target": "Sofa_0"}, {"source": "Doll05_0", "label": "beside", "id": 12, "target": "Book_0"}, {"source": "Doll05_0", "label": "beside", "id": 13, "target": "Book_1"}, {"source": "DiningChair_0", "label": "on", "id": 21, "target": "Table_0"}, {"source": "DiningChair_0", "label": "surrounds", "id": 23, "target": "DishesMeal_0"}, {"source": "Plant_0", "label": "aboveC", "id": 62, "target": "Stool_0"}, {"source": "Rug_0", "label": "belowC", "id": 69, "target": "Sofa_0"}, {"source": "Book_0", "label": "aboveC", "id": 75, "target": "Rug_0"}, {"source": "Sofa_0", "label": "surrounds", "id": 81, "target": "Doll_0"}, {"source": "Sofa_0", "label": "surrounds", "id": 82, "target": "Book_0"}, {"source": "Book_1", "label": "on", "id": 83, "target": "Sofa_0"}, {"source": "DishesSnack_0", "label": "aboveC", "id": 90, "target": "Table_0"}, {"source": "DishesMeal_0", "label": "aboveC", "id": 91, "target": "Table_0"}, {"source": "Book_0", "label": "belowC", "id": 104, "target": "Book_1"}]}