{"nodes": [{"y": 335, "x": 403, "size": 3, "id": "Doll19_0", "label": "person"}, {"y": 122, "x": 594, "size": 3, "id": "Window05_0", "label": "Window"}, {"y": 117, "x": 181, "size": 3, "id": "Window05_1", "label": "Window"}, {"y": 209, "x": 390, "size": 3, "id": "Fireplace_0", "label": "Fireplace"}, {"y": 273, "x": 121, "size": 3, "id": "Couch_0", "label": "Couch"}, {"y": 348, "x": 393, "size": 3, "id": "Rug_0", "label": "Rug"}, {"y": 305, "x": 475, "size": 3, "id": "Doll_0", "label": "Doll"}], "edges": [{"source": "Doll19_0", "label": "belowC", "id": 2, "target": "Fireplace_0"}, {"source": "Doll19_0", "label": "near", "id": 3, "target": "Couch_0"}, {"source": "Doll19_0", "label": "on", "id": 4, "target": "Rug_0"}, {"source": "Doll19_0", "label": "beside", "id": 5, "target": "Doll_0"}, {"source": "Fireplace_0", "label": "aboveC", "id": 16, "target": "Rug_0"}, {"source": "Doll_0", "label": "belowC", "id": 17, "target": "Fireplace_0"}]}