{"nodes": [{"y": 245, "x": 497, "size": 3, "id": "Doll14_0", "label": "person"}, {"y": 316, "x": 398, "size": 3, "id": "Dog02_0", "label": "Dog"}, {"y": 201, "x": 103, "size": 3, "id": "Plant_0", "label": "Plant"}, {"y": 275, "x": 101, "size": 3, "id": "Endtable_0", "label": "Endtable"}, {"y": 290, "x": 515, "size": 3, "id": "Sofa_0", "label": "Sofa"}, {"y": 125, "x": 259, "size": 3, "id": "Window02_0", "label": "Window"}], "edges": [{"source": "Doll14_0", "label": "beside", "id": 0, "target": "Dog02_0"}, {"source": "Doll14_0", "label": "on", "id": 3, "target": "Sofa_0"}, {"source": "Sofa_0", "label": "surrounds", "id": 7, "target": "Dog02_0"}, {"source": "Plant_0", "label": "aboveC", "id": 9, "target": "Endtable_0"}]}