{"nodes": [{"y": 210, "x": 134, "size": 3, "id": "Doll02_0", "label": "person"}, {"y": 205, "x": 530, "size": 3, "id": "Doll03_0", "label": "person"}, {"y": 254, "x": 546, "size": 3, "id": "DiningChair_0", "label": "DiningChair"}, {"y": 246, "x": 118, "size": 3, "id": "DiningChair_1", "label": "DiningChair"}, {"y": 122, "x": 324, "size": 3, "id": "Window05_0", "label": "Window"}, {"y": 285, "x": 331, "size": 3, "id": "Plant_0", "label": "Plant"}], "edges": [{"source": "Doll02_0", "label": "opposite", "id": 0, "target": "Doll03_0"}, {"source": "Doll02_0", "label": "aboveC", "id": 2, "target": "DiningChair_1"}, {"source": "Doll02_0", "label": "near", "id": 4, "target": "Plant_0"}, {"source": "Doll03_0", "label": "on", "id": 5, "target": "DiningChair_0"}, {"source": "Doll03_0", "label": "near", "id": 8, "target": "Plant_0"}]}