{"nodes": [{"y": 250, "x": 414, "size": 3, "id": "Doll10_0", "label": "person"}, {"y": 318, "x": 253, "size": 3, "id": "Puppy01_0", "label": "Puppy"}, {"y": 222, "x": 199, "size": 3, "id": "Fireplace_0", "label": "Fireplace"}, {"y": 93, "x": 72, "size": 3, "id": "Picture_0", "label": "Picture"}, {"y": 81, "x": 382, "size": 3, "id": "Picture_1", "label": "Picture"}, {"y": 154, "x": 564, "size": 3, "id": "Picture_2", "label": "Picture"}], "edges": [{"source": "Doll10_0", "label": "near", "id": 0, "target": "Puppy01_0"}, {"source": "Doll10_0", "label": "near", "id": 1, "target": "Fireplace_0"}, {"source": "Puppy01_0", "label": "belowC", "id": 5, "target": "Fireplace_0"}]}