{"nodes": [{"y": 214, "x": 311, "size": 3, "id": "Doll16_0", "label": "person"}, {"y": 317, "x": 614, "size": 3, "id": "Dog01_0", "label": "Dog"}, {"y": 243, "x": 423, "size": 3, "id": "Kitten02_0", "label": "Kitten"}, {"y": 123, "x": 589, "size": 3, "id": "Window05_0", "label": "Window"}, {"y": 238, "x": 371, "size": 3, "id": "Couch_0", "label": "Couch"}, {"y": 164, "x": 83, "size": 3, "id": "Door_0", "label": "Door"}], "edges": [{"source": "Doll16_0", "label": "near", "id": 0, "target": "Dog01_0"}, {"source": "Doll16_0", "label": "beside", "id": 1, "target": "Kitten02_0"}, {"source": "Couch_0", "label": "surrounds", "id": 3, "target": "Doll16_0"}, {"source": "Couch_0", "label": "surrounds", "id": 10, "target": "Kitten02_0"}]}