{"nodes": [{"y": 268, "x": 496, "size": 3, "id": "Doll12_0", "label": "person"}, {"y": 343, "x": 515, "size": 1, "id": "Dog01_0", "label": "Dog"}, {"y": 278, "x": 476, "size": 3, "id": "blanket_0", "label": "blanket"}, {"y": 169, "x": 624, "size": 3, "id": "bush_0", "label": "bush"}, {"y": 148, "x": 479, "size": 3, "id": "bush_1", "label": "bush"}, {"y": 173, "x": 375, "size": 3, "id": "bush_2", "label": "bush"}, {"y": 116, "x": 222, "size": 3, "id": "bush_3", "label": "bush"}, {"y": 169, "x": 109, "size": 3, "id": "bush_4", "label": "bush"}, {"y": 59, "x": 371, "size": 3, "id": "sun_0", "label": "sun"}], "edges": [{"source": "Doll12_0", "label": "on", "id": 1, "target": "blanket_0"}]}