{"nodes": [{"y": 306.6700439453125, "x": 115.68000030517578, "size": 3, "id": "Doll16_0", "label": "person"}, {"y": 323.989990234375, "x": 225.00999450683594, "size": 3, "id": "Dog02_0", "label": "Dog"}, {"y": 197.3299560546875, "x": 270.3399963378906, "size": 5, "id": "Plant_0", "label": "Plant"}, {"y": 268, "x": 272.3299865722656, "size": 3, "id": "Footstool_0", "label": "Footstool"}, {"y": 283.989990234375, "x": 622.3299560546875, "size": 1, "id": "Couch_0", "label": "Couch"}, {"y": 128.659912109375, "x": 410.3299865722656, "size": 5, "id": "Window05_0", "label": "Window"}, {"y": 128.66998291015625, "x": 574.9999389648438, "size": 5, "id": "Window05_1", "label": "Window"}, {"y": 72, "x": 272.99998474121094, "size": 3, "id": "Picture_0", "label": "Picture"}, {"y": 193.989990234375, "x": 9.65999984741211, "size": 1, "id": "CoatRack_0", "label": "CoatRack"}, {"y": 144.66015625, "x": 143.6699981689453, "size": 5, "id": "Door_0", "label": "Door"}, {"y": 347.31982421875, "x": 486.3399963378906, "size": 5, "id": "Rug_0", "label": "Rug"}, {"y": 268, "x": 184.3300018310547, "size": 2, "id": "DogBone_0", "label": "DogBone"}], "edges": [{"source": "Doll16_0", "label": "beside", "id": 0, "target": "Dog02_0"}, {"source": "Doll16_0", "label": "beside", "id": 10, "target": "DogBone_0"}, {"source": "Dog02_0", "label": "belowC", "id": 12, "target": "Footstool_0"}, {"source": "Dog02_0", "label": "belowC", "id": 20, "target": "DogBone_0"}, {"source": "Door_0", "label": "surrounds", "id": 64, "target": "DogBone_0"}]}