{"nodes": [{"y": 205, "x": 167, "size": 3, "id": "Doll12_0", "label": "person"}, {"y": 85, "x": 502, "size": 3, "id": "Picture_0", "label": "Picture"}, {"y": 88, "x": 104, "size": 3, "id": "Picture_1", "label": "Picture"}, {"y": 97, "x": 300, "size": 3, "id": "Window03_0", "label": "Window"}, {"y": 280, "x": 357, "size": 3, "id": "CoffeeTable_0", "label": "CoffeeTable"}, {"y": 229, "x": 385, "size": 3, "id": "bottle_0", "label": "bottle"}], "edges": [{"source": "Doll12_0", "label": "belowC", "id": 1, "target": "Picture_1"}, {"source": "Doll12_0", "label": "near", "id": 4, "target": "bottle_0"}, {"source": "bottle_0", "label": "aboveC", "id": 14, "target": "CoffeeTable_0"}]}