{"nodes": [{"y": 202, "x": 397, "size": 3, "id": "Doll18_0", "label": "person"}, {"y": 220, "x": 470, "size": 3, "id": "Kitten01_0", "label": "Kitten"}, {"y": 174, "x": 142, "size": 3, "id": "Bookshelf_0", "label": "Bookshelf"}, {"y": 64, "x": 417, "size": 3, "id": "Picture_0", "label": "Picture"}, {"y": 102, "x": 625, "size": 3, "id": "Window03_0", "label": "Window"}, {"y": 222, "x": 412, "size": 3, "id": "Couch_0", "label": "Couch"}, {"y": 180, "x": 104, "size": 3, "id": "Book_0", "label": "Book"}, {"y": 179, "x": 120, "size": 3, "id": "Book_1", "label": "Book"}, {"y": 236, "x": 140, "size": 3, "id": "Book_2", "label": "Book"}, {"y": 236, "x": 172, "size": 3, "id": "Book_3", "label": "Book"}, {"y": 288, "x": 636, "size": 3, "id": "PetBed_0", "label": "PetBed"}], "edges": [{"source": "Doll18_0", "label": "beside", "id": 0, "target": "Kitten01_0"}, {"source": "Doll18_0", "label": "near", "id": 1, "target": "Bookshelf_0"}, {"source": "Doll18_0", "label": "belowC", "id": 2, "target": "Picture_0"}, {"source": "Couch_0", "label": "surrounds", "id": 4, "target": "Doll18_0"}, {"source": "Doll18_0", "label": "near", "id": 5, "target": "Book_0"}, {"source": "Doll18_0", "label": "near", "id": 6, "target": "Book_1"}, {"source": "Doll18_0", "label": "near", "id": 7, "target": "Book_2"}, {"source": "Doll18_0", "label": "near", "id": 8, "target": "Book_3"}, {"source": "Kitten01_0", "label": "below", "id": 11, "target": "Picture_0"}, {"source": "Couch_0", "label": "surrounds", "id": 13, "target": "Kitten01_0"}, {"source": "Bookshelf_0", "label": "surrounds", "id": 22, "target": "Book_0"}, {"source": "Bookshelf_0", "label": "surrounds", "id": 23, "target": "Book_1"}, {"source": "Bookshelf_0", "label": "surrounds", "id": 24, "target": "Book_2"}, {"source": "Bookshelf_0", "label": "surrounds", "id": 25, "target": "Book_3"}, {"source": "Picture_0", "label": "above", "id": 28, "target": "Couch_0"}, {"source": "Book_0", "label": "beside", "id": 45, "target": "Book_1"}, {"source": "Book_0", "label": "aboveC", "id": 46, "target": "Book_2"}, {"source": "Book_0", "label": "beside", "id": 47, "target": "Book_3"}, {"source": "Book_1", "label": "aboveC", "id": 49, "target": "Book_2"}, {"source": "Book_1", "label": "aboveC", "id": 50, "target": "Book_3"}]}