{"nodes": [{"y": 147, "x": 381, "size": 3, "id": "Door_0", "label": "Door"}, {"y": 95, "x": 586, "size": 3, "id": "Window03_0", "label": "Window"}, {"y": 97, "x": 72, "size": 3, "id": "Window03_1", "label": "Window"}, {"y": 128, "x": 229, "size": 3, "id": "TV_0", "label": "TV"}, {"y": 281, "x": 584, "size": 3, "id": "Sofa_0", "label": "Sofa"}, {"y": 229, "x": 224, "size": 3, "id": "Fireplace_0", "label": "Fireplace"}, {"y": 336, "x": 61, "size": 3, "id": "Chair02_0", "label": "Chair"}], "edges": [{"source": "TV_0", "label": "aboveC", "id": 16, "target": "Fireplace_0"}, {"source": "TV_0", "label": "above", "id": 17, "target": "Chair02_0"}]}