{"nodes": [{"y": 200, "x": 625, "size": 3, "id": "Doll06_0", "label": "person"}, {"y": 325, "x": 387, "size": 3, "id": "Rat_0", "label": "Rat"}, {"y": 306, "x": 451, "size": 3, "id": "Rat_1", "label": "Rat"}, {"y": 333, "x": 456, "size": 3, "id": "Rat_2", "label": "Rat"}, {"y": 157, "x": 226, "size": 3, "id": "Cat01_0", "label": "Cat"}, {"y": 106, "x": 462, "size": 3, "id": "Window05_0", "label": "Window"}, {"y": 251, "x": 111, "size": 3, "id": "Chair02_0", "label": "Chair"}], "edges": [{"source": "Doll06_0", "label": "opposite", "id": 3, "target": "Cat01_0"}, {"source": "Doll06_0", "label": "near", "id": 4, "target": "Window05_0"}, {"source": "Rat_0", "label": "beside", "id": 6, "target": "Rat_1"}, {"source": "Rat_0", "label": "beside", "id": 7, "target": "Rat_2"}, {"source": "Rat_1", "label": "aboveC", "id": 11, "target": "Rat_2"}, {"source": "Cat01_0", "label": "beside", "id": 19, "target": "Chair02_0"}]}