{"nodes": [{"y": 245, "x": 146, "size": 3, "id": "Doll08_0", "label": "person"}, {"y": 305, "x": 393, "size": 3, "id": "CoffeeTable_0", "label": "CoffeeTable"}, {"y": 89, "x": 610, "size": 3, "id": "Picture_0", "label": "Picture"}, {"y": 88, "x": 177, "size": 3, "id": "Picture_1", "label": "Picture"}, {"y": 292, "x": 143, "size": 3, "id": "Chair01_0", "label": "Chair"}, {"y": 270, "x": 625, "size": 3, "id": "Chair02_0", "label": "Chair"}], "edges": [{"source": "Doll08_0", "label": "aboveC", "id": 3, "target": "Chair01_0"}]}