{"nodes": [{"y": 210, "x": 295, "size": 3, "id": "Doll02_0", "label": "person"}, {"y": 383, "x": 576, "size": 3, "id": "Dog02_0", "label": "Dog"}, {"y": 164, "x": 375, "size": 3, "id": "Door_0", "label": "Door"}, {"y": 288, "x": 36, "size": 3, "id": "Sofa_0", "label": "Sofa"}, {"y": 143, "x": 612, "size": 3, "id": "Window03_0", "label": "Window"}, {"y": 131, "x": 151, "size": 3, "id": "Window03_1", "label": "Window"}, {"y": 128, "x": -20, "size": 3, "id": "Window03_2", "label": "Window"}, {"y": 307, "x": 596, "size": 3, "id": "DiningTable_0", "label": "DiningTable"}, {"y": 303, "x": 520, "size": 2, "id": "Chair01_0", "label": "Chair"}, {"y": 320, "x": 662, "size": 2, "id": "Chair01_1", "label": "Chair"}, {"y": 245, "x": 616, "size": 3, "id": "Book_0", "label": "Book"}], "edges": [{"source": "Doll02_0", "label": "near", "id": 0, "target": "Dog02_0"}, {"source": "Doll02_0", "label": "beside", "id": 1, "target": "Door_0"}, {"source": "Doll02_0", "label": "near", "id": 6, "target": "DiningTable_0"}, {"source": "Dog02_0", "label": "below", "id": 10, "target": "Door_0"}, {"source": "Dog02_0", "label": "belowC", "id": 15, "target": "DiningTable_0"}, {"source": "Dog02_0", "label": "belowC", "id": 16, "target": "Chair01_0"}, {"source": "Dog02_0", "label": "belowC", "id": 18, "target": "Book_0"}, {"source": "Book_0", "label": "belowC", "id": 39, "target": "Window03_0"}, {"source": "Book_0", "label": "on", "id": 51, "target": "DiningTable_0"}, {"source": "Book_0", "label": "aboveC", "id": 54, "target": "Chair01_1"}]}