{"nodes": [{"y": 329, "x": 490, "size": 3, "id": "Doll20_0", "label": "person"}, {"y": 104, "x": 87, "size": 3, "id": "Window02_0", "label": "Window"}, {"y": 237, "x": 366, "size": 3, "id": "Fireplace_0", "label": "Fireplace"}, {"y": 348, "x": 382, "size": 3, "id": "Rug_0", "label": "Rug"}, {"y": 289, "x": 199, "size": 3, "id": "Chair02_0", "label": "Chair"}, {"y": 150, "x": 561, "size": 3, "id": "Bookshelf_0", "label": "Bookshelf"}, {"y": 207, "x": 525, "size": 3, "id": "Doll_0", "label": "Doll"}, {"y": 320, "x": 464, "size": 3, "id": "Doll_1", "label": "Doll"}, {"y": 158, "x": 601, "size": 3, "id": "CD_0", "label": "CD"}, {"y": 99, "x": 520, "size": 3, "id": "Bottle_0", "label": "Bottle"}, {"y": 160, "x": 544, "size": 3, "id": "Book_0", "label": "Book"}, {"y": 264, "x": 588, "size": 3, "id": "Toy_0", "label": "Toy"}], "edges": [{"source": "Doll20_0", "label": "near", "id": 1, "target": "Fireplace_0"}, {"source": "Doll20_0", "label": "on", "id": 2, "target": "Rug_0"}, {"source": "Doll20_0", "label": "beside", "id": 6, "target": "Doll_1"}, {"source": "Fireplace_0", "label": "aboveC", "id": 21, "target": "Rug_0"}, {"source": "Doll_1", "label": "on", "id": 33, "target": "Rug_0"}, {"source": "Bookshelf_0", "label": "surrounds", "id": 45, "target": "Doll_0"}, {"source": "Bookshelf_0", "label": "surrounds", "id": 47, "target": "CD_0"}, {"source": "Bookshelf_0", "label": "surrounds", "id": 48, "target": "Bottle_0"}, {"source": "Bookshelf_0", "label": "surrounds", "id": 49, "target": "Book_0"}, {"source": "Toy_0", "label": "on", "id": 50, "target": "Bookshelf_0"}, {"source": "Doll_0", "label": "belowC", "id": 53, "target": "Bottle_0"}, {"source": "Doll_0", "label": "belowC", "id": 54, "target": "Book_0"}, {"source": "CD_0", "label": "aboveC", "id": 62, "target": "Toy_0"}, {"source": "Bottle_0", "label": "aboveC", "id": 63, "target": "Book_0"}]}