{"nodes": [{"y": 231, "x": 291, "size": 3, "id": "Doll17_0", "label": "person"}, {"y": 204, "x": 511, "size": 3, "id": "Doll18_0", "label": "person"}, {"y": 230, "x": 354, "size": 3, "id": "Puppy02_0", "label": "Puppy"}, {"y": 334, "x": 637, "size": 5, "id": "bush_0", "label": "bush"}, {"y": 233, "x": 142, "size": 3, "id": "log_0", "label": "log"}, {"y": 112, "x": 79, "size": 1, "id": "tree_0", "label": "tree"}, {"y": 276, "x": 347, "size": 5, "id": "blanket_0", "label": "blanket"}, {"y": 18, "x": 681, "size": 3, "id": "sun_0", "label": "sun"}, {"y": 264, "x": 411, "size": 3, "id": "basket_0", "label": "basket"}], "edges": [{"source": "Doll17_0", "label": "opposite", "id": 0, "target": "Doll18_0"}, {"source": "Doll17_0", "label": "beside", "id": 1, "target": "Puppy02_0"}, {"source": "Doll17_0", "label": "near_behind", "id": 5, "target": "blanket_0"}, {"source": "Doll17_0", "label": "near", "id": 7, "target": "basket_0"}, {"source": "Doll18_0", "label": "near", "id": 8, "target": "Puppy02_0"}, {"source": "Doll18_0", "label": "near", "id": 14, "target": "basket_0"}, {"source": "Puppy02_0", "label": "beside", "id": 20, "target": "basket_0"}, {"source": "blanket_0", "label": "surrounds", "id": 34, "target": "basket_0"}]}