{"nodes": [{"y": 171, "x": 293, "size": 3, "id": "Doll05_0", "label": "person"}, {"y": 187, "x": 95, "size": 3, "id": "Doll04_0", "label": "person"}, {"y": 274, "x": 486, "size": 3, "id": "Cat01_0", "label": "Cat"}, {"y": 67, "x": 607, "size": 3, "id": "sun_0", "label": "sun"}, {"y": 42, "x": 180, "size": 3, "id": "cloud_0", "label": "cloud"}, {"y": 227, "x": 631, "size": 3, "id": "flower_0", "label": "flower"}], "edges": [{"source": "Doll05_0", "label": "opposite", "id": 0, "target": "Doll04_0"}, {"source": "Doll05_0", "label": "opposite", "id": 1, "target": "Cat01_0"}, {"source": "Doll04_0", "label": "opposite", "id": 5, "target": "Cat01_0"}]}