{"nodes": [{"y": 340, "x": 170, "size": 3, "id": "Doll20_0", "label": "person"}, {"y": 305, "x": 566, "size": 3, "id": "Sofa_0", "label": "Sofa"}, {"y": 220, "x": 317, "size": 3, "id": "Fireplace_0", "label": "Fireplace"}, {"y": 375, "x": 202, "size": 3, "id": "Rug_0", "label": "Rug"}, {"y": 253, "x": 82, "size": 3, "id": "Dollhouse_0", "label": "Dollhouse"}, {"y": 348, "x": 242, "size": 3, "id": "BuildingToy_0", "label": "BuildingToy"}], "edges": [{"source": "Doll20_0", "label": "on", "id": 2, "target": "Rug_0"}, {"source": "Doll20_0", "label": "beside", "id": 3, "target": "Dollhouse_0"}, {"source": "Doll20_0", "label": "beside", "id": 4, "target": "BuildingToy_0"}, {"source": "BuildingToy_0", "label": "belowC", "id": 11, "target": "Fireplace_0"}, {"source": "BuildingToy_0", "label": "on", "id": 13, "target": "Rug_0"}]}