{"nodes": [{"y": 144, "x": 294, "size": 3, "id": "Doll09_0", "label": "person"}, {"y": 151, "x": 383, "size": 3, "id": "Doll08_0", "label": "person"}, {"y": 286, "x": 207, "size": 3, "id": "Bluejay_0", "label": "Bluejay"}, {"y": 97, "x": 151, "size": 3, "id": "Butterfly01_0", "label": "Butterfly"}, {"y": 71, "x": 514, "size": 3, "id": "Butterfly01_1", "label": "Butterfly"}, {"y": 307, "x": 266, "size": 3, "id": "Dog01_0", "label": "Dog"}, {"y": 62, "x": 229, "size": 3, "id": "sun_0", "label": "sun"}, {"y": 267, "x": 432, "size": 3, "id": "bush_0", "label": "bush"}, {"y": 201, "x": 503, "size": 3, "id": "bush_1", "label": "bush"}, {"y": 182, "x": 550, "size": 3, "id": "bush_2", "label": "bush"}, {"y": 258, "x": 558, "size": 3, "id": "bush_3", "label": "bush"}, {"y": 84, "x": 428, "size": 3, "id": "tree_0", "label": "tree"}, {"y": 322, "x": 213, "size": 3, "id": "sidewalk_0", "label": "sidewalk"}], "edges": [{"source": "Doll09_0", "label": "near", "id": 0, "target": "Doll08_0"}, {"source": "Doll09_0", "label": "above", "id": 1, "target": "Bluejay_0"}, {"source": "Doll09_0", "label": "above", "id": 4, "target": "Dog01_0"}, {"source": "Doll08_0", "label": "aboveF", "id": 15, "target": "Dog01_0"}, {"source": "Doll08_0", "label": "above", "id": 17, "target": "bush_0"}, {"source": "Doll08_0", "label": "on", "id": 21, "target": "tree_0"}, {"source": "Dog01_0", "label": "surrounds", "id": 25, "target": "Bluejay_0"}, {"source": "sidewalk_0", "label": "surrounds", "id": 32, "target": "Bluejay_0"}, {"source": "tree_0", "label": "surrounds", "id": 48, "target": "Butterfly01_1"}, {"source": "sidewalk_0", "label": "surrounds", "id": 56, "target": "Dog01_0"}]}