{"nodes": [{"y": 212, "x": 493, "size": 3, "id": "Doll09_0", "label": "person"}, {"y": 298, "x": 570, "size": 2, "id": "Dog01_0", "label": "Dog"}, {"y": 240, "x": 338, "size": 3, "id": "bike_0", "label": "bike"}, {"y": 71, "x": 620, "size": 3, "id": "sun_0", "label": "sun"}, {"y": 217, "x": 542, "size": 3, "id": "log_0", "label": "log"}, {"y": 262, "x": 12, "size": 3, "id": "bush_0", "label": "bush"}, {"y": 356, "x": 98, "size": 3, "id": "bush_1", "label": "bush"}, {"y": 137, "x": 307, "size": 3, "id": "bush_2", "label": "bush"}, {"y": 129, "x": 696, "size": 3, "id": "bush_3", "label": "bush"}], "edges": [{"source": "Doll09_0", "label": "above", "id": 0, "target": "Dog01_0"}, {"source": "Doll09_0", "label": "near", "id": 1, "target": "bike_0"}, {"source": "Doll09_0", "label": "beside", "id": 3, "target": "log_0"}, {"source": "Dog01_0", "label": "below", "id": 10, "target": "log_0"}]}