{"nodes": [{"y": 249, "x": 525, "size": 3, "id": "Doll06_0", "label": "person"}, {"y": 292, "x": 537, "size": 3, "id": "Chair01_0", "label": "Chair"}, {"y": 134, "x": 30, "size": 3, "id": "Window03_0", "label": "Window"}, {"y": 224, "x": 71, "size": 3, "id": "CoatRack_0", "label": "CoatRack"}, {"y": 339, "x": 411, "size": 3, "id": "Footstool_0", "label": "Footstool"}, {"y": 132, "x": 377, "size": 3, "id": "Window02_0", "label": "Window"}, {"y": 163, "x": 636, "size": 3, "id": "Door_0", "label": "Door"}, {"y": 351, "x": 426, "size": 3, "id": "Rug_0", "label": "Rug"}], "edges": [{"source": "Doll06_0", "label": "on", "id": 0, "target": "Chair01_0"}, {"source": "Doll06_0", "label": "beside", "id": 3, "target": "Footstool_0"}, {"source": "Doll06_0", "label": "near", "id": 4, "target": "Window02_0"}, {"source": "Doll06_0", "label": "beside", "id": 5, "target": "Door_0"}, {"source": "Doll06_0", "label": "aboveC", "id": 6, "target": "Rug_0"}, {"source": "Chair01_0", "label": "beside", "id": 9, "target": "Footstool_0"}, {"source": "Chair01_0", "label": "below", "id": 10, "target": "Window02_0"}, {"source": "Window03_0", "label": "on", "id": 13, "target": "CoatRack_0"}, {"source": "Footstool_0", "label": "below", "id": 22, "target": "Window02_0"}, {"source": "Rug_0", "label": "surrounds", "id": 24, "target": "Footstool_0"}]}