{"nodes": [{"y": 180, "x": 130, "size": 3, "id": "Doll03_0", "label": "person"}, {"y": 327, "x": 351, "size": 3, "id": "Puppy01_0", "label": "Puppy"}, {"y": 89, "x": 346, "size": 3, "id": "Window05_0", "label": "Window"}, {"y": 234, "x": 131, "size": 3, "id": "Chair02_0", "label": "Chair"}, {"y": 281, "x": 538, "size": 3, "id": "Couch_0", "label": "Couch"}, {"y": 254, "x": 326, "size": 3, "id": "Plant_0", "label": "Plant"}, {"y": 213, "x": 161, "size": 3, "id": "DishesSnack_0", "label": "DishesSnack"}, {"y": 315, "x": 284, "size": 3, "id": "Doll_0", "label": "Doll"}, {"y": 175, "x": 234, "size": 3, "id": "cup_0", "label": "cup"}], "edges": [{"source": "Doll03_0", "label": "on", "id": 2, "target": "Chair02_0"}, {"source": "Doll03_0", "label": "aboveC", "id": 5, "target": "DishesSnack_0"}, {"source": "Doll03_0", "label": "beside", "id": 7, "target": "cup_0"}, {"source": "Puppy01_0", "label": "belowC", "id": 11, "target": "Plant_0"}, {"source": "Chair02_0", "label": "surrounds", "id": 23, "target": "DishesSnack_0"}, {"source": "cup_0", "label": "beside", "id": 25, "target": "Chair02_0"}, {"source": "Doll_0", "label": "belowC", "id": 31, "target": "Plant_0"}, {"source": "Doll_0", "label": "belowC", "id": 35, "target": "cup_0"}]}