{"nodes": [{"y": 231, "x": 182, "size": 3, "id": "Doll06_0", "label": "person"}, {"y": 210, "x": 483, "size": 3, "id": "Doll03_0", "label": "person"}, {"y": 74, "x": 340, "size": 3, "id": "Window02_0", "label": "Window"}, {"y": 356, "x": 353, "size": 3, "id": "Rug_0", "label": "Rug"}, {"y": 306, "x": 177, "size": 3, "id": "Stool_0", "label": "Stool"}, {"y": 294, "x": 498, "size": 3, "id": "Stool_1", "label": "Stool"}, {"y": 262, "x": 51, "size": 3, "id": "Plant_0", "label": "Plant"}, {"y": 267, "x": 635, "size": 3, "id": "Plant_1", "label": "Plant"}, {"y": 224, "x": 332, "size": 3, "id": "Fireplace_0", "label": "Fireplace"}, {"y": 219, "x": 411, "size": 3, "id": "Paper_0", "label": "Paper"}], "edges": [{"source": "Doll06_0", "label": "near", "id": 0, "target": "Doll03_0"}, {"source": "Doll06_0", "label": "near", "id": 2, "target": "Rug_0"}, {"source": "Doll06_0", "label": "aboveC", "id": 3, "target": "Stool_0"}, {"source": "Doll06_0", "label": "beside", "id": 5, "target": "Plant_0"}, {"source": "Doll06_0", "label": "near", "id": 7, "target": "Fireplace_0"}, {"source": "Doll03_0", "label": "above", "id": 10, "target": "Rug_0"}, {"source": "Doll03_0", "label": "aboveC", "id": 12, "target": "Stool_1"}, {"source": "Doll03_0", "label": "near", "id": 15, "target": "Fireplace_0"}, {"source": "Doll03_0", "label": "beside", "id": 16, "target": "Paper_0"}, {"source": "Rug_0", "label": "belowC", "id": 28, "target": "Fireplace_0"}, {"source": "Paper_0", "label": "aboveC", "id": 29, "target": "Rug_0"}]}