{"nodes": [{"y": 187, "x": 412, "size": 3, "id": "Doll05_0", "label": "person"}, {"y": 309, "x": 263, "size": 3, "id": "Puppy01_0", "label": "Puppy"}, {"y": 57, "x": 538, "size": 3, "id": "cloud_0", "label": "cloud"}, {"y": 22, "x": 38, "size": 3, "id": "sun_0", "label": "sun"}, {"y": 351, "x": 613, "size": 3, "id": "sidewalk_0", "label": "sidewalk"}, {"y": 197, "x": 179, "size": 3, "id": "bush_0", "label": "bush"}, {"y": 149, "x": 642, "size": 3, "id": "tree_0", "label": "tree"}], "edges": [{"source": "Doll05_0", "label": "opposite", "id": 0, "target": "Puppy01_0"}, {"source": "tree_0", "label": "surrounds", "id": 14, "target": "cloud_0"}]}