{"nodes": [{"y": 166, "x": 274, "size": 5, "id": "Doll11_0", "label": "person"}, {"y": 173, "x": 459, "size": 5, "id": "Doll14_0", "label": "person"}, {"y": 318, "x": 355, "size": 5, "id": "monkeybars_0", "label": "monkeybars"}, {"y": 69, "x": 600, "size": 3, "id": "sun_0", "label": "sun"}, {"y": 126, "x": 84, "size": 3, "id": "tree_0", "label": "tree"}, {"y": 209, "x": 660, "size": 1, "id": "flower_0", "label": "flower"}, {"y": 186, "x": 213, "size": 5, "id": "flower_1", "label": "flower"}, {"y": 240, "x": 612, "size": 3, "id": "flower_2", "label": "flower"}], "edges": [{"source": "Doll11_0", "label": "opposite", "id": 0, "target": "Doll14_0"}]}