{"nodes": [{"y": 203, "x": 661, "size": 3, "id": "Doll04_0", "label": "person"}, {"y": 377, "x": 251, "size": 3, "id": "Rat_0", "label": "Rat"}, {"y": 159, "x": 118, "size": 3, "id": "Door_0", "label": "Door"}, {"y": 110, "x": 463, "size": 3, "id": "Window03_0", "label": "Window"}, {"y": 330, "x": 121, "size": 3, "id": "Sofa_0", "label": "Sofa"}, {"y": 196, "x": 467, "size": 5, "id": "Plant_0", "label": "Plant"}, {"y": 278, "x": 462, "size": 3, "id": "CoffeeTable_0", "label": "CoffeeTable"}], "edges": [{"source": "Rat_0", "label": "below", "id": 6, "target": "Door_0"}, {"source": "Rat_0", "label": "beside", "id": 8, "target": "Sofa_0"}, {"source": "Door_0", "label": "above", "id": 12, "target": "Sofa_0"}]}