{"nodes": [{"y": 206, "x": 608, "size": 3, "id": "Doll13_0", "label": "person"}, {"y": 191, "x": 136, "size": 3, "id": "Doll03_0", "label": "person"}, {"y": 58, "x": 74, "size": 3, "id": "Bee_0", "label": "Bee"}, {"y": 341, "x": 42, "size": 3, "id": "Puppy01_0", "label": "Puppy"}, {"y": 54, "x": 557, "size": 3, "id": "sun_0", "label": "sun"}, {"y": 132, "x": 64, "size": 3, "id": "bush_0", "label": "bush"}, {"y": 114, "x": 168, "size": 3, "id": "bush_1", "label": "bush"}, {"y": 133, "x": 270, "size": 3, "id": "bush_2", "label": "bush"}, {"y": 60, "x": 319, "size": 3, "id": "football_0", "label": "football"}], "edges": [{"source": "Doll03_0", "label": "above", "id": 9, "target": "Puppy01_0"}, {"source": "Bee_0", "label": "aboveC", "id": 17, "target": "bush_0"}, {"source": "Bee_0", "label": "on", "id": 18, "target": "bush_1"}]}