{"nodes": [{"y": 229, "x": 244, "size": 3, "id": "Doll06_0", "label": "person"}, {"y": 282, "x": 401, "size": 3, "id": "Doll18_0", "label": "person"}, {"y": 164, "x": 92, "size": 3, "id": "Bookshelf_0", "label": "Bookshelf"}, {"y": 310, "x": 615, "size": 3, "id": "Sofa_0", "label": "Sofa"}, {"y": 162, "x": 304, "size": 3, "id": "Door_0", "label": "Door"}, {"y": 281, "x": 368, "size": 3, "id": "Paper_0", "label": "Paper"}, {"y": 246, "x": 320, "size": 3, "id": "Notebook_0", "label": "Notebook"}], "edges": [{"source": "Doll06_0", "label": "near", "id": 0, "target": "Doll18_0"}, {"source": "Doll06_0", "label": "near", "id": 1, "target": "Bookshelf_0"}, {"source": "Doll06_0", "label": "belowC", "id": 3, "target": "Door_0"}, {"source": "Doll06_0", "label": "beside", "id": 4, "target": "Paper_0"}, {"source": "Doll06_0", "label": "beside", "id": 5, "target": "Notebook_0"}, {"source": "Doll18_0", "label": "near", "id": 6, "target": "Bookshelf_0"}, {"source": "Doll18_0", "label": "near", "id": 7, "target": "Sofa_0"}, {"source": "Doll18_0", "label": "below", "id": 8, "target": "Door_0"}, {"source": "Doll18_0", "label": "beside", "id": 9, "target": "Paper_0"}, {"source": "Doll18_0", "label": "beside", "id": 10, "target": "Notebook_0"}, {"source": "Paper_0", "label": "belowC", "id": 18, "target": "Door_0"}, {"source": "Door_0", "label": "surrounds", "id": 19, "target": "Notebook_0"}, {"source": "Paper_0", "label": "beside", "id": 20, "target": "Notebook_0"}]}