{"nodes": [{"y": 173, "x": 237, "size": 3, "id": "Doll11_0", "label": "person"}, {"y": 209, "x": 571, "size": 3, "id": "Doll18_0", "label": "person"}, {"y": 37, "x": 599, "size": 3, "id": "cloud_0", "label": "cloud"}, {"y": 54, "x": 261, "size": 3, "id": "cloud_1", "label": "cloud"}, {"y": 47, "x": 560, "size": 3, "id": "sun_0", "label": "sun"}, {"y": 133, "x": 120, "size": 3, "id": "tree_0", "label": "tree"}, {"y": 160, "x": 209, "size": 3, "id": "bush_0", "label": "bush"}, {"y": 142, "x": 464, "size": 3, "id": "bush_1", "label": "bush"}, {"y": 200, "x": 148, "size": 3, "id": "bat_0", "label": "bat"}], "edges": [{"source": "Doll11_0", "label": "opposite", "id": 0, "target": "Doll18_0"}, {"source": "tree_0", "label": "surrounds", "id": 4, "target": "Doll11_0"}, {"source": "Doll11_0", "label": "on", "id": 5, "target": "bush_0"}, {"source": "Doll11_0", "label": "near", "id": 7, "target": "bat_0"}, {"source": "cloud_1", "label": "on", "id": 22, "target": "tree_0"}, {"source": "tree_0", "label": "surrounds", "id": 32, "target": "bat_0"}]}