{"nodes": [{"y": 175, "x": 395, "size": 3, "id": "Doll17_0", "label": "person"}, {"y": 328, "x": 374, "size": 3, "id": "Table_0", "label": "Table"}, {"y": 197, "x": 641, "size": 3, "id": "CoatRack_0", "label": "CoatRack"}, {"y": 84, "x": 315, "size": 3, "id": "Picture_0", "label": "Picture"}, {"y": 194, "x": 367, "size": 3, "id": "Picture_1", "label": "Picture"}, {"y": 135, "x": 613, "size": 3, "id": "Window05_0", "label": "Window"}, {"y": 175, "x": 113, "size": 3, "id": "Window05_1", "label": "Window"}], "edges": [{"source": "Doll17_0", "label": "above", "id": 0, "target": "Table_0"}, {"source": "Doll17_0", "label": "near", "id": 1, "target": "CoatRack_0"}, {"source": "Doll17_0", "label": "belowC", "id": 2, "target": "Picture_0"}, {"source": "Doll17_0", "label": "beside", "id": 3, "target": "Picture_1"}, {"source": "Doll17_0", "label": "near", "id": 4, "target": "Window05_0"}, {"source": "Doll17_0", "label": "near", "id": 5, "target": "Window05_1"}, {"source": "Table_0", "label": "belowC", "id": 8, "target": "Picture_1"}, {"source": "CoatRack_0", "label": "belowC", "id": 13, "target": "Window05_0"}, {"source": "Picture_0", "label": "aboveC", "id": 15, "target": "Picture_1"}]}