{"nodes": [{"y": 194, "x": 338, "size": 3, "id": "Doll20_0", "label": "person"}, {"y": 294, "x": 254, "size": 2, "id": "Doll04_0", "label": "person"}, {"y": 300, "x": 443, "size": 3, "id": "Cat01_0", "label": "Cat"}, {"y": 184, "x": 616, "size": 4, "id": "Plant_0", "label": "Plant"}, {"y": 184, "x": 88, "size": 4, "id": "Plant_1", "label": "Plant"}, {"y": 200, "x": 358, "size": 1, "id": "Couch_0", "label": "Couch"}, {"y": 334, "x": 346, "size": 3, "id": "Rug_0", "label": "Rug"}, {"y": 254, "x": 91, "size": 3, "id": "Footstool_0", "label": "Footstool"}, {"y": 257, "x": 616, "size": 3, "id": "Footstool_1", "label": "Footstool"}, {"y": 54, "x": 364, "size": 3, "id": "Picture_0", "label": "Picture"}, {"y": 92, "x": 98, "size": 3, "id": "Window05_0", "label": "Window"}, {"y": 301, "x": 347, "size": 3, "id": "DishesMeal_0", "label": "DishesMeal"}, {"y": 314, "x": 330, "size": 5, "id": "Scissors_0", "label": "Scissors"}, {"y": 340, "x": 402, "size": 3, "id": "Yarn_0", "label": "Yarn"}, {"y": 187, "x": 311, "size": 3, "id": "Doll_0", "label": "Doll"}], "edges": [{"source": "Doll20_0", "label": "above", "id": 0, "target": "Doll04_0"}, {"source": "Doll20_0", "label": "above", "id": 1, "target": "Cat01_0"}, {"source": "Couch_0", "label": "surrounds", "id": 4, "target": "Doll20_0"}, {"source": "Doll20_0", "label": "above", "id": 5, "target": "Rug_0"}, {"source": "Doll20_0", "label": "aboveC", "id": 10, "target": "DishesMeal_0"}, {"source": "Doll20_0", "label": "above", "id": 12, "target": "Yarn_0"}, {"source": "Doll20_0", "label": "beside", "id": 13, "target": "Doll_0"}, {"source": "Doll04_0", "label": "near", "id": 14, "target": "Cat01_0"}, {"source": "Doll04_0", "label": "near", "id": 17, "target": "Couch_0"}, {"source": "Doll04_0", "label": "beside", "id": 18, "target": "Rug_0"}, {"source": "Doll04_0", "label": "beside", "id": 23, "target": "DishesMeal_0"}, {"source": "Doll04_0", "label": "near", "id": 25, "target": "Yarn_0"}, {"source": "Doll04_0", "label": "below", "id": 26, "target": "Doll_0"}, {"source": "Cat01_0", "label": "on", "id": 30, "target": "Rug_0"}, {"source": "Cat01_0", "label": "beside", "id": 37, "target": "Yarn_0"}, {"source": "Plant_0", "label": "aboveC", "id": 43, "target": "Footstool_1"}, {"source": "Plant_1", "label": "aboveC", "id": 52, "target": "Footstool_0"}, {"source": "Plant_1", "label": "belowC", "id": 55, "target": "Window05_0"}, {"source": "Couch_0", "label": "surrounds", "id": 68, "target": "Doll_0"}, {"source": "DishesMeal_0", "label": "on", "id": 73, "target": "Rug_0"}, {"source": "Rug_0", "label": "surrounds", "id": 74, "target": "Scissors_0"}, {"source": "Rug_0", "label": "surrounds", "id": 75, "target": "Yarn_0"}, {"source": "Doll_0", "label": "above", "id": 76, "target": "Rug_0"}, {"source": "Yarn_0", "label": "below", "id": 104, "target": "Doll_0"}]}