{"nodes": [{"y": 168, "x": 357, "size": 3, "id": "Doll15_0", "label": "person"}, {"y": 142, "x": 447, "size": 3, "id": "Doll16_0", "label": "person"}, {"y": 329, "x": 335, "size": 3, "id": "sandbox_0", "label": "sandbox"}, {"y": 243, "x": 594, "size": 3, "id": "bench_0", "label": "bench"}, {"y": 176, "x": 155, "size": 3, "id": "seesaw_0", "label": "seesaw"}, {"y": 302, "x": 284, "size": 3, "id": "shovel_0", "label": "shovel"}, {"y": 303, "x": 367, "size": 3, "id": "pail_0", "label": "pail"}], "edges": [{"source": "Doll15_0", "label": "near", "id": 0, "target": "Doll16_0"}, {"source": "Doll15_0", "label": "above", "id": 1, "target": "sandbox_0"}, {"source": "Doll15_0", "label": "above", "id": 4, "target": "shovel_0"}, {"source": "Doll15_0", "label": "above", "id": 5, "target": "pail_0"}, {"source": "Doll16_0", "label": "above", "id": 10, "target": "pail_0"}, {"source": "sandbox_0", "label": "surrounds", "id": 13, "target": "shovel_0"}, {"source": "sandbox_0", "label": "surrounds", "id": 14, "target": "pail_0"}]}