{"nodes": [{"y": 318, "x": 278, "size": 3, "id": "Doll18_0", "label": "person"}, {"y": 315, "x": 527, "size": 3, "id": "Doll18_1", "label": "person"}, {"y": 280, "x": 638, "size": 3, "id": "Dog02_0", "label": "Dog"}, {"y": 247, "x": 420, "size": 3, "id": "Dog02_1", "label": "Dog"}, {"y": 244, "x": 404, "size": 3, "id": "Couch_0", "label": "Couch"}, {"y": 112, "x": 619, "size": 3, "id": "Window05_0", "label": "Window"}, {"y": 109, "x": 165, "size": 3, "id": "Window05_1", "label": "Window"}, {"y": 357, "x": 395, "size": 3, "id": "Rug_0", "label": "Rug"}, {"y": 299, "x": 164, "size": 3, "id": "Footstool_0", "label": "Footstool"}, {"y": 235, "x": 156, "size": 3, "id": "Plant_0", "label": "Plant"}, {"y": 72, "x": 410, "size": 3, "id": "Picture_0", "label": "Picture"}, {"y": 296, "x": 641, "size": 3, "id": "PetBed_0", "label": "PetBed"}, {"y": 363, "x": 525, "size": 3, "id": "Toy_0", "label": "Toy"}, {"y": 334, "x": 276, "size": 3, "id": "watermelon_0", "label": "watermelon"}], "edges": [{"source": "Doll18_0", "label": "below", "id": 5, "target": "Window05_1"}, {"source": "Doll18_0", "label": "on", "id": 6, "target": "Rug_0"}, {"source": "Doll18_0", "label": "aboveC", "id": 12, "target": "watermelon_0"}, {"source": "Doll18_1", "label": "below", "id": 16, "target": "Window05_0"}, {"source": "Doll18_1", "label": "aboveC", "id": 23, "target": "Toy_0"}, {"source": "Dog02_0", "label": "near", "id": 25, "target": "Dog02_1"}, {"source": "Dog02_0", "label": "below", "id": 27, "target": "Window05_0"}, {"source": "Dog02_0", "label": "on", "id": 33, "target": "PetBed_0"}, {"source": "Couch_0", "label": "surrounds", "id": 36, "target": "Dog02_1"}, {"source": "Rug_0", "label": "surrounds", "id": 74, "target": "Toy_0"}, {"source": "Rug_0", "label": "surrounds", "id": 75, "target": "watermelon_0"}, {"source": "Footstool_0", "label": "belowC", "id": 76, "target": "Plant_0"}]}