{"nodes": [{"y": 217, "x": 521, "size": 3, "id": "Doll18_0", "label": "person"}, {"y": 194, "x": 447, "size": 3, "id": "Finch_0", "label": "Finch"}, {"y": 204, "x": 417, "size": 3, "id": "Finch_1", "label": "Finch"}, {"y": 212, "x": 453, "size": 3, "id": "Finch_2", "label": "Finch"}, {"y": 176, "x": 404, "size": 3, "id": "Finch_3", "label": "Finch"}, {"y": 74, "x": 650, "size": 3, "id": "tree_0", "label": "tree"}, {"y": 94, "x": 694, "size": 3, "id": "tree_1", "label": "tree"}, {"y": 5, "x": 313, "size": 3, "id": "sun_0", "label": "sun"}, {"y": 277, "x": 586, "size": 5, "id": "blanket_0", "label": "blanket"}, {"y": 284, "x": 618, "size": 3, "id": "plate_0", "label": "plate"}, {"y": 281, "x": 618, "size": 3, "id": "plate_1", "label": "plate"}, {"y": 260, "x": 660, "size": 3, "id": "cup_0", "label": "cup"}, {"y": 264, "x": 670, "size": 3, "id": "cup_1", "label": "cup"}, {"y": 239, "x": 581, "size": 3, "id": "basket_0", "label": "basket"}], "edges": [{"source": "Doll18_0", "label": "beside", "id": 2, "target": "Finch_2"}, {"source": "Doll18_0", "label": "beside", "id": 12, "target": "basket_0"}, {"source": "Finch_0", "label": "aboveC", "id": 14, "target": "Finch_2"}, {"source": "Finch_1", "label": "belowC", "id": 26, "target": "Finch_3"}, {"source": "tree_0", "label": "on", "id": 55, "target": "tree_1"}, {"source": "basket_0", "label": "below", "id": 62, "target": "tree_0"}, {"source": "basket_0", "label": "on", "id": 69, "target": "tree_1"}, {"source": "blanket_0", "label": "surrounds", "id": 76, "target": "plate_0"}, {"source": "blanket_0", "label": "surrounds", "id": 77, "target": "plate_1"}, {"source": "blanket_0", "label": "surrounds", "id": 78, "target": "cup_0"}, {"source": "blanket_0", "label": "surrounds", "id": 79, "target": "cup_1"}, {"source": "blanket_0", "label": "surrounds", "id": 80, "target": "basket_0"}, {"source": "plate_0", "label": "on", "id": 81, "target": "plate_1"}, {"source": "plate_0", "label": "belowC", "id": 84, "target": "basket_0"}, {"source": "plate_1", "label": "belowC", "id": 87, "target": "basket_0"}]}