{"nodes": [{"y": 254, "x": 360, "size": 3, "id": "Doll14_0", "label": "person"}, {"y": 104, "x": 319, "size": 3, "id": "Bee_0", "label": "Bee"}, {"y": 108, "x": 284, "size": 3, "id": "Bee_1", "label": "Bee"}, {"y": 111, "x": 305, "size": 3, "id": "Bee_2", "label": "Bee"}, {"y": 247, "x": 568, "size": 3, "id": "Bee_3", "label": "Bee"}, {"y": 94, "x": 72, "size": 3, "id": "sun_0", "label": "sun"}, {"y": 139, "x": 620, "size": 3, "id": "tree_0", "label": "tree"}, {"y": 150, "x": 186, "size": 3, "id": "tree_1", "label": "tree"}, {"y": 131, "x": 455, "size": 3, "id": "bush_0", "label": "bush"}, {"y": 374, "x": 61, "size": 3, "id": "bush_1", "label": "bush"}, {"y": 175, "x": 29, "size": 3, "id": "bush_2", "label": "bush"}, {"y": 267, "x": 595, "size": 3, "id": "flower_0", "label": "flower"}, {"y": 278, "x": 621, "size": 3, "id": "flower_1", "label": "flower"}, {"y": 307, "x": 573, "size": 3, "id": "flower_2", "label": "flower"}, {"y": 283, "x": 382, "size": 3, "id": "flower_3", "label": "flower"}, {"y": 68, "x": 297, "size": 3, "id": "beehive_0", "label": "beehive"}], "edges": [{"source": "Doll14_0", "label": "below", "id": 0, "target": "Bee_0"}, {"source": "Doll14_0", "label": "below", "id": 1, "target": "Bee_1"}, {"source": "Doll14_0", "label": "below", "id": 2, "target": "Bee_2"}, {"source": "Doll14_0", "label": "aboveC", "id": 13, "target": "flower_3"}, {"source": "Bee_0", "label": "beside", "id": 15, "target": "Bee_1"}, {"source": "Bee_0", "label": "beside", "id": 16, "target": "Bee_2"}, {"source": "tree_1", "label": "surrounds", "id": 20, "target": "Bee_0"}, {"source": "Bee_0", "label": "belowC", "id": 28, "target": "beehive_0"}, {"source": "Bee_1", "label": "beside", "id": 29, "target": "Bee_2"}, {"source": "tree_1", "label": "surrounds", "id": 33, "target": "Bee_1"}, {"source": "Bee_1", "label": "belowC", "id": 41, "target": "beehive_0"}, {"source": "tree_1", "label": "surrounds", "id": 45, "target": "Bee_2"}, {"source": "Bee_2", "label": "belowC", "id": 53, "target": "beehive_0"}, {"source": "tree_0", "label": "surrounds", "id": 55, "target": "Bee_3"}, {"source": "Bee_3", "label": "beside", "id": 60, "target": "flower_0"}, {"source": "Bee_3", "label": "beside", "id": 61, "target": "flower_1"}, {"source": "Bee_3", "label": "aboveC", "id": 62, "target": "flower_2"}, {"source": "tree_1", "label": "surrounds", "id": 66, "target": "sun_0"}, {"source": "tree_1", "label": "surrounds", "id": 91, "target": "beehive_0"}, {"source": "flower_0", "label": "beside", "id": 110, "target": "flower_1"}, {"source": "flower_0", "label": "aboveC", "id": 111, "target": "flower_2"}, {"source": "flower_1", "label": "beside", "id": 114, "target": "flower_2"}]}