{"nodes": [{"y": 208, "x": 462, "size": 3, "id": "Doll15_0", "label": "person"}, {"y": 203, "x": 155, "size": 3, "id": "Doll15_1", "label": "person"}, {"y": 40, "x": 569, "size": 3, "id": "Squirrel_0", "label": "Squirrel"}, {"y": 119, "x": 412, "size": 3, "id": "Finch_0", "label": "Finch"}, {"y": 147, "x": 598, "size": 3, "id": "tree_0", "label": "tree"}, {"y": 283, "x": 585, "size": 3, "id": "soccer_0", "label": "soccer"}, {"y": 286, "x": 189, "size": 3, "id": "soccer_1", "label": "soccer"}], "edges": [{"source": "Doll15_0", "label": "below", "id": 2, "target": "Finch_0"}, {"source": "tree_0", "label": "surrounds", "id": 3, "target": "Doll15_0"}, {"source": "Doll15_1", "label": "above", "id": 10, "target": "soccer_1"}, {"source": "tree_0", "label": "surrounds", "id": 12, "target": "Squirrel_0"}, {"source": "Finch_0", "label": "on", "id": 15, "target": "tree_0"}, {"source": "tree_0", "label": "surrounds", "id": 18, "target": "soccer_0"}]}