{"nodes": [{"y": 263, "x": 517, "size": 3, "id": "Doll15_0", "label": "person"}, {"y": 276, "x": 142, "size": 3, "id": "grill_0", "label": "grill"}, {"y": 66, "x": 623, "size": 3, "id": "sun_0", "label": "sun"}, {"y": 346, "x": 350, "size": 3, "id": "blanket_0", "label": "blanket"}, {"y": 317, "x": 361, "size": 3, "id": "sandwich_0", "label": "sandwich"}, {"y": 349, "x": 370, "size": 3, "id": "hamburger_0", "label": "hamburger"}, {"y": 312, "x": 325, "size": 3, "id": "wine_0", "label": "wine"}], "edges": [{"source": "Doll15_0", "label": "near", "id": 2, "target": "blanket_0"}, {"source": "Doll15_0", "label": "near", "id": 3, "target": "sandwich_0"}, {"source": "Doll15_0", "label": "near", "id": 4, "target": "hamburger_0"}, {"source": "blanket_0", "label": "surrounds", "id": 15, "target": "sandwich_0"}, {"source": "blanket_0", "label": "surrounds", "id": 16, "target": "hamburger_0"}, {"source": "wine_0", "label": "on", "id": 17, "target": "blanket_0"}, {"source": "sandwich_0", "label": "aboveC", "id": 18, "target": "hamburger_0"}]}