{"nodes": [{"y": 246, "x": 365, "size": 3, "id": "Doll16_0", "label": "person"}, {"y": 110, "x": 133, "size": 3, "id": "Picture_0", "label": "Picture"}, {"y": 262, "x": 200, "size": 3, "id": "Sofa_0", "label": "Sofa"}, {"y": 106, "x": 388, "size": 3, "id": "Window05_0", "label": "Window"}, {"y": 330, "x": 491, "size": 3, "id": "BuildingToy_0", "label": "BuildingToy"}, {"y": 339, "x": 574, "size": 3, "id": "BuildingToy_1", "label": "BuildingToy"}, {"y": 298, "x": 567, "size": 3, "id": "Doll_0", "label": "Doll"}, {"y": 266, "x": 661, "size": 3, "id": "Doll_1", "label": "Doll"}, {"y": 259, "x": 390, "size": 3, "id": "Doll_2", "label": "Doll"}, {"y": 245, "x": 496, "size": 3, "id": "Dollhouse_0", "label": "Dollhouse"}], "edges": [{"source": "Doll16_0", "label": "near", "id": 1, "target": "Sofa_0"}, {"source": "Doll16_0", "label": "belowC", "id": 2, "target": "Window05_0"}, {"source": "Doll16_0", "label": "near", "id": 3, "target": "BuildingToy_0"}, {"source": "Doll16_0", "label": "near", "id": 4, "target": "BuildingToy_1"}, {"source": "Doll16_0", "label": "near", "id": 5, "target": "Doll_0"}, {"source": "Doll16_0", "label": "near", "id": 6, "target": "Doll_1"}, {"source": "Doll16_0", "label": "beside", "id": 7, "target": "Doll_2"}, {"source": "Doll16_0", "label": "beside", "id": 8, "target": "Dollhouse_0"}, {"source": "BuildingToy_0", "label": "beside", "id": 30, "target": "BuildingToy_1"}, {"source": "BuildingToy_0", "label": "beside", "id": 31, "target": "Doll_0"}, {"source": "BuildingToy_0", "label": "beside", "id": 33, "target": "Doll_2"}, {"source": "BuildingToy_0", "label": "belowC", "id": 34, "target": "Dollhouse_0"}, {"source": "BuildingToy_1", "label": "belowC", "id": 35, "target": "Doll_0"}, {"source": "BuildingToy_1", "label": "beside", "id": 36, "target": "Doll_1"}, {"source": "BuildingToy_1", "label": "belowC", "id": 38, "target": "Dollhouse_0"}, {"source": "Doll_0", "label": "beside", "id": 39, "target": "Doll_1"}, {"source": "Doll_0", "label": "beside", "id": 41, "target": "Dollhouse_0"}, {"source": "Doll_2", "label": "beside", "id": 44, "target": "Dollhouse_0"}]}