{"nodes": [{"y": 177, "x": 382, "size": 3, "id": "Doll07_0", "label": "person"}, {"y": 242, "x": 279, "size": 3, "id": "Doll15_0", "label": "person"}, {"y": 48, "x": 603, "size": 3, "id": "Eagle_0", "label": "Eagle"}, {"y": 141, "x": 110, "size": 3, "id": "tree_0", "label": "tree"}, {"y": 33, "x": 669, "size": 3, "id": "sun_0", "label": "sun"}, {"y": 244, "x": 583, "size": 3, "id": "bush_0", "label": "bush"}, {"y": 299, "x": 186, "size": 3, "id": "bike_0", "label": "bike"}, {"y": 160, "x": 241, "size": 3, "id": "slide_0", "label": "slide"}, {"y": 25, "x": 491, "size": 3, "id": "cloud_0", "label": "cloud"}], "edges": [{"source": "Doll07_0", "label": "near", "id": 0, "target": "Doll15_0"}, {"source": "Doll07_0", "label": "near", "id": 6, "target": "slide_0"}, {"source": "Doll15_0", "label": "near", "id": 12, "target": "bike_0"}, {"source": "Doll15_0", "label": "on", "id": 13, "target": "slide_0"}, {"source": "tree_0", "label": "above", "id": 23, "target": "bike_0"}, {"source": "bike_0", "label": "below", "id": 33, "target": "slide_0"}]}