{"nodes": [{"y": 134, "x": 461, "size": 3, "id": "Doll05_0", "label": "person"}, {"y": 212, "x": 99, "size": 3, "id": "Doll14_0", "label": "person"}, {"y": 352, "x": 652, "size": 3, "id": "Doll19_0", "label": "person"}, {"y": 327, "x": 219, "size": 3, "id": "Dog01_0", "label": "Dog"}, {"y": 231, "x": 327, "size": 3, "id": "Kitten02_0", "label": "Kitten"}, {"y": 254, "x": 109, "size": 3, "id": "Chair01_0", "label": "Chair"}, {"y": 248, "x": 323, "size": 3, "id": "Chair01_1", "label": "Chair"}, {"y": 268, "x": 213, "size": 5, "id": "DiningTable_0", "label": "DiningTable"}, {"y": 162, "x": 555, "size": 3, "id": "Door_0", "label": "Door"}, {"y": 110, "x": 227, "size": 3, "id": "Window02_0", "label": "Window"}, {"y": 101, "x": 400, "size": 3, "id": "Picture_0", "label": "Picture"}, {"y": 334, "x": 223, "size": 3, "id": "Rug_0", "label": "Rug"}, {"y": 265, "x": 672, "size": 5, "id": "Plant_0", "label": "Plant"}, {"y": 216, "x": 216, "size": 5, "id": "Pencil_0", "label": "Pencil"}, {"y": 215, "x": 180, "size": 5, "id": "Paper_0", "label": "Paper"}, {"y": 366, "x": 604, "size": 1, "id": "BuildingToy_0", "label": "BuildingToy"}, {"y": 180, "x": 209, "size": 5, "id": "wine_0", "label": "wine"}], "edges": [{"source": "Doll05_0", "label": "opposite", "id": 0, "target": "Doll14_0"}, {"source": "Doll05_0", "label": "aboveF", "id": 1, "target": "Doll19_0"}, {"source": "Doll05_0", "label": "beside", "id": 9, "target": "Picture_0"}, {"source": "Doll14_0", "label": "opposite", "id": 16, "target": "Doll19_0"}, {"source": "Doll14_0", "label": "on", "id": 19, "target": "Chair01_0"}, {"source": "DiningTable_0", "label": "surrounds", "id": 48, "target": "Dog01_0"}, {"source": "Rug_0", "label": "surrounds", "id": 52, "target": "Dog01_0"}, {"source": "Chair01_1", "label": "surrounds", "id": 59, "target": "Kitten02_0"}, {"source": "DiningTable_0", "label": "surrounds", "id": 96, "target": "Pencil_0"}, {"source": "DiningTable_0", "label": "surrounds", "id": 97, "target": "Paper_0"}, {"source": "wine_0", "label": "aboveC", "id": 99, "target": "DiningTable_0"}, {"source": "Pencil_0", "label": "belowC", "id": 132, "target": "wine_0"}, {"source": "Paper_0", "label": "belowC", "id": 134, "target": "wine_0"}]}