{"nodes": [{"y": 197, "x": 413, "size": 3, "id": "Doll17_0", "label": "person"}, {"y": 95, "x": 591, "size": 3, "id": "Picture_0", "label": "Picture"}, {"y": 93, "x": 129, "size": 3, "id": "Picture_1", "label": "Picture"}, {"y": 216, "x": 370, "size": 3, "id": "Couch_0", "label": "Couch"}, {"y": 348, "x": 357, "size": 3, "id": "Rug_0", "label": "Rug"}, {"y": 67, "x": 373, "size": 3, "id": "Window03_0", "label": "Window"}, {"y": 212, "x": 393, "size": 3, "id": "DishesSnack_0", "label": "DishesSnack"}], "edges": [{"source": "Couch_0", "label": "surrounds", "id": 2, "target": "Doll17_0"}, {"source": "Doll17_0", "label": "above", "id": 3, "target": "Rug_0"}, {"source": "Doll17_0", "label": "belowC", "id": 4, "target": "Window03_0"}, {"source": "Doll17_0", "label": "beside", "id": 5, "target": "DishesSnack_0"}, {"source": "Couch_0", "label": "aboveC", "id": 15, "target": "Rug_0"}, {"source": "Couch_0", "label": "belowC", "id": 16, "target": "Window03_0"}, {"source": "Couch_0", "label": "surrounds", "id": 17, "target": "DishesSnack_0"}, {"source": "DishesSnack_0", "label": "aboveC", "id": 19, "target": "Rug_0"}, {"source": "DishesSnack_0", "label": "belowC", "id": 20, "target": "Window03_0"}]}