{"nodes": [{"y": 156, "x": 260, "size": 3, "id": "Doll14_0", "label": "person"}, {"y": 325, "x": 553, "size": 3, "id": "sidewalk_0", "label": "sidewalk"}, {"y": 164, "x": 672, "size": 3, "id": "bush_0", "label": "bush"}, {"y": 153, "x": 44, "size": 3, "id": "bush_1", "label": "bush"}, {"y": 206, "x": 136, "size": 3, "id": "bush_2", "label": "bush"}, {"y": 73, "x": 212, "size": 3, "id": "sun_0", "label": "sun"}, {"y": 248, "x": 284, "size": 3, "id": "slide_0", "label": "slide"}, {"y": 172, "x": 509, "size": 3, "id": "monkeybars_0", "label": "monkeybars"}], "edges": [{"source": "Doll14_0", "label": "above", "id": 5, "target": "slide_0"}]}