{"nodes": [{"y": 224, "x": 591, "size": 5, "id": "Doll15_0", "label": "person"}, {"y": 56, "x": 620, "size": 3, "id": "Bluejay_0", "label": "Bluejay"}, {"y": 211, "x": 40, "size": 3, "id": "Bluejay_1", "label": "Bluejay"}, {"y": 35, "x": 40, "size": 3, "id": "sun_0", "label": "sun"}, {"y": 336, "x": 502, "size": 3, "id": "sidewalk_0", "label": "sidewalk"}, {"y": 115, "x": 663, "size": 3, "id": "bush_0", "label": "bush"}, {"y": 122, "x": 77, "size": 3, "id": "bush_1", "label": "bush"}, {"y": 173, "x": 167, "size": 3, "id": "bush_2", "label": "bush"}, {"y": 157, "x": 336, "size": 3, "id": "seesaw_0", "label": "seesaw"}, {"y": 101, "x": 678, "size": 3, "id": "nest_0", "label": "nest"}, {"y": 328, "x": 591, "size": 4, "id": "skateboard_0", "label": "skateboard"}], "edges": [{"source": "Bluejay_0", "label": "on", "id": 13, "target": "bush_0"}, {"source": "sidewalk_0", "label": "surrounds", "id": 39, "target": "skateboard_0"}, {"source": "bush_0", "label": "surrounds", "id": 43, "target": "nest_0"}]}