{"nodes": [{"y": 216, "x": 455, "size": 3, "id": "Doll15_0", "label": "person"}, {"y": 205, "x": 631, "size": 3, "id": "Doll12_0", "label": "person"}, {"y": 277, "x": 516, "size": 3, "id": "sandbox_0", "label": "sandbox"}, {"y": 142, "x": 139, "size": 3, "id": "tree_0", "label": "tree"}, {"y": 145, "x": 292, "size": 3, "id": "tree_1", "label": "tree"}, {"y": 44, "x": 660, "size": 1, "id": "sun_0", "label": "sun"}, {"y": 19, "x": 550, "size": 3, "id": "cloud_0", "label": "cloud"}, {"y": 20, "x": 475, "size": 5, "id": "cloud_1", "label": "cloud"}, {"y": 242, "x": 544, "size": 3, "id": "pail_0", "label": "pail"}, {"y": 250, "x": 513, "size": 3, "id": "shovel_0", "label": "shovel"}], "edges": [{"source": "Doll15_0", "label": "near", "id": 0, "target": "Doll12_0"}, {"source": "Doll15_0", "label": "above", "id": 1, "target": "sandbox_0"}, {"source": "Doll15_0", "label": "on", "id": 3, "target": "tree_1"}, {"source": "Doll15_0", "label": "near", "id": 7, "target": "pail_0"}, {"source": "Doll15_0", "label": "beside", "id": 8, "target": "shovel_0"}, {"source": "pail_0", "label": "on", "id": 22, "target": "sandbox_0"}, {"source": "sandbox_0", "label": "surrounds", "id": 23, "target": "shovel_0"}, {"source": "tree_0", "label": "on", "id": 24, "target": "tree_1"}, {"source": "pail_0", "label": "beside", "id": 44, "target": "shovel_0"}]}