{"nodes": [{"y": 220, "x": 458, "size": 3, "id": "Doll10_0", "label": "person"}, {"y": 217, "x": 108, "size": 3, "id": "Doll05_0", "label": "person"}, {"y": 342, "x": 278, "size": 3, "id": "Puppy02_0", "label": "Puppy"}, {"y": 302, "x": 70, "size": 3, "id": "Chair02_0", "label": "Chair"}, {"y": 263, "x": 258, "size": 3, "id": "Plant_0", "label": "Plant"}, {"y": 131, "x": 255, "size": 3, "id": "Window02_0", "label": "Window"}, {"y": 283, "x": 559, "size": 3, "id": "Sofa_0", "label": "Sofa"}], "edges": [{"source": "Doll10_0", "label": "near", "id": 0, "target": "Doll05_0"}, {"source": "Doll10_0", "label": "near", "id": 1, "target": "Puppy02_0"}, {"source": "Doll10_0", "label": "beside", "id": 5, "target": "Sofa_0"}, {"source": "Doll05_0", "label": "near", "id": 6, "target": "Puppy02_0"}, {"source": "Doll05_0", "label": "aboveC", "id": 7, "target": "Chair02_0"}, {"source": "Puppy02_0", "label": "belowC", "id": 12, "target": "Plant_0"}, {"source": "Plant_0", "label": "belowC", "id": 18, "target": "Window02_0"}]}