{"nodes": [{"y": 212, "x": 216, "size": 3, "id": "Doll12_0", "label": "person"}, {"y": 241, "x": 576, "size": 3, "id": "Fireplace_0", "label": "Fireplace"}, {"y": 231, "x": 223, "size": 3, "id": "Couch_0", "label": "Couch"}, {"y": 74, "x": 429, "size": 3, "id": "Window05_0", "label": "Window"}, {"y": 132, "x": 581, "size": 3, "id": "Plant_0", "label": "Plant"}, {"y": 217, "x": 269, "size": 3, "id": "Book_0", "label": "Book"}], "edges": [{"source": "Couch_0", "label": "surrounds", "id": 1, "target": "Doll12_0"}, {"source": "Doll12_0", "label": "beside", "id": 4, "target": "Book_0"}, {"source": "Fireplace_0", "label": "belowC", "id": 7, "target": "Plant_0"}, {"source": "Couch_0", "label": "surrounds", "id": 11, "target": "Book_0"}]}