{"nodes": [{"y": 182, "x": 327, "size": 3, "id": "Doll17_0", "label": "person"}, {"y": 145, "x": 483, "size": 3, "id": "Doll15_0", "label": "person"}, {"y": 97, "x": 388, "size": 3, "id": "Owl_0", "label": "Owl"}, {"y": 44, "x": 63, "size": 3, "id": "cloud_0", "label": "cloud"}, {"y": 43, "x": 267, "size": 2, "id": "cloud_1", "label": "cloud"}, {"y": 52, "x": 454, "size": 1, "id": "cloud_2", "label": "cloud"}, {"y": 32, "x": 565, "size": 2, "id": "moon_0", "label": "moon"}, {"y": 150, "x": 644, "size": 1, "id": "bush_0", "label": "bush"}, {"y": 156, "x": 556, "size": 2, "id": "bush_1", "label": "bush"}, {"y": 351, "x": 273, "size": 4, "id": "bush_2", "label": "bush"}, {"y": 287, "x": 485, "size": 4, "id": "bench_0", "label": "bench"}, {"y": 346, "x": 541, "size": 4, "id": "sidewalk_0", "label": "sidewalk"}, {"y": 111, "x": 629, "size": 2, "id": "tree_0", "label": "tree"}, {"y": 113, "x": 165, "size": 1, "id": "tree_1", "label": "tree"}, {"y": 230, "x": 77, "size": 5, "id": "tree_2", "label": "tree"}, {"y": 319, "x": 155, "size": 3, "id": "bike_0", "label": "bike"}, {"y": 268, "x": 641, "size": 3, "id": "flower_0", "label": "flower"}, {"y": 352, "x": 397, "size": 3, "id": "flower_1", "label": "flower"}, {"y": 328, "x": 596, "size": 3, "id": "skateboard_0", "label": "skateboard"}], "edges": [{"source": "Doll17_0", "label": "below", "id": 1, "target": "Owl_0"}, {"source": "tree_0", "label": "surrounds", "id": 98, "target": "moon_0"}, {"source": "tree_0", "label": "surrounds", "id": 109, "target": "bush_0"}, {"source": "bush_1", "label": "on", "id": 119, "target": "tree_0"}, {"source": "bench_0", "label": "on", "id": 135, "target": "sidewalk_0"}, {"source": "bench_0", "label": "surrounds", "id": 141, "target": "flower_1"}, {"source": "skateboard_0", "label": "on", "id": 142, "target": "bench_0"}, {"source": "sidewalk_0", "label": "surrounds", "id": 148, "target": "flower_1"}, {"source": "sidewalk_0", "label": "surrounds", "id": 149, "target": "skateboard_0"}]}