{"nodes": [{"y": 267, "x": 442, "size": 3, "id": "Doll16_0", "label": "person"}, {"y": 332, "x": 299, "size": 3, "id": "Dog02_0", "label": "Dog"}, {"y": 246, "x": 239, "size": 3, "id": "Fireplace_0", "label": "Fireplace"}, {"y": 164, "x": 626, "size": 3, "id": "Door_0", "label": "Door"}, {"y": 365, "x": 244, "size": 3, "id": "Rug_0", "label": "Rug"}, {"y": 100, "x": 262, "size": 3, "id": "Picture_0", "label": "Picture"}], "edges": [{"source": "Doll16_0", "label": "near", "id": 0, "target": "Dog02_0"}, {"source": "Doll16_0", "label": "near", "id": 3, "target": "Rug_0"}, {"source": "Dog02_0", "label": "belowC", "id": 5, "target": "Fireplace_0"}, {"source": "Dog02_0", "label": "on", "id": 7, "target": "Rug_0"}, {"source": "Fireplace_0", "label": "aboveC", "id": 10, "target": "Rug_0"}, {"source": "Fireplace_0", "label": "belowC", "id": 11, "target": "Picture_0"}]}