{"nodes": [{"y": 192, "x": 46, "size": 3, "id": "Doll16_0", "label": "person"}, {"y": 87, "x": 413, "size": 3, "id": "Bluejay_0", "label": "Bluejay"}, {"y": 136, "x": 605, "size": 3, "id": "Butterfly02_0", "label": "Butterfly"}, {"y": 174, "x": 110, "size": 3, "id": "Racoon_0", "label": "Racoon"}, {"y": 281, "x": 505, "size": 3, "id": "Rabbit_0", "label": "Rabbit"}, {"y": 371, "x": 263, "size": 3, "id": "Rabbit_1", "label": "Rabbit"}, {"y": 373, "x": 628, "size": 3, "id": "Rabbit_2", "label": "Rabbit"}, {"y": 203, "x": 654, "size": 3, "id": "Squirrel_0", "label": "Squirrel"}, {"y": 75, "x": 59, "size": 3, "id": "sun_0", "label": "sun"}, {"y": 88, "x": 611, "size": 3, "id": "cloud_0", "label": "cloud"}, {"y": 59, "x": 32, "size": 3, "id": "cloud_1", "label": "cloud"}, {"y": 135, "x": 197, "size": 3, "id": "cloud_2", "label": "cloud"}, {"y": 75, "x": 368, "size": 3, "id": "cloud_3", "label": "cloud"}, {"y": 79, "x": 662, "size": 3, "id": "tree_0", "label": "tree"}, {"y": 324, "x": 509, "size": 3, "id": "sidewalk_0", "label": "sidewalk"}, {"y": 273, "x": 189, "size": 5, "id": "pond_0", "label": "pond"}, {"y": 231, "x": 81, "size": 3, "id": "log_0", "label": "log"}, {"y": 371, "x": 661, "size": 3, "id": "mushroom_0", "label": "mushroom"}, {"y": 182, "x": 20, "size": 3, "id": "mushroom_1", "label": "mushroom"}, {"y": 248, "x": 593, "size": 3, "id": "mushroom_2", "label": "mushroom"}, {"y": 188, "x": 312, "size": 3, "id": "mushroom_3", "label": "mushroom"}, {"y": 359, "x": 169, "size": 3, "id": "mushroom_4", "label": "mushroom"}, {"y": 36, "x": 560, "size": 3, "id": "beehive_0", "label": "beehive"}], "edges": [{"source": "Doll16_0", "label": "beside", "id": 2, "target": "Racoon_0"}, {"source": "Doll16_0", "label": "aboveC", "id": 15, "target": "log_0"}, {"source": "Doll16_0", "label": "beside", "id": 17, "target": "mushroom_1"}, {"source": "cloud_3", "label": "surrounds", "id": 32, "target": "Bluejay_0"}, {"source": "Butterfly02_0", "label": "belowC", "id": 49, "target": "cloud_0"}, {"source": "tree_0", "label": "surrounds", "id": 53, "target": "Butterfly02_0"}, {"source": "Racoon_0", "label": "aboveC", "id": 75, "target": "log_0"}, {"source": "sidewalk_0", "label": "surrounds", "id": 91, "target": "Rabbit_0"}, {"source": "sidewalk_0", "label": "surrounds", "id": 124, "target": "Rabbit_2"}, {"source": "tree_0", "label": "surrounds", "id": 138, "target": "Squirrel_0"}, {"source": "tree_0", "label": "surrounds", "id": 165, "target": "cloud_0"}, {"source": "tree_0", "label": "surrounds", "id": 216, "target": "beehive_0"}, {"source": "sidewalk_0", "label": "surrounds", "id": 219, "target": "mushroom_0"}]}