{"nodes": [{"y": 273, "x": 279, "size": 3, "id": "Doll12_0", "label": "person"}, {"y": 263, "x": 470, "size": 3, "id": "Koi_0", "label": "Koi"}, {"y": 279, "x": 383, "size": 3, "id": "Koi_1", "label": "Koi"}, {"y": 259, "x": 422, "size": 3, "id": "Koi_2", "label": "Koi"}, {"y": 170, "x": 62, "size": 3, "id": "tree_0", "label": "tree"}, {"y": 344, "x": 116, "size": 3, "id": "bush_0", "label": "bush"}, {"y": 266, "x": 422, "size": 5, "id": "pond_0", "label": "pond"}, {"y": 69, "x": 167, "size": 3, "id": "sun_0", "label": "sun"}, {"y": 43, "x": 688, "size": 3, "id": "cloud_0", "label": "cloud"}, {"y": 269, "x": 551, "size": 3, "id": "flower_0", "label": "flower"}, {"y": 202, "x": 484, "size": 3, "id": "flower_1", "label": "flower"}, {"y": 224, "x": 404, "size": 3, "id": "hamburger_0", "label": "hamburger"}, {"y": 356, "x": 342, "size": 3, "id": "basket_0", "label": "basket"}], "edges": [{"source": "Doll12_0", "label": "above", "id": 11, "target": "basket_0"}, {"source": "Koi_0", "label": "beside", "id": 13, "target": "Koi_2"}, {"source": "pond_0", "label": "surrounds", "id": 16, "target": "Koi_0"}, {"source": "Koi_0", "label": "belowC", "id": 20, "target": "flower_1"}, {"source": "Koi_1", "label": "beside", "id": 23, "target": "Koi_2"}, {"source": "pond_0", "label": "surrounds", "id": 26, "target": "Koi_1"}, {"source": "Koi_1", "label": "belowC", "id": 31, "target": "hamburger_0"}, {"source": "Koi_1", "label": "above", "id": 32, "target": "basket_0"}, {"source": "pond_0", "label": "surrounds", "id": 35, "target": "Koi_2"}, {"source": "Koi_2", "label": "belowC", "id": 40, "target": "hamburger_0"}, {"source": "Koi_2", "label": "above", "id": 41, "target": "basket_0"}, {"source": "pond_0", "label": "surrounds", "id": 61, "target": "hamburger_0"}]}