{"nodes": [{"y": 269, "x": 631, "size": 3, "id": "Doll16_0", "label": "person"}, {"y": 315, "x": 665, "size": 3, "id": "Puppy01_0", "label": "Puppy"}, {"y": 259, "x": 487, "size": 3, "id": "Robin_0", "label": "Robin"}, {"y": 274, "x": 458, "size": 3, "id": "Robin_1", "label": "Robin"}, {"y": 234, "x": 405, "size": 3, "id": "Robin_2", "label": "Robin"}, {"y": 165, "x": 623, "size": 3, "id": "tree_0", "label": "tree"}, {"y": 112, "x": 163, "size": 3, "id": "tree_1", "label": "tree"}, {"y": 94, "x": 408, "size": 3, "id": "tree_2", "label": "tree"}, {"y": 281, "x": 620, "size": 3, "id": "sandwich_0", "label": "sandwich"}, {"y": 294, "x": 485, "size": 3, "id": "sandwich_1", "label": "sandwich"}], "edges": [{"source": "Doll16_0", "label": "aboveC", "id": 0, "target": "Puppy01_0"}, {"source": "Doll16_0", "label": "on", "id": 4, "target": "tree_0"}, {"source": "Doll16_0", "label": "aboveC", "id": 7, "target": "sandwich_0"}, {"source": "Robin_0", "label": "aboveC", "id": 23, "target": "sandwich_1"}, {"source": "sandwich_0", "label": "on", "id": 37, "target": "tree_0"}]}