{"nodes": [{"y": 208, "x": 232, "size": 2, "id": "Doll04_0", "label": "person"}, {"y": 146, "x": 339, "size": 4, "id": "Doll03_0", "label": "person"}, {"y": 346, "x": 629, "size": 3, "id": "Turtle_0", "label": "Turtle"}, {"y": 287, "x": 211, "size": 5, "id": "blanket_0", "label": "blanket"}, {"y": 135, "x": 642, "size": 3, "id": "tree_0", "label": "tree"}, {"y": 40, "x": 73, "size": 1, "id": "sun_0", "label": "sun"}, {"y": 242, "x": 129, "size": 3, "id": "soccer_0", "label": "soccer"}, {"y": 163, "x": 185, "size": 3, "id": "wine_0", "label": "wine"}, {"y": 321, "x": 128, "size": 3, "id": "wine_1", "label": "wine"}, {"y": 297, "x": 115, "size": 3, "id": "bottle_0", "label": "bottle"}, {"y": 255, "x": 79, "size": 3, "id": "basket_0", "label": "basket"}, {"y": 51, "x": 634, "size": 3, "id": "nest_0", "label": "nest"}], "edges": [{"source": "Doll04_0", "label": "near_behind", "id": 0, "target": "Doll03_0"}, {"source": "Doll04_0", "label": "opposite", "id": 1, "target": "Turtle_0"}, {"source": "Doll04_0", "label": "beside", "id": 6, "target": "wine_0"}, {"source": "Doll04_0", "label": "above", "id": 7, "target": "wine_1"}, {"source": "Doll03_0", "label": "opposite", "id": 11, "target": "Turtle_0"}, {"source": "blanket_0", "label": "surrounds", "id": 32, "target": "soccer_0"}, {"source": "blanket_0", "label": "surrounds", "id": 34, "target": "wine_1"}, {"source": "blanket_0", "label": "surrounds", "id": 35, "target": "bottle_0"}, {"source": "tree_0", "label": "surrounds", "id": 44, "target": "nest_0"}, {"source": "soccer_0", "label": "aboveC", "id": 53, "target": "bottle_0"}, {"source": "wine_0", "label": "above", "id": 56, "target": "wine_1"}, {"source": "wine_1", "label": "belowC", "id": 60, "target": "bottle_0"}, {"source": "bottle_0", "label": "belowC", "id": 63, "target": "basket_0"}]}