{"nodes": [{"y": 197, "x": 303, "size": 3, "id": "Doll12_0", "label": "person"}, {"y": 67, "x": 514, "size": 1, "id": "Pigeon_0", "label": "Pigeon"}, {"y": 44, "x": 636, "size": 1, "id": "Hawk_0", "label": "Hawk"}, {"y": 251, "x": 588, "size": 3, "id": "Frog_0", "label": "Frog"}, {"y": 228, "x": 586, "size": 3, "id": "pond_0", "label": "pond"}, {"y": 137, "x": 398, "size": 3, "id": "bush_0", "label": "bush"}, {"y": 135, "x": 292, "size": 3, "id": "bush_1", "label": "bush"}, {"y": 137, "x": 178, "size": 3, "id": "bush_2", "label": "bush"}, {"y": 245, "x": 313, "size": 3, "id": "blanket_0", "label": "blanket"}, {"y": 81, "x": 72, "size": 3, "id": "sun_0", "label": "sun"}, {"y": 320, "x": 122, "size": 3, "id": "bike_0", "label": "bike"}, {"y": 193, "x": 358, "size": 3, "id": "flower_0", "label": "flower"}, {"y": 226, "x": 551, "size": 3, "id": "lilypad_0", "label": "lilypad"}], "edges": [{"source": "Doll12_0", "label": "belowC", "id": 5, "target": "bush_1"}, {"source": "Doll12_0", "label": "aboveC", "id": 7, "target": "blanket_0"}, {"source": "Doll12_0", "label": "beside", "id": 10, "target": "flower_0"}, {"source": "pond_0", "label": "surrounds", "id": 33, "target": "Frog_0"}, {"source": "pond_0", "label": "surrounds", "id": 49, "target": "lilypad_0"}, {"source": "flower_0", "label": "belowC", "id": 55, "target": "bush_0"}, {"source": "flower_0", "label": "aboveC", "id": 70, "target": "blanket_0"}]}