{"nodes": [{"y": 237, "x": 358, "size": 3, "id": "Doll08_0", "label": "person"}, {"y": 272, "x": 292, "size": 3, "id": "Stool_0", "label": "Stool"}, {"y": 322, "x": 353, "size": 3, "id": "Stool_1", "label": "Stool"}, {"y": 330, "x": 255, "size": 3, "id": "Stool_2", "label": "Stool"}, {"y": 182, "x": 139, "size": 4, "id": "TV_0", "label": "TV"}, {"y": 273, "x": 140, "size": 2, "id": "DiningTable_0", "label": "DiningTable"}, {"y": 128, "x": 536, "size": 3, "id": "Window03_0", "label": "Window"}, {"y": 180, "x": 249, "size": 3, "id": "CD_0", "label": "CD"}, {"y": 231, "x": 188, "size": 2, "id": "Book_0", "label": "Book"}], "edges": [{"source": "Doll08_0", "label": "beside", "id": 0, "target": "Stool_0"}, {"source": "Doll08_0", "label": "aboveC", "id": 1, "target": "Stool_1"}, {"source": "Doll08_0", "label": "beside", "id": 2, "target": "Stool_2"}, {"source": "Doll08_0", "label": "near", "id": 3, "target": "TV_0"}, {"source": "Doll08_0", "label": "near", "id": 4, "target": "DiningTable_0"}, {"source": "Doll08_0", "label": "beside", "id": 6, "target": "CD_0"}, {"source": "Stool_0", "label": "beside", "id": 8, "target": "Stool_1"}, {"source": "Stool_0", "label": "aboveC", "id": 9, "target": "Stool_2"}, {"source": "CD_0", "label": "aboveC", "id": 13, "target": "Stool_0"}, {"source": "Stool_1", "label": "beside", "id": 15, "target": "Stool_2"}, {"source": "CD_0", "label": "above", "id": 19, "target": "Stool_1"}, {"source": "Stool_2", "label": "below", "id": 21, "target": "TV_0"}, {"source": "Stool_2", "label": "beside", "id": 22, "target": "DiningTable_0"}, {"source": "CD_0", "label": "above", "id": 24, "target": "Stool_2"}, {"source": "Book_0", "label": "aboveC", "id": 25, "target": "Stool_2"}, {"source": "CD_0", "label": "beside", "id": 28, "target": "TV_0"}, {"source": "CD_0", "label": "beside", "id": 31, "target": "DiningTable_0"}, {"source": "DiningTable_0", "label": "surrounds", "id": 32, "target": "Book_0"}]}