{"nodes": [{"y": 230, "x": 488, "size": 3, "id": "Doll11_0", "label": "person"}, {"y": 37, "x": 57, "size": 5, "id": "moon_0", "label": "moon"}, {"y": 163, "x": 585, "size": 3, "id": "tree_0", "label": "tree"}, {"y": 171, "x": 391, "size": 3, "id": "tree_1", "label": "tree"}, {"y": 169, "x": 179, "size": 3, "id": "tree_2", "label": "tree"}, {"y": 352, "x": 222, "size": 3, "id": "blanket_0", "label": "blanket"}, {"y": 327, "x": 411, "size": 3, "id": "campfire_0", "label": "campfire"}, {"y": 252, "x": 421, "size": 3, "id": "marshmallow_0", "label": "marshmallow"}], "edges": [{"source": "Doll11_0", "label": "on", "id": 1, "target": "tree_0"}, {"source": "Doll11_0", "label": "on", "id": 2, "target": "tree_1"}, {"source": "Doll11_0", "label": "above", "id": 5, "target": "campfire_0"}, {"source": "Doll11_0", "label": "beside", "id": 6, "target": "marshmallow_0"}, {"source": "campfire_0", "label": "below", "id": 20, "target": "tree_1"}, {"source": "tree_1", "label": "surrounds", "id": 21, "target": "marshmallow_0"}, {"source": "campfire_0", "label": "belowC", "id": 27, "target": "marshmallow_0"}]}