{"nodes": [{"y": 195, "x": 487, "size": 3, "id": "Doll12_0", "label": "person"}, {"y": 304, "x": 641, "size": 3, "id": "Puppy02_0", "label": "Puppy"}, {"y": 341, "x": 521, "size": 3, "id": "Rug_0", "label": "Rug"}, {"y": 264, "x": 286, "size": 3, "id": "Stool_0", "label": "Stool"}, {"y": 161, "x": 91, "size": 3, "id": "Door_0", "label": "Door"}, {"y": 83, "x": 608, "size": 3, "id": "Picture_0", "label": "Picture"}, {"y": 180, "x": 277, "size": 3, "id": "Plant_0", "label": "Plant"}], "edges": [{"source": "Doll12_0", "label": "near", "id": 0, "target": "Puppy02_0"}, {"source": "Doll12_0", "label": "aboveC", "id": 1, "target": "Rug_0"}, {"source": "Puppy02_0", "label": "on", "id": 6, "target": "Rug_0"}, {"source": "Stool_0", "label": "belowC", "id": 17, "target": "Plant_0"}]}