{"nodes": [{"y": 185, "x": 134, "size": 3, "id": "Doll04_0", "label": "person"}, {"y": 332, "x": 468, "size": 3, "id": "Puppy02_0", "label": "Puppy"}, {"y": 240, "x": 185, "size": 3, "id": "Sofa_0", "label": "Sofa"}, {"y": 204, "x": 403, "size": 3, "id": "Plant_0", "label": "Plant"}, {"y": 277, "x": 400, "size": 3, "id": "Stool_0", "label": "Stool"}, {"y": 334, "x": 45, "size": 3, "id": "Stool_1", "label": "Stool"}, {"y": 91, "x": 424, "size": 3, "id": "Window03_0", "label": "Window"}, {"y": 300, "x": 40, "size": 3, "id": "cup_0", "label": "cup"}, {"y": 184, "x": 262, "size": 3, "id": "Pillow_0", "label": "Pillow"}, {"y": 196, "x": 205, "size": 3, "id": "Notebook_0", "label": "Notebook"}], "edges": [{"source": "Doll04_0", "label": "near", "id": 0, "target": "Puppy02_0"}, {"source": "Doll04_0", "label": "on", "id": 1, "target": "Sofa_0"}, {"source": "Doll04_0", "label": "above", "id": 4, "target": "Stool_1"}, {"source": "Doll04_0", "label": "aboveC", "id": 6, "target": "cup_0"}, {"source": "Doll04_0", "label": "beside", "id": 7, "target": "Pillow_0"}, {"source": "Doll04_0", "label": "beside", "id": 8, "target": "Notebook_0"}, {"source": "Puppy02_0", "label": "belowC", "id": 10, "target": "Plant_0"}, {"source": "Sofa_0", "label": "surrounds", "id": 21, "target": "cup_0"}, {"source": "Sofa_0", "label": "surrounds", "id": 22, "target": "Pillow_0"}, {"source": "Sofa_0", "label": "surrounds", "id": 23, "target": "Notebook_0"}, {"source": "Plant_0", "label": "aboveC", "id": 24, "target": "Stool_0"}, {"source": "Plant_0", "label": "belowC", "id": 26, "target": "Window03_0"}, {"source": "cup_0", "label": "aboveC", "id": 36, "target": "Stool_1"}]}