{"nodes": [{"y": 213, "x": 394, "size": 3, "id": "Doll08_0", "label": "person"}, {"y": 255, "x": 117, "size": 3, "id": "Dog02_0", "label": "Dog"}, {"y": 340, "x": 608, "size": 3, "id": "Puppy01_0", "label": "Puppy"}, {"y": 109, "x": 353, "size": 3, "id": "Window02_0", "label": "Window"}, {"y": 256, "x": 509, "size": 3, "id": "Plant_0", "label": "Plant"}, {"y": 135, "x": 598, "size": 3, "id": "Picture_0", "label": "Picture"}, {"y": 116, "x": 117, "size": 3, "id": "Picture_1", "label": "Picture"}, {"y": 259, "x": 111, "size": 3, "id": "Chair02_0", "label": "Chair"}], "edges": [{"source": "Doll08_0", "label": "near", "id": 0, "target": "Dog02_0"}, {"source": "Doll08_0", "label": "near", "id": 1, "target": "Puppy01_0"}, {"source": "Doll08_0", "label": "belowC", "id": 2, "target": "Window02_0"}, {"source": "Doll08_0", "label": "beside", "id": 3, "target": "Plant_0"}, {"source": "Doll08_0", "label": "near", "id": 6, "target": "Chair02_0"}, {"source": "Dog02_0", "label": "opposite", "id": 7, "target": "Puppy01_0"}, {"source": "Dog02_0", "label": "belowC", "id": 11, "target": "Picture_1"}, {"source": "Chair02_0", "label": "surrounds", "id": 12, "target": "Dog02_0"}, {"source": "Puppy01_0", "label": "beside", "id": 14, "target": "Plant_0"}, {"source": "Picture_1", "label": "aboveC", "id": 27, "target": "Chair02_0"}]}