{"nodes": [{"y": 195, "x": 200, "size": 3, "id": "Doll06_0", "label": "person"}, {"y": 108, "x": 554, "size": 3, "id": "Squirrel_0", "label": "Squirrel"}, {"y": 105, "x": 556, "size": 3, "id": "tree_0", "label": "tree"}, {"y": 246, "x": 183, "size": 3, "id": "bench_0", "label": "bench"}, {"y": 40, "x": 205, "size": 3, "id": "sun_0", "label": "sun"}, {"y": 12, "x": 553, "size": 3, "id": "nest_0", "label": "nest"}], "edges": [{"source": "Doll06_0", "label": "on", "id": 2, "target": "bench_0"}, {"source": "Doll06_0", "label": "below", "id": 3, "target": "sun_0"}, {"source": "tree_0", "label": "surrounds", "id": 5, "target": "Squirrel_0"}, {"source": "tree_0", "label": "surrounds", "id": 11, "target": "nest_0"}]}