{"nodes": [{"y": 188, "x": 267, "size": 3, "id": "Doll13_0", "label": "person"}, {"y": 186, "x": 391, "size": 3, "id": "Plant_0", "label": "Plant"}, {"y": 345, "x": 387, "size": 3, "id": "Rug_0", "label": "Rug"}, {"y": 151, "x": 605, "size": 3, "id": "Door_0", "label": "Door"}, {"y": 122, "x": 128, "size": 3, "id": "Window03_0", "label": "Window"}, {"y": 62, "x": 383, "size": 3, "id": "Picture_0", "label": "Picture"}, {"y": 269, "x": 394, "size": 3, "id": "Stool_0", "label": "Stool"}], "edges": [{"source": "Doll13_0", "label": "beside", "id": 0, "target": "Plant_0"}, {"source": "Doll13_0", "label": "above", "id": 1, "target": "Rug_0"}, {"source": "Doll13_0", "label": "near", "id": 5, "target": "Stool_0"}, {"source": "Plant_0", "label": "belowC", "id": 9, "target": "Picture_0"}, {"source": "Plant_0", "label": "aboveC", "id": 10, "target": "Stool_0"}, {"source": "Rug_0", "label": "belowC", "id": 14, "target": "Stool_0"}]}