{"nodes": [{"y": 230, "x": 358, "size": 3, "id": "Doll04_0", "label": "person"}, {"y": 296, "x": 341, "size": 5, "id": "blanket_0", "label": "blanket"}, {"y": 171, "x": 98, "size": 5, "id": "tree_0", "label": "tree"}, {"y": 260, "x": 481, "size": 3, "id": "basket_0", "label": "basket"}, {"y": 290, "x": 256, "size": 3, "id": "watermelon_0", "label": "watermelon"}, {"y": 280, "x": 646, "size": 3, "id": "frisbee_0", "label": "frisbee"}, {"y": 189, "x": 475, "size": 3, "id": "flower_0", "label": "flower"}, {"y": 281, "x": 392, "size": 3, "id": "wine_0", "label": "wine"}, {"y": 257, "x": 415, "size": 3, "id": "bottle_0", "label": "bottle"}, {"y": 219, "x": 268, "size": 3, "id": "cup_0", "label": "cup"}], "edges": [{"source": "Doll04_0", "label": "above_behind", "id": 0, "target": "blanket_0"}, {"source": "Doll04_0", "label": "near", "id": 3, "target": "watermelon_0"}, {"source": "Doll04_0", "label": "aboveC", "id": 6, "target": "wine_0"}, {"source": "Doll04_0", "label": "beside", "id": 7, "target": "bottle_0"}, {"source": "Doll04_0", "label": "near", "id": 8, "target": "cup_0"}, {"source": "blanket_0", "label": "surrounds", "id": 11, "target": "watermelon_0"}, {"source": "blanket_0", "label": "surrounds", "id": 14, "target": "wine_0"}, {"source": "basket_0", "label": "belowC", "id": 26, "target": "flower_0"}, {"source": "watermelon_0", "label": "belowC", "id": 34, "target": "cup_0"}, {"source": "wine_0", "label": "belowC", "id": 42, "target": "bottle_0"}]}