{"nodes": [{"y": 219, "x": 520, "size": 3, "id": "Doll15_0", "label": "person"}, {"y": 179, "x": 142, "size": 3, "id": "Doll07_0", "label": "person"}, {"y": 297, "x": 599, "size": 3, "id": "Cat02_0", "label": "Cat"}, {"y": 138, "x": 586, "size": 3, "id": "bush_0", "label": "bush"}, {"y": 231, "x": 130, "size": 3, "id": "bench_0", "label": "bench"}, {"y": 257, "x": 540, "size": 3, "id": "log_0", "label": "log"}, {"y": 54, "x": 369, "size": 3, "id": "sun_0", "label": "sun"}, {"y": 201, "x": 406, "size": 3, "id": "flower_0", "label": "flower"}, {"y": 206, "x": 515, "size": 3, "id": "watermelon_0", "label": "watermelon"}, {"y": 149, "x": 147, "size": 3, "id": "cup_0", "label": "cup"}], "edges": [{"source": "Doll15_0", "label": "opposite", "id": 0, "target": "Doll07_0"}, {"source": "Doll15_0", "label": "near", "id": 1, "target": "Cat02_0"}, {"source": "Doll15_0", "label": "aboveC", "id": 4, "target": "log_0"}, {"source": "Doll15_0", "label": "belowC", "id": 7, "target": "watermelon_0"}, {"source": "Doll07_0", "label": "opposite", "id": 9, "target": "Cat02_0"}, {"source": "Doll07_0", "label": "on", "id": 11, "target": "bench_0"}, {"source": "Doll07_0", "label": "belowC", "id": 16, "target": "cup_0"}, {"source": "Cat02_0", "label": "beside", "id": 19, "target": "log_0"}, {"source": "Cat02_0", "label": "below", "id": 22, "target": "watermelon_0"}, {"source": "cup_0", "label": "above", "id": 34, "target": "bench_0"}, {"source": "watermelon_0", "label": "aboveC", "id": 37, "target": "log_0"}]}