{"nodes": [{"y": 255, "x": 223, "size": 3, "id": "Doll04_0", "label": "person"}, {"y": 266, "x": 366, "size": 3, "id": "Puppy02_0", "label": "Puppy"}, {"y": 255, "x": 196, "size": 3, "id": "log_0", "label": "log"}, {"y": 191, "x": 577, "size": 3, "id": "slide_0", "label": "slide"}, {"y": 148, "x": 59, "size": 3, "id": "bush_0", "label": "bush"}, {"y": 114, "x": 196, "size": 3, "id": "bush_1", "label": "bush"}], "edges": [{"source": "Doll04_0", "label": "near", "id": 0, "target": "Puppy02_0"}, {"source": "Doll04_0", "label": "beside", "id": 1, "target": "log_0"}]}