{"nodes": [{"y": 138, "x": 467, "size": 3, "id": "Window03_0", "label": "Window"}, {"y": 280, "x": 108, "size": 3, "id": "Chair02_0", "label": "Chair"}, {"y": 275, "x": 445, "size": 3, "id": "Chair02_1", "label": "Chair"}, {"y": 131, "x": 280, "size": 3, "id": "Picture_0", "label": "Picture"}, {"y": 166, "x": 639, "size": 3, "id": "Door_0", "label": "Door"}, {"y": 348, "x": 297, "size": 3, "id": "CoffeeTable_0", "label": "CoffeeTable"}], "edges": [{"source": "Window03_0", "label": "aboveC", "id": 1, "target": "Chair02_1"}]}