{"nodes": [{"y": 206, "x": 437, "size": 3, "id": "Doll18_0", "label": "person"}, {"y": 216, "x": 530, "size": 3, "id": "Doll19_0", "label": "person"}, {"y": 217, "x": 156, "size": 3, "id": "Kitten02_0", "label": "Kitten"}, {"y": 252, "x": 206, "size": 3, "id": "Kitten02_1", "label": "Kitten"}, {"y": 245, "x": 132, "size": 3, "id": "log_0", "label": "log"}, {"y": 256, "x": 496, "size": 3, "id": "sandbox_0", "label": "sandbox"}, {"y": 90, "x": 575, "size": 3, "id": "tree_0", "label": "tree"}, {"y": 349, "x": 72, "size": 3, "id": "tree_1", "label": "tree"}, {"y": 158, "x": 647, "size": 3, "id": "tree_2", "label": "tree"}, {"y": 302, "x": 528, "size": 3, "id": "pail_0", "label": "pail"}, {"y": 231, "x": 479, "size": 3, "id": "shovel_0", "label": "shovel"}], "edges": [{"source": "Doll18_0", "label": "near", "id": 0, "target": "Doll19_0"}, {"source": "Doll18_0", "label": "near", "id": 4, "target": "sandbox_0"}, {"source": "Doll18_0", "label": "above", "id": 8, "target": "pail_0"}, {"source": "Doll18_0", "label": "beside", "id": 9, "target": "shovel_0"}, {"source": "Doll19_0", "label": "on", "id": 13, "target": "sandbox_0"}, {"source": "Doll19_0", "label": "above", "id": 17, "target": "pail_0"}, {"source": "Doll19_0", "label": "beside", "id": 18, "target": "shovel_0"}, {"source": "Kitten02_0", "label": "on", "id": 20, "target": "log_0"}, {"source": "log_0", "label": "on", "id": 36, "target": "tree_1"}, {"source": "pail_0", "label": "on", "id": 43, "target": "sandbox_0"}, {"source": "sandbox_0", "label": "surrounds", "id": 44, "target": "shovel_0"}]}