{"nodes": [{"y": 156, "x": 311, "size": 3, "id": "Bird_0", "label": "Bird"}, {"y": 125, "x": 246, "size": 3, "id": "Bird_1", "label": "Bird"}, {"y": 240, "x": 345, "size": 5, "id": "Pigeon_0", "label": "Pigeon"}, {"y": 238, "x": 390, "size": 5, "id": "Pigeon_1", "label": "Pigeon"}, {"y": 189, "x": 439, "size": 3, "id": "Pigeon_2", "label": "Pigeon"}, {"y": 121, "x": 474, "size": 3, "id": "Bluejay_0", "label": "Bluejay"}, {"y": 116, "x": 415, "size": 3, "id": "Bluejay_1", "label": "Bluejay"}, {"y": 140, "x": 139, "size": 3, "id": "tree_0", "label": "tree"}, {"y": 293, "x": 351, "size": 5, "id": "pond_0", "label": "pond"}, {"y": 244, "x": 120, "size": 3, "id": "bench_0", "label": "bench"}, {"y": 242, "x": 598, "size": 3, "id": "bench_1", "label": "bench"}, {"y": 69, "x": 375, "size": 3, "id": "cloud_0", "label": "cloud"}, {"y": 114, "x": 72, "size": 3, "id": "cloud_1", "label": "cloud"}, {"y": 40, "x": 586, "size": 3, "id": "cloud_2", "label": "cloud"}, {"y": 62, "x": 632, "size": 1, "id": "sun_0", "label": "sun"}], "edges": [{"source": "Bird_0", "label": "beside", "id": 0, "target": "Bird_1"}, {"source": "Bird_0", "label": "on", "id": 6, "target": "tree_0"}, {"source": "tree_0", "label": "surrounds", "id": 19, "target": "Bird_1"}, {"source": "Pigeon_0", "label": "on", "id": 32, "target": "pond_0"}, {"source": "Pigeon_1", "label": "on", "id": 43, "target": "pond_0"}, {"source": "Bluejay_1", "label": "belowC", "id": 73, "target": "cloud_0"}]}