{"nodes": [{"y": 236, "x": 488, "size": 3, "id": "Doll09_0", "label": "person"}, {"y": 324, "x": 336, "size": 3, "id": "Kitten01_0", "label": "Kitten"}, {"y": 339, "x": 366, "size": 3, "id": "Rug_0", "label": "Rug"}, {"y": 138, "x": 618, "size": 3, "id": "Window02_0", "label": "Window"}, {"y": 117, "x": 101, "size": 3, "id": "Window02_1", "label": "Window"}, {"y": 78, "x": 450, "size": 3, "id": "Picture_0", "label": "Picture"}, {"y": 191, "x": 320, "size": 3, "id": "Picture_1", "label": "Picture"}, {"y": 285, "x": 501, "size": 3, "id": "Chair01_0", "label": "Chair"}], "edges": [{"source": "Doll09_0", "label": "near", "id": 0, "target": "Kitten01_0"}, {"source": "Doll09_0", "label": "near", "id": 1, "target": "Rug_0"}, {"source": "Doll09_0", "label": "aboveC", "id": 6, "target": "Chair01_0"}, {"source": "Rug_0", "label": "surrounds", "id": 7, "target": "Kitten01_0"}, {"source": "Kitten01_0", "label": "belowC", "id": 11, "target": "Picture_1"}, {"source": "Rug_0", "label": "beside", "id": 17, "target": "Chair01_0"}]}