{"nodes": [{"y": 205, "x": 300, "size": 3, "id": "Doll09_0", "label": "person"}, {"y": 220, "x": 336, "size": 3, "id": "Doll18_0", "label": "person"}, {"y": 332, "x": 410, "size": 3, "id": "Cat02_0", "label": "Cat"}, {"y": 362, "x": 414, "size": 3, "id": "Rug_0", "label": "Rug"}, {"y": 104, "x": 162, "size": 3, "id": "Window05_0", "label": "Window"}, {"y": 104, "x": 553, "size": 3, "id": "Window05_1", "label": "Window"}, {"y": 262, "x": 620, "size": 3, "id": "Plant_0", "label": "Plant"}, {"y": 286, "x": 124, "size": 3, "id": "Couch_0", "label": "Couch"}, {"y": 250, "x": 313, "size": 3, "id": "Chair02_0", "label": "Chair"}, {"y": 59, "x": 353, "size": 3, "id": "Picture_0", "label": "Picture"}], "edges": [{"source": "Doll09_0", "label": "beside", "id": 0, "target": "Doll18_0"}, {"source": "Doll09_0", "label": "above", "id": 1, "target": "Cat02_0"}, {"source": "Doll09_0", "label": "above", "id": 2, "target": "Rug_0"}, {"source": "Doll09_0", "label": "near", "id": 6, "target": "Couch_0"}, {"source": "Doll09_0", "label": "on", "id": 7, "target": "Chair02_0"}, {"source": "Doll18_0", "label": "aboveC", "id": 9, "target": "Cat02_0"}, {"source": "Doll18_0", "label": "above", "id": 10, "target": "Rug_0"}, {"source": "Doll18_0", "label": "near", "id": 14, "target": "Couch_0"}, {"source": "Doll18_0", "label": "on", "id": 15, "target": "Chair02_0"}, {"source": "Cat02_0", "label": "on", "id": 17, "target": "Rug_0"}, {"source": "Cat02_0", "label": "beside", "id": 22, "target": "Chair02_0"}]}