{"nodes": [{"y": 132, "x": 608, "size": 3, "id": "Window05_0", "label": "Window"}, {"y": 101, "x": 209, "size": 3, "id": "Window05_1", "label": "Window"}, {"y": 285, "x": 389, "size": 3, "id": "Desk_0", "label": "Desk"}, {"y": 120, "x": 370, "size": 3, "id": "Picture_0", "label": "Picture"}, {"y": 297, "x": 617, "size": 3, "id": "Couch_0", "label": "Couch"}, {"y": 159, "x": 62, "size": 3, "id": "Door_0", "label": "Door"}], "edges": [{"source": "Window05_0", "label": "above", "id": 3, "target": "Couch_0"}]}