{"nodes": [{"y": 235, "x": 122, "size": 3, "id": "Doll14_0", "label": "person"}, {"y": 256, "x": 145, "size": 3, "id": "Kitten02_0", "label": "Kitten"}, {"y": 243, "x": 227, "size": 3, "id": "Cat02_0", "label": "Cat"}, {"y": 119, "x": 110, "size": 1, "id": "Window02_0", "label": "Window"}, {"y": 122, "x": 594, "size": 1, "id": "Window02_1", "label": "Window"}, {"y": 271, "x": 621, "size": 5, "id": "TV_0", "label": "TV"}, {"y": 348, "x": 611, "size": 3, "id": "Footstool_0", "label": "Footstool"}, {"y": 125, "x": 350, "size": 5, "id": "Picture_0", "label": "Picture"}, {"y": 279, "x": 166, "size": 3, "id": "Sofa_0", "label": "Sofa"}], "edges": [{"source": "Doll14_0", "label": "beside", "id": 0, "target": "Kitten02_0"}, {"source": "Doll14_0", "label": "beside", "id": 1, "target": "Cat02_0"}, {"source": "Doll14_0", "label": "on", "id": 7, "target": "Sofa_0"}, {"source": "Kitten02_0", "label": "beside", "id": 8, "target": "Cat02_0"}, {"source": "Sofa_0", "label": "surrounds", "id": 14, "target": "Kitten02_0"}, {"source": "Sofa_0", "label": "surrounds", "id": 20, "target": "Cat02_0"}]}