{"nodes": [{"y": 130, "x": 356, "size": 3, "id": "Doll15_0", "label": "person"}, {"y": 123, "x": 222, "size": 3, "id": "Robin_0", "label": "Robin"}, {"y": 229, "x": 64, "size": 3, "id": "Robin_1", "label": "Robin"}, {"y": 172, "x": 138, "size": 3, "id": "seesaw_0", "label": "seesaw"}, {"y": 40, "x": 591, "size": 3, "id": "cloud_0", "label": "cloud"}, {"y": 22, "x": 211, "size": 3, "id": "cloud_1", "label": "cloud"}, {"y": 60, "x": 74, "size": 3, "id": "cloud_2", "label": "cloud"}, {"y": 228, "x": 379, "size": 3, "id": "slide_0", "label": "slide"}, {"y": 46, "x": 653, "size": 3, "id": "sun_0", "label": "sun"}, {"y": 324, "x": 513, "size": 3, "id": "sidewalk_0", "label": "sidewalk"}], "edges": [{"source": "Doll15_0", "label": "above", "id": 6, "target": "slide_0"}, {"source": "Robin_0", "label": "on", "id": 10, "target": "seesaw_0"}, {"source": "Robin_1", "label": "on", "id": 17, "target": "seesaw_0"}]}