{"nodes": [{"y": 131, "x": 516, "size": 1, "id": "Doll03_0", "label": "person"}, {"y": 165, "x": 323, "size": 3, "id": "Doll05_0", "label": "person"}, {"y": 54, "x": 154, "size": 5, "id": "sun_0", "label": "sun"}, {"y": 82, "x": 53, "size": 3, "id": "cloud_0", "label": "cloud"}, {"y": 20, "x": 354, "size": 3, "id": "cloud_1", "label": "cloud"}, {"y": 30, "x": 478, "size": 3, "id": "cloud_2", "label": "cloud"}, {"y": 92, "x": 612, "size": 3, "id": "cloud_3", "label": "cloud"}, {"y": 223, "x": 311, "size": 3, "id": "football_0", "label": "football"}], "edges": [{"source": "Doll05_0", "label": "aboveC", "id": 12, "target": "football_0"}]}