{"nodes": [{"y": 241, "x": 172, "size": 3, "id": "Doll12_0", "label": "person"}, {"y": 231, "x": 388, "size": 3, "id": "Puppy02_0", "label": "Puppy"}, {"y": 98, "x": 655, "size": 3, "id": "Window03_0", "label": "Window"}, {"y": 105, "x": 165, "size": 3, "id": "Window03_1", "label": "Window"}, {"y": 281, "x": 173, "size": 3, "id": "Chair01_0", "label": "Chair"}, {"y": 284, "x": 651, "size": 3, "id": "Chair01_1", "label": "Chair"}, {"y": 91, "x": 428, "size": 3, "id": "Picture_0", "label": "Picture"}, {"y": 224, "x": 436, "size": 3, "id": "Couch_0", "label": "Couch"}, {"y": 359, "x": 447, "size": 3, "id": "CoffeeTable_0", "label": "CoffeeTable"}, {"y": 319, "x": 277, "size": 3, "id": "Yarn_0", "label": "Yarn"}, {"y": 311, "x": 293, "size": 3, "id": "Yarn_1", "label": "Yarn"}, {"y": 275, "x": 256, "size": 3, "id": "basket_0", "label": "basket"}, {"y": 313, "x": 452, "size": 3, "id": "teaset_0", "label": "teaset"}], "edges": [{"source": "Doll12_0", "label": "on", "id": 3, "target": "Chair01_0"}, {"source": "Doll12_0", "label": "near", "id": 6, "target": "Couch_0"}, {"source": "Doll12_0", "label": "near", "id": 8, "target": "Yarn_0"}, {"source": "Doll12_0", "label": "near", "id": 9, "target": "Yarn_1"}, {"source": "Doll12_0", "label": "beside", "id": 10, "target": "basket_0"}, {"source": "Couch_0", "label": "surrounds", "id": 17, "target": "Puppy02_0"}, {"source": "Puppy02_0", "label": "aboveC", "id": 22, "target": "teaset_0"}, {"source": "Yarn_0", "label": "beside", "id": 46, "target": "Chair01_0"}, {"source": "basket_0", "label": "beside", "id": 48, "target": "Chair01_0"}, {"source": "teaset_0", "label": "belowC", "id": 67, "target": "Couch_0"}, {"source": "teaset_0", "label": "aboveC", "id": 71, "target": "CoffeeTable_0"}, {"source": "Yarn_0", "label": "on", "id": 72, "target": "Yarn_1"}, {"source": "Yarn_0", "label": "belowC", "id": 73, "target": "basket_0"}, {"source": "Yarn_1", "label": "beside", "id": 75, "target": "basket_0"}]}