{"nodes": [{"y": 216, "x": 167, "size": 3, "id": "Doll04_0", "label": "person"}, {"y": 286, "x": 547, "size": 3, "id": "Koi_0", "label": "Koi"}, {"y": 302, "x": 496, "size": 3, "id": "Koi_1", "label": "Koi"}, {"y": 51, "x": 565, "size": 3, "id": "cloud_0", "label": "cloud"}, {"y": 49, "x": 310, "size": 3, "id": "cloud_1", "label": "cloud"}, {"y": 298, "x": 513, "size": 3, "id": "pond_0", "label": "pond"}, {"y": 270, "x": 138, "size": 3, "id": "bench_0", "label": "bench"}, {"y": 40, "x": 79, "size": 3, "id": "sun_0", "label": "sun"}], "edges": [{"source": "Doll04_0", "label": "on", "id": 5, "target": "bench_0"}, {"source": "Koi_0", "label": "beside", "id": 7, "target": "Koi_1"}, {"source": "pond_0", "label": "surrounds", "id": 10, "target": "Koi_0"}, {"source": "pond_0", "label": "surrounds", "id": 15, "target": "Koi_1"}]}