{"nodes": [{"y": 284, "x": 472, "size": 3, "id": "Doll16_0", "label": "person"}, {"y": 295, "x": 380, "size": 3, "id": "Doll18_0", "label": "person"}, {"y": 258, "x": 658, "size": 3, "id": "Plant_0", "label": "Plant"}, {"y": 81, "x": 570, "size": 3, "id": "Window02_0", "label": "Window"}, {"y": 77, "x": 98, "size": 3, "id": "Window02_1", "label": "Window"}, {"y": 278, "x": 71, "size": 3, "id": "Sofa_0", "label": "Sofa"}], "edges": [{"source": "Doll16_0", "label": "beside", "id": 0, "target": "Doll18_0"}]}