{"nodes": [{"y": 143, "x": 316, "size": 3, "id": "Doll10_0", "label": "person"}, {"y": 253, "x": 466, "size": 3, "id": "Cat01_0", "label": "Cat"}, {"y": 283, "x": 494, "size": 3, "id": "sandbox_0", "label": "sandbox"}, {"y": 365, "x": 663, "size": 3, "id": "bush_0", "label": "bush"}, {"y": 377, "x": 27, "size": 3, "id": "bush_1", "label": "bush"}, {"y": 212, "x": 88, "size": 3, "id": "bench_0", "label": "bench"}, {"y": 88, "x": 658, "size": 3, "id": "tree_0", "label": "tree"}, {"y": -5, "x": 91, "size": 3, "id": "sun_0", "label": "sun"}, {"y": 218, "x": 514, "size": 3, "id": "pail_0", "label": "pail"}, {"y": 264, "x": 508, "size": 3, "id": "shovel_0", "label": "shovel"}], "edges": [{"source": "Doll10_0", "label": "near", "id": 0, "target": "Cat01_0"}, {"source": "sandbox_0", "label": "surrounds", "id": 9, "target": "Cat01_0"}, {"source": "pail_0", "label": "aboveC", "id": 22, "target": "sandbox_0"}, {"source": "sandbox_0", "label": "surrounds", "id": 23, "target": "shovel_0"}, {"source": "pail_0", "label": "aboveC", "id": 44, "target": "shovel_0"}]}