{"nodes": [{"y": 136, "x": 94, "size": 3, "id": "Doll14_0", "label": "person"}, {"y": 171, "x": 554, "size": 3, "id": "Doll05_0", "label": "person"}, {"y": 145, "x": 661, "size": 3, "id": "bush_0", "label": "bush"}, {"y": 204, "x": 664, "size": 3, "id": "bush_1", "label": "bush"}, {"y": 46, "x": 620, "size": 3, "id": "sun_0", "label": "sun"}, {"y": 97, "x": 339, "size": 3, "id": "frisbee_0", "label": "frisbee"}], "edges": [{"source": "Doll14_0", "label": "opposite", "id": 0, "target": "Doll05_0"}, {"source": "Doll05_0", "label": "near", "id": 5, "target": "bush_0"}, {"source": "Doll05_0", "label": "near", "id": 6, "target": "bush_1"}, {"source": "bush_0", "label": "aboveC", "id": 9, "target": "bush_1"}]}