{"nodes": [{"y": 225, "x": 134, "size": 3, "id": "Doll09_0", "label": "person"}, {"y": 243, "x": 150, "size": 5, "id": "Puppy01_0", "label": "Puppy"}, {"y": 67, "x": 182, "size": 3, "id": "Picture_0", "label": "Picture"}, {"y": 307, "x": 627, "size": 3, "id": "Endtable_0", "label": "Endtable"}, {"y": 260, "x": 174, "size": 3, "id": "Couch_0", "label": "Couch"}, {"y": 122, "x": 511, "size": 5, "id": "Window03_0", "label": "Window"}, {"y": 302, "x": 414, "size": 3, "id": "PetBed_0", "label": "PetBed"}, {"y": 227, "x": 43, "size": 3, "id": "wine_0", "label": "wine"}, {"y": 332, "x": 80, "size": 3, "id": "bottle_0", "label": "bottle"}], "edges": [{"source": "Doll09_0", "label": "above_behind", "id": 0, "target": "Puppy01_0"}, {"source": "Doll09_0", "label": "on", "id": 3, "target": "Couch_0"}, {"source": "Doll09_0", "label": "beside", "id": 6, "target": "wine_0"}, {"source": "Doll09_0", "label": "aboveC", "id": 7, "target": "bottle_0"}, {"source": "Couch_0", "label": "surrounds", "id": 10, "target": "Puppy01_0"}, {"source": "Puppy01_0", "label": "beside_infront", "id": 13, "target": "wine_0"}, {"source": "wine_0", "label": "on", "id": 28, "target": "Couch_0"}, {"source": "bottle_0", "label": "on", "id": 29, "target": "Couch_0"}, {"source": "wine_0", "label": "aboveC", "id": 35, "target": "bottle_0"}]}