{"nodes": [{"y": 272, "x": 508, "size": 3, "id": "Doll16_0", "label": "person"}, {"y": 320, "x": 625, "size": 3, "id": "Kitten02_0", "label": "Kitten"}, {"y": 346, "x": 654, "size": 3, "id": "Kitten02_1", "label": "Kitten"}, {"y": 192, "x": 272, "size": 3, "id": "CoatRack_0", "label": "CoatRack"}, {"y": 143, "x": 609, "size": 3, "id": "Window03_0", "label": "Window"}, {"y": 133, "x": 89, "size": 3, "id": "Window03_1", "label": "Window"}, {"y": 341, "x": 388, "size": 3, "id": "Rug_0", "label": "Rug"}, {"y": 97, "x": 421, "size": 3, "id": "Picture_0", "label": "Picture"}, {"y": 197, "x": 421, "size": 3, "id": "Picture_1", "label": "Picture"}], "edges": [{"source": "Doll16_0", "label": "beside", "id": 0, "target": "Kitten02_0"}, {"source": "Doll16_0", "label": "beside", "id": 5, "target": "Rug_0"}, {"source": "Doll16_0", "label": "beside", "id": 7, "target": "Picture_1"}, {"source": "Rug_0", "label": "belowC", "id": 34, "target": "Picture_1"}, {"source": "Picture_0", "label": "aboveC", "id": 35, "target": "Picture_1"}]}