{"nodes": [{"y": 154, "x": 546, "size": 3, "id": "Doll12_0", "label": "person"}, {"y": 261, "x": 314, "size": 3, "id": "Koi_0", "label": "Koi"}, {"y": 201, "x": 593, "size": 3, "id": "bench_0", "label": "bench"}, {"y": 155, "x": 66, "size": 3, "id": "tree_0", "label": "tree"}, {"y": 270, "x": 306, "size": 3, "id": "pond_0", "label": "pond"}, {"y": 153, "x": 607, "size": 3, "id": "bottle_0", "label": "bottle"}, {"y": 96, "x": 118, "size": 3, "id": "beehive_0", "label": "beehive"}, {"y": 165, "x": 559, "size": 3, "id": "wine_0", "label": "wine"}], "edges": [{"source": "Doll12_0", "label": "on", "id": 1, "target": "bench_0"}, {"source": "Doll12_0", "label": "beside", "id": 4, "target": "bottle_0"}, {"source": "Doll12_0", "label": "beside", "id": 6, "target": "wine_0"}, {"source": "pond_0", "label": "surrounds", "id": 9, "target": "Koi_0"}, {"source": "bench_0", "label": "surrounds", "id": 15, "target": "bottle_0"}, {"source": "bench_0", "label": "surrounds", "id": 17, "target": "wine_0"}, {"source": "tree_0", "label": "surrounds", "id": 20, "target": "beehive_0"}, {"source": "bottle_0", "label": "beside", "id": 26, "target": "wine_0"}]}