{"nodes": [{"y": 72, "x": 384, "size": 3, "id": "Doll15_0", "label": "person"}, {"y": 224, "x": 547, "size": 3, "id": "Doll12_0", "label": "person"}, {"y": 42, "x": 91, "size": 3, "id": "sun_0", "label": "sun"}, {"y": 160, "x": 677, "size": 3, "id": "bush_0", "label": "bush"}, {"y": 182, "x": 586, "size": 3, "id": "bush_1", "label": "bush"}, {"y": 298, "x": 537, "size": 3, "id": "bike_0", "label": "bike"}, {"y": 171, "x": 355, "size": 3, "id": "slide_0", "label": "slide"}, {"y": 53, "x": 528, "size": 3, "id": "cloud_0", "label": "cloud"}], "edges": [{"source": "Doll15_0", "label": "opposite", "id": 0, "target": "Doll12_0"}, {"source": "Doll15_0", "label": "above", "id": 5, "target": "slide_0"}, {"source": "Doll12_0", "label": "belowC", "id": 9, "target": "bush_1"}, {"source": "Doll12_0", "label": "aboveC", "id": 10, "target": "bike_0"}]}