{"nodes": [{"y": 124, "x": 543, "size": 3, "id": "Doll05_0", "label": "person"}, {"y": 197, "x": 199, "size": 3, "id": "Duck02_0", "label": "Duck"}, {"y": 224, "x": 294, "size": 3, "id": "Duck02_1", "label": "Duck"}, {"y": 199, "x": 579, "size": 3, "id": "log_0", "label": "log"}, {"y": 114, "x": 131, "size": 3, "id": "tree_0", "label": "tree"}, {"y": 228, "x": 288, "size": 3, "id": "pond_0", "label": "pond"}, {"y": 276, "x": 528, "size": 3, "id": "blanket_0", "label": "blanket"}, {"y": 338, "x": 469, "size": 3, "id": "bush_0", "label": "bush"}, {"y": 341, "x": 58, "size": 3, "id": "bush_1", "label": "bush"}, {"y": 48, "x": 62, "size": 3, "id": "sun_0", "label": "sun"}, {"y": 322, "x": 270, "size": 3, "id": "grill_0", "label": "grill"}, {"y": 35, "x": 221, "size": 3, "id": "cloud_0", "label": "cloud"}, {"y": 28, "x": 564, "size": 3, "id": "cloud_1", "label": "cloud"}], "edges": [{"source": "Doll05_0", "label": "opposite", "id": 0, "target": "Duck02_0"}, {"source": "Doll05_0", "label": "opposite", "id": 1, "target": "Duck02_1"}, {"source": "Doll05_0", "label": "above", "id": 2, "target": "log_0"}, {"source": "Doll05_0", "label": "above", "id": 5, "target": "blanket_0"}, {"source": "Duck02_0", "label": "near", "id": 12, "target": "Duck02_1"}, {"source": "tree_0", "label": "surrounds", "id": 14, "target": "Duck02_0"}, {"source": "Duck02_0", "label": "on", "id": 15, "target": "pond_0"}, {"source": "pond_0", "label": "surrounds", "id": 25, "target": "Duck02_1"}]}