{"nodes": [{"y": 200, "x": 279, "size": 3, "id": "Doll12_0", "label": "person"}, {"y": 164, "x": 627, "size": 3, "id": "Door_0", "label": "Door"}, {"y": 295, "x": 102, "size": 3, "id": "Sofa_0", "label": "Sofa"}, {"y": 149, "x": 432, "size": 3, "id": "Bookshelf_0", "label": "Bookshelf"}, {"y": 100, "x": 187, "size": 3, "id": "Window05_0", "label": "Window"}, {"y": 99, "x": 417, "size": 3, "id": "Book_0", "label": "Book"}, {"y": 156, "x": 468, "size": 3, "id": "Book_1", "label": "Book"}, {"y": 263, "x": 391, "size": 3, "id": "Book_2", "label": "Book"}, {"y": 206, "x": 435, "size": 3, "id": "Book_3", "label": "Book"}, {"y": 49, "x": 400, "size": 3, "id": "Book_4", "label": "Book"}], "edges": [{"source": "Doll12_0", "label": "near", "id": 2, "target": "Bookshelf_0"}, {"source": "Doll12_0", "label": "belowC", "id": 3, "target": "Window05_0"}, {"source": "Doll12_0", "label": "near", "id": 4, "target": "Book_0"}, {"source": "Doll12_0", "label": "near", "id": 5, "target": "Book_1"}, {"source": "Doll12_0", "label": "beside", "id": 6, "target": "Book_2"}, {"source": "Doll12_0", "label": "near", "id": 7, "target": "Book_3"}, {"source": "Doll12_0", "label": "below", "id": 8, "target": "Book_4"}, {"source": "Bookshelf_0", "label": "surrounds", "id": 25, "target": "Book_0"}, {"source": "Bookshelf_0", "label": "surrounds", "id": 26, "target": "Book_1"}, {"source": "Book_2", "label": "on", "id": 27, "target": "Bookshelf_0"}, {"source": "Bookshelf_0", "label": "surrounds", "id": 28, "target": "Book_3"}, {"source": "Bookshelf_0", "label": "surrounds", "id": 29, "target": "Book_4"}, {"source": "Book_0", "label": "aboveC", "id": 35, "target": "Book_1"}, {"source": "Book_0", "label": "above", "id": 36, "target": "Book_2"}, {"source": "Book_0", "label": "aboveC", "id": 37, "target": "Book_3"}, {"source": "Book_0", "label": "belowC", "id": 38, "target": "Book_4"}, {"source": "Book_1", "label": "aboveC", "id": 39, "target": "Book_2"}, {"source": "Book_1", "label": "aboveC", "id": 40, "target": "Book_3"}, {"source": "Book_1", "label": "belowC", "id": 41, "target": "Book_4"}, {"source": "Book_2", "label": "belowC", "id": 42, "target": "Book_3"}, {"source": "Book_2", "label": "below", "id": 43, "target": "Book_4"}, {"source": "Book_3", "label": "below", "id": 44, "target": "Book_4"}]}