{"nodes": [{"y": 193, "x": 533, "size": 3, "id": "Doll06_0", "label": "person"}, {"y": 180, "x": 80, "size": 3, "id": "Doll13_0", "label": "person"}, {"y": 253, "x": 39, "size": 3, "id": "Dog02_0", "label": "Dog"}, {"y": 236, "x": 103, "size": 3, "id": "log_0", "label": "log"}, {"y": 116, "x": 441, "size": 3, "id": "bush_0", "label": "bush"}, {"y": 114, "x": 273, "size": 3, "id": "bush_1", "label": "bush"}, {"y": 113, "x": 78, "size": 3, "id": "bush_2", "label": "bush"}, {"y": 27, "x": 368, "size": 3, "id": "sun_0", "label": "sun"}, {"y": 122, "x": 604, "size": 3, "id": "tree_0", "label": "tree"}, {"y": 111, "x": 193, "size": 3, "id": "tree_1", "label": "tree"}, {"y": 146, "x": 377, "size": 3, "id": "tree_2", "label": "tree"}, {"y": 280, "x": 588, "size": 3, "id": "bike_0", "label": "bike"}, {"y": 240, "x": 358, "size": 3, "id": "bike_1", "label": "bike"}, {"y": 322, "x": 511, "size": 3, "id": "sidewalk_0", "label": "sidewalk"}], "edges": [{"source": "Doll06_0", "label": "opposite", "id": 0, "target": "Doll13_0"}, {"source": "Doll06_0", "label": "opposite", "id": 1, "target": "Dog02_0"}, {"source": "Doll06_0", "label": "on", "id": 7, "target": "tree_0"}, {"source": "Doll06_0", "label": "on", "id": 9, "target": "tree_2"}, {"source": "Doll06_0", "label": "above", "id": 10, "target": "bike_0"}, {"source": "Doll06_0", "label": "near", "id": 11, "target": "bike_1"}, {"source": "Doll06_0", "label": "above", "id": 12, "target": "sidewalk_0"}, {"source": "Doll13_0", "label": "above", "id": 13, "target": "Dog02_0"}, {"source": "Doll13_0", "label": "aboveC", "id": 14, "target": "log_0"}, {"source": "Doll13_0", "label": "belowC", "id": 17, "target": "bush_2"}, {"source": "Dog02_0", "label": "on", "id": 25, "target": "log_0"}, {"source": "log_0", "label": "below", "id": 41, "target": "tree_1"}, {"source": "tree_2", "label": "surrounds", "id": 51, "target": "bush_0"}, {"source": "bush_1", "label": "on", "id": 58, "target": "tree_1"}, {"source": "tree_2", "label": "surrounds", "id": 59, "target": "bush_1"}, {"source": "tree_2", "label": "surrounds", "id": 72, "target": "sun_0"}, {"source": "tree_0", "label": "above", "id": 78, "target": "bike_0"}, {"source": "tree_1", "label": "on", "id": 81, "target": "tree_2"}, {"source": "tree_2", "label": "above", "id": 86, "target": "bike_1"}, {"source": "bike_0", "label": "on", "id": 89, "target": "sidewalk_0"}]}