{"nodes": [{"y": 174, "x": 214, "size": 3, "id": "Doll07_0", "label": "person"}, {"y": 119, "x": 605, "size": 3, "id": "Picture_0", "label": "Picture"}, {"y": 107, "x": 126, "size": 3, "id": "Picture_1", "label": "Picture"}, {"y": 129, "x": 376, "size": 1, "id": "Window02_0", "label": "Window"}, {"y": 247, "x": 629, "size": 3, "id": "Plant_0", "label": "Plant"}, {"y": 339, "x": 380, "size": 3, "id": "Rug_0", "label": "Rug"}], "edges": [{"source": "Doll07_0", "label": "beside", "id": 1, "target": "Picture_1"}, {"source": "Doll07_0", "label": "near", "id": 4, "target": "Rug_0"}, {"source": "Picture_0", "label": "aboveC", "id": 7, "target": "Plant_0"}]}