{"nodes": [{"y": 230, "x": 559, "size": 3, "id": "Doll13_0", "label": "person"}, {"y": 194, "x": 105, "size": 2, "id": "Doll02_0", "label": "person"}, {"y": 343, "x": 546, "size": 3, "id": "Doll15_0", "label": "person"}, {"y": 234, "x": 619, "size": 3, "id": "Doll04_0", "label": "person"}, {"y": 97, "x": 591, "size": 3, "id": "Picture_0", "label": "Picture"}, {"y": 339, "x": 379, "size": 5, "id": "Desk_0", "label": "Desk"}, {"y": 241, "x": 371, "size": 3, "id": "TV_0", "label": "TV"}, {"y": 299, "x": 634, "size": 3, "id": "Chair02_0", "label": "Chair"}, {"y": 161, "x": 210, "size": 3, "id": "Door_0", "label": "Door"}, {"y": 162, "x": 76, "size": 3, "id": "Door_1", "label": "Door"}], "edges": [{"source": "Doll13_0", "label": "aboveC", "id": 1, "target": "Doll15_0"}, {"source": "Doll13_0", "label": "beside", "id": 2, "target": "Doll04_0"}, {"source": "Doll13_0", "label": "belowC", "id": 3, "target": "Picture_0"}, {"source": "Doll13_0", "label": "beside", "id": 6, "target": "Chair02_0"}, {"source": "Doll02_0", "label": "opposite", "id": 10, "target": "Doll04_0"}, {"source": "Doll02_0", "label": "near", "id": 13, "target": "TV_0"}, {"source": "Doll02_0", "label": "beside", "id": 15, "target": "Door_0"}, {"source": "Doll02_0", "label": "on", "id": 16, "target": "Door_1"}, {"source": "Doll15_0", "label": "belowC", "id": 17, "target": "Doll04_0"}, {"source": "Doll15_0", "label": "beside", "id": 21, "target": "Chair02_0"}, {"source": "Doll04_0", "label": "belowC", "id": 24, "target": "Picture_0"}, {"source": "Doll04_0", "label": "near", "id": 26, "target": "TV_0"}, {"source": "Doll04_0", "label": "on", "id": 27, "target": "Chair02_0"}]}