{"nodes": [{"y": 259.93994140625, "x": 545, "size": 3, "id": "Doll13_0", "label": "person"}, {"y": 236.93994140625, "x": 388, "size": 3, "id": "Fireplace_0", "label": "Fireplace"}, {"y": 330.93994140625, "x": 378, "size": 3, "id": "DiningTable_0", "label": "DiningTable"}, {"y": 133.94000244140625, "x": 381, "size": 3, "id": "TV_0", "label": "TV"}, {"y": 307.93994140625, "x": 552, "size": 3, "id": "Chair01_0", "label": "Chair"}, {"y": 306.93994140625, "x": 244, "size": 3, "id": "Chair01_1", "label": "Chair"}, {"y": 110.94000244140625, "x": 141, "size": 3, "id": "Window02_0", "label": "Window"}, {"y": 161.93994140625, "x": 609, "size": 3, "id": "Picture_0", "label": "Picture"}, {"y": 279.93994140625, "x": 395, "size": 3, "id": "DishesMeal_0", "label": "DishesMeal"}], "edges": [{"source": "Doll13_0", "label": "near", "id": 0, "target": "Fireplace_0"}, {"source": "Doll13_0", "label": "near", "id": 1, "target": "DiningTable_0"}, {"source": "Doll13_0", "label": "on", "id": 3, "target": "Chair01_0"}, {"source": "Doll13_0", "label": "belowC", "id": 6, "target": "Picture_0"}, {"source": "Fireplace_0", "label": "aboveC", "id": 8, "target": "DiningTable_0"}, {"source": "Fireplace_0", "label": "belowC", "id": 9, "target": "TV_0"}, {"source": "Fireplace_0", "label": "surrounds", "id": 14, "target": "DishesMeal_0"}, {"source": "DiningTable_0", "label": "surrounds", "id": 20, "target": "DishesMeal_0"}, {"source": "DishesMeal_0", "label": "belowC", "id": 25, "target": "TV_0"}]}