{"nodes": [{"y": 211, "x": 534, "size": 3, "id": "Doll04_0", "label": "person"}, {"y": 192, "x": 410, "size": 3, "id": "Cat01_0", "label": "Cat"}, {"y": 244, "x": 649, "size": 3, "id": "Plant_0", "label": "Plant"}, {"y": 242, "x": 109, "size": 3, "id": "Plant_1", "label": "Plant"}, {"y": 248, "x": 533, "size": 3, "id": "DiningChair_0", "label": "DiningChair"}, {"y": 99, "x": 540, "size": 3, "id": "Window02_0", "label": "Window"}, {"y": 97, "x": 376, "size": 3, "id": "Window02_1", "label": "Window"}, {"y": 95, "x": 210, "size": 3, "id": "Window02_2", "label": "Window"}, {"y": 269, "x": 361, "size": 3, "id": "DiningTable_0", "label": "DiningTable"}], "edges": [{"source": "Doll04_0", "label": "beside", "id": 0, "target": "Cat01_0"}, {"source": "Doll04_0", "label": "beside", "id": 1, "target": "Plant_0"}, {"source": "Doll04_0", "label": "on", "id": 3, "target": "DiningChair_0"}, {"source": "Doll04_0", "label": "belowC", "id": 4, "target": "Window02_0"}, {"source": "Doll04_0", "label": "near", "id": 7, "target": "DiningTable_0"}, {"source": "Cat01_0", "label": "beside", "id": 10, "target": "DiningChair_0"}, {"source": "Cat01_0", "label": "belowC", "id": 12, "target": "Window02_1"}, {"source": "Cat01_0", "label": "aboveC", "id": 14, "target": "DiningTable_0"}, {"source": "DiningChair_0", "label": "belowC", "id": 26, "target": "Window02_0"}]}