{"nodes": [{"y": 185, "x": 534, "size": 3, "id": "Doll18_0", "label": "person"}, {"y": 346, "x": 366, "size": 3, "id": "Rug_0", "label": "Rug"}, {"y": 80, "x": 381, "size": 3, "id": "Picture_0", "label": "Picture"}, {"y": 272, "x": 651, "size": 3, "id": "Plant_0", "label": "Plant"}, {"y": 284, "x": 103, "size": 3, "id": "Plant_1", "label": "Plant"}, {"y": 276, "x": 549, "size": 3, "id": "Chair01_0", "label": "Chair"}], "edges": [{"source": "Doll18_0", "label": "near", "id": 0, "target": "Rug_0"}, {"source": "Doll18_0", "label": "beside", "id": 2, "target": "Plant_0"}, {"source": "Doll18_0", "label": "aboveC", "id": 4, "target": "Chair01_0"}]}