{"nodes": [{"y": 245, "x": 331, "size": 3, "id": "Doll16_0", "label": "person"}, {"y": 208, "x": 479, "size": 3, "id": "Puppy02_0", "label": "Puppy"}, {"y": 204, "x": 442, "size": 3, "id": "Couch_0", "label": "Couch"}, {"y": 316, "x": 330, "size": 3, "id": "Stool_0", "label": "Stool"}, {"y": 67, "x": 619, "size": 3, "id": "Picture_0", "label": "Picture"}, {"y": 112, "x": 201, "size": 3, "id": "Window02_0", "label": "Window"}, {"y": 298, "x": 184, "size": 3, "id": "Desk_0", "label": "Desk"}, {"y": 345, "x": 440, "size": 3, "id": "Rug_0", "label": "Rug"}, {"y": 236, "x": 190, "size": 3, "id": "DishesSnack_0", "label": "DishesSnack"}], "edges": [{"source": "Doll16_0", "label": "near", "id": 0, "target": "Puppy02_0"}, {"source": "Doll16_0", "label": "on", "id": 1, "target": "Couch_0"}, {"source": "Doll16_0", "label": "aboveC", "id": 2, "target": "Stool_0"}, {"source": "Doll16_0", "label": "near", "id": 5, "target": "Desk_0"}, {"source": "Doll16_0", "label": "beside", "id": 6, "target": "Rug_0"}, {"source": "Doll16_0", "label": "beside", "id": 7, "target": "DishesSnack_0"}, {"source": "Couch_0", "label": "surrounds", "id": 8, "target": "Puppy02_0"}, {"source": "Puppy02_0", "label": "aboveC", "id": 13, "target": "Rug_0"}, {"source": "Couch_0", "label": "aboveC", "id": 19, "target": "Rug_0"}, {"source": "Stool_0", "label": "beside", "id": 23, "target": "Desk_0"}, {"source": "Stool_0", "label": "on", "id": 24, "target": "Rug_0"}, {"source": "DishesSnack_0", "label": "belowC", "id": 32, "target": "Window02_0"}, {"source": "DishesSnack_0", "label": "on", "id": 34, "target": "Desk_0"}]}