{"nodes": [{"y": 202, "x": 599, "size": 3, "id": "Doll08_0", "label": "person"}, {"y": 244, "x": 592, "size": 3, "id": "Chair02_0", "label": "Chair"}, {"y": 101, "x": 345, "size": 3, "id": "Window03_0", "label": "Window"}, {"y": 248, "x": 342, "size": 3, "id": "Plant_0", "label": "Plant"}, {"y": 251, "x": 412, "size": 3, "id": "Plant_1", "label": "Plant"}, {"y": 271, "x": 373, "size": 3, "id": "Plant_2", "label": "Plant"}, {"y": 238, "x": 119, "size": 3, "id": "Fireplace_0", "label": "Fireplace"}, {"y": 208, "x": 612, "size": 3, "id": "Notebook_0", "label": "Notebook"}, {"y": 181, "x": 528, "size": 3, "id": "Pillow_0", "label": "Pillow"}], "edges": [{"source": "Doll08_0", "label": "on", "id": 0, "target": "Chair02_0"}, {"source": "Doll08_0", "label": "near", "id": 1, "target": "Window03_0"}, {"source": "Doll08_0", "label": "beside", "id": 6, "target": "Notebook_0"}, {"source": "Doll08_0", "label": "beside", "id": 7, "target": "Pillow_0"}, {"source": "Chair02_0", "label": "surrounds", "id": 13, "target": "Notebook_0"}, {"source": "Pillow_0", "label": "beside", "id": 14, "target": "Chair02_0"}, {"source": "Window03_0", "label": "aboveC", "id": 15, "target": "Plant_0"}, {"source": "Notebook_0", "label": "beside", "id": 35, "target": "Pillow_0"}]}