{"nodes": [{"y": 214, "x": 253, "size": 4, "id": "Doll15_0", "label": "person"}, {"y": 351, "x": 359, "size": 3, "id": "Doll19_0", "label": "person"}, {"y": 322, "x": 508, "size": 4, "id": "Doll17_0", "label": "person"}, {"y": 230, "x": 349, "size": 3, "id": "Chair02_0", "label": "Chair"}, {"y": 298, "x": 71, "size": 4, "id": "Sofa_0", "label": "Sofa"}, {"y": 292, "x": 622, "size": 4, "id": "Sofa_1", "label": "Sofa"}, {"y": 322, "x": 444, "size": 3, "id": "Toy_0", "label": "Toy"}, {"y": 371, "x": 406, "size": 3, "id": "Toy_1", "label": "Toy"}, {"y": 390, "x": 450, "size": 4, "id": "Toy_2", "label": "Toy"}, {"y": 348, "x": 248, "size": 4, "id": "Toy_3", "label": "Toy"}, {"y": 378, "x": 218, "size": 4, "id": "Toy_4", "label": "Toy"}], "edges": [{"source": "Doll15_0", "label": "above", "id": 0, "target": "Doll19_0"}, {"source": "Doll15_0", "label": "beside", "id": 2, "target": "Chair02_0"}, {"source": "Doll15_0", "label": "above", "id": 6, "target": "Toy_1"}, {"source": "Doll15_0", "label": "aboveC", "id": 8, "target": "Toy_3"}, {"source": "Doll15_0", "label": "above", "id": 9, "target": "Toy_4"}, {"source": "Doll19_0", "label": "near", "id": 10, "target": "Doll17_0"}, {"source": "Doll19_0", "label": "belowC", "id": 11, "target": "Chair02_0"}, {"source": "Doll19_0", "label": "beside", "id": 14, "target": "Toy_0"}, {"source": "Doll19_0", "label": "beside", "id": 15, "target": "Toy_1"}, {"source": "Doll19_0", "label": "beside", "id": 16, "target": "Toy_2"}, {"source": "Doll19_0", "label": "beside", "id": 17, "target": "Toy_3"}, {"source": "Doll19_0", "label": "beside", "id": 18, "target": "Toy_4"}, {"source": "Doll17_0", "label": "on", "id": 21, "target": "Sofa_1"}, {"source": "Doll17_0", "label": "beside", "id": 22, "target": "Toy_0"}, {"source": "Doll17_0", "label": "beside", "id": 23, "target": "Toy_1"}, {"source": "Doll17_0", "label": "aboveC", "id": 24, "target": "Toy_2"}, {"source": "Toy_0", "label": "aboveC", "id": 45, "target": "Toy_1"}, {"source": "Toy_0", "label": "aboveC", "id": 46, "target": "Toy_2"}, {"source": "Toy_1", "label": "beside", "id": 49, "target": "Toy_2"}, {"source": "Toy_3", "label": "beside", "id": 54, "target": "Toy_4"}]}