{"nodes": [{"y": 267, "x": 189, "size": 3, "id": "Doll02_0", "label": "person"}, {"y": 106, "x": 134, "size": 3, "id": "Window03_0", "label": "Window"}, {"y": 103, "x": 414, "size": 3, "id": "Window03_1", "label": "Window"}, {"y": 150, "x": 612, "size": 3, "id": "Bookshelf_0", "label": "Bookshelf"}, {"y": 300, "x": 156, "size": 3, "id": "Couch_0", "label": "Couch"}, {"y": 244, "x": 407, "size": 3, "id": "Fireplace_0", "label": "Fireplace"}], "edges": [{"source": "Doll02_0", "label": "on", "id": 3, "target": "Couch_0"}, {"source": "Doll02_0", "label": "near", "id": 4, "target": "Fireplace_0"}, {"source": "Window03_1", "label": "aboveC", "id": 11, "target": "Fireplace_0"}]}