{"nodes": [{"y": 212, "x": 492, "size": 3, "id": "Doll04_0", "label": "person"}, {"y": 278, "x": 562, "size": 3, "id": "Sofa_0", "label": "Sofa"}, {"y": 330, "x": 336, "size": 3, "id": "CoffeeTable_0", "label": "CoffeeTable"}, {"y": 105, "x": 263, "size": 3, "id": "Window02_0", "label": "Window"}, {"y": 355, "x": 299, "size": 3, "id": "Rug_0", "label": "Rug"}, {"y": 156, "x": 41, "size": 3, "id": "Bookshelf_0", "label": "Bookshelf"}, {"y": 220, "x": 500, "size": 3, "id": "cup_0", "label": "cup"}, {"y": 200, "x": 575, "size": 3, "id": "bottle_0", "label": "bottle"}, {"y": 303, "x": 358, "size": 3, "id": "DishesMeal_0", "label": "DishesMeal"}, {"y": 268, "x": 353, "size": 3, "id": "DishesMeal_1", "label": "DishesMeal"}], "edges": [{"source": "Doll04_0", "label": "on", "id": 0, "target": "Sofa_0"}, {"source": "Doll04_0", "label": "aboveC", "id": 5, "target": "cup_0"}, {"source": "Doll04_0", "label": "beside", "id": 6, "target": "bottle_0"}, {"source": "Doll04_0", "label": "beside", "id": 8, "target": "DishesMeal_1"}, {"source": "Sofa_0", "label": "surrounds", "id": 13, "target": "cup_0"}, {"source": "bottle_0", "label": "on", "id": 14, "target": "Sofa_0"}, {"source": "CoffeeTable_0", "label": "on", "id": 18, "target": "Rug_0"}, {"source": "CoffeeTable_0", "label": "surrounds", "id": 22, "target": "DishesMeal_0"}, {"source": "DishesMeal_1", "label": "on", "id": 23, "target": "CoffeeTable_0"}, {"source": "DishesMeal_1", "label": "aboveC", "id": 34, "target": "Rug_0"}, {"source": "cup_0", "label": "beside", "id": 39, "target": "bottle_0"}, {"source": "DishesMeal_0", "label": "belowC", "id": 44, "target": "DishesMeal_1"}]}