{"nodes": [{"y": 273, "x": 179, "size": 3, "id": "Doll12_0", "label": "person"}, {"y": 113, "x": 183, "size": 3, "id": "Doll19_0", "label": "person"}, {"y": 262, "x": 476, "size": 5, "id": "blanket_0", "label": "blanket"}, {"y": 53, "x": 351, "size": 3, "id": "cloud_0", "label": "cloud"}, {"y": 69, "x": 624, "size": 3, "id": "sun_0", "label": "sun"}, {"y": 280, "x": 473, "size": 3, "id": "sandwich_0", "label": "sandwich"}, {"y": 247, "x": 538, "size": 3, "id": "tongs_0", "label": "tongs"}, {"y": 202, "x": 476, "size": 3, "id": "basket_0", "label": "basket"}, {"y": 249, "x": 402, "size": 3, "id": "hamburger_0", "label": "hamburger"}], "edges": [{"source": "Doll12_0", "label": "below", "id": 0, "target": "Doll19_0"}, {"source": "blanket_0", "label": "surrounds", "id": 17, "target": "sandwich_0"}, {"source": "blanket_0", "label": "surrounds", "id": 18, "target": "tongs_0"}, {"source": "blanket_0", "label": "surrounds", "id": 20, "target": "hamburger_0"}]}