{"nodes": [{"y": 252, "x": 418, "size": 3, "id": "Doll12_0", "label": "person"}, {"y": 212, "x": 540, "size": 3, "id": "Kitten01_0", "label": "Kitten"}, {"y": 243, "x": 664, "size": 3, "id": "Plant_0", "label": "Plant"}, {"y": 61, "x": 548, "size": 3, "id": "Picture_0", "label": "Picture"}, {"y": 132, "x": 315, "size": 3, "id": "Window05_0", "label": "Window"}, {"y": 209, "x": 533, "size": 3, "id": "Chair02_0", "label": "Chair"}, {"y": 162, "x": 112, "size": 3, "id": "Door_0", "label": "Door"}, {"y": 271, "x": 316, "size": 3, "id": "Stool_0", "label": "Stool"}], "edges": [{"source": "Doll12_0", "label": "beside", "id": 0, "target": "Kitten01_0"}, {"source": "Doll12_0", "label": "near", "id": 1, "target": "Plant_0"}, {"source": "Doll12_0", "label": "below", "id": 2, "target": "Picture_0"}, {"source": "Doll12_0", "label": "below", "id": 3, "target": "Window05_0"}, {"source": "Doll12_0", "label": "beside", "id": 4, "target": "Chair02_0"}, {"source": "Doll12_0", "label": "near", "id": 5, "target": "Door_0"}, {"source": "Doll12_0", "label": "beside", "id": 6, "target": "Stool_0"}, {"source": "Kitten01_0", "label": "beside", "id": 7, "target": "Plant_0"}, {"source": "Kitten01_0", "label": "below", "id": 8, "target": "Picture_0"}, {"source": "Chair02_0", "label": "surrounds", "id": 10, "target": "Kitten01_0"}, {"source": "Plant_0", "label": "below", "id": 13, "target": "Picture_0"}, {"source": "Plant_0", "label": "beside", "id": 15, "target": "Chair02_0"}, {"source": "Picture_0", "label": "aboveC", "id": 19, "target": "Chair02_0"}, {"source": "Window05_0", "label": "aboveC", "id": 24, "target": "Stool_0"}]}