{"nodes": [{"y": 262, "x": 509, "size": 3, "id": "Doll16_0", "label": "person"}, {"y": 238, "x": 379, "size": 3, "id": "Couch_0", "label": "Couch"}, {"y": 95, "x": 578, "size": 3, "id": "Window05_0", "label": "Window"}, {"y": 76, "x": 117, "size": 3, "id": "Window05_1", "label": "Window"}, {"y": 319, "x": 479, "size": 3, "id": "Footstool_0", "label": "Footstool"}, {"y": 268, "x": 145, "size": 3, "id": "Desk_0", "label": "Desk"}, {"y": 249, "x": 634, "size": 3, "id": "Desk_1", "label": "Desk"}], "edges": [{"source": "Doll16_0", "label": "on", "id": 0, "target": "Couch_0"}, {"source": "Doll16_0", "label": "below", "id": 1, "target": "Window05_0"}, {"source": "Doll16_0", "label": "aboveC", "id": 3, "target": "Footstool_0"}, {"source": "Doll16_0", "label": "beside", "id": 5, "target": "Desk_1"}, {"source": "Couch_0", "label": "beside", "id": 8, "target": "Footstool_0"}, {"source": "Window05_0", "label": "above", "id": 12, "target": "Footstool_0"}]}