{"nodes": [{"y": 189, "x": 52, "size": 3, "id": "Doll09_0", "label": "person"}, {"y": 274, "x": -37, "size": 3, "id": "CoffeeTable_0", "label": "CoffeeTable"}, {"y": 327, "x": 587, "size": 4, "id": "Stool_0", "label": "Stool"}, {"y": 286, "x": 674, "size": 3, "id": "Stool_1", "label": "Stool"}, {"y": 279, "x": 482, "size": 3, "id": "Stool_2", "label": "Stool"}, {"y": 274, "x": 583, "size": 3, "id": "DiningTable_0", "label": "DiningTable"}, {"y": 112, "x": 590, "size": 3, "id": "Window02_0", "label": "Window"}, {"y": 206, "x": 620, "size": 3, "id": "corn_0", "label": "corn"}, {"y": 212, "x": 563, "size": 3, "id": "DishesSnack_0", "label": "DishesSnack"}, {"y": 225, "x": 611, "size": 3, "id": "DishesSnack_1", "label": "DishesSnack"}, {"y": 231, "x": 550, "size": 3, "id": "DishesSnack_2", "label": "DishesSnack"}], "edges": [{"source": "Doll09_0", "label": "beside", "id": 0, "target": "CoffeeTable_0"}, {"source": "Stool_0", "label": "on", "id": 21, "target": "DiningTable_0"}, {"source": "corn_0", "label": "aboveC", "id": 23, "target": "Stool_0"}, {"source": "DishesSnack_0", "label": "aboveC", "id": 24, "target": "Stool_0"}, {"source": "DishesSnack_1", "label": "aboveC", "id": 25, "target": "Stool_0"}, {"source": "DishesSnack_2", "label": "aboveC", "id": 26, "target": "Stool_0"}, {"source": "corn_0", "label": "aboveC", "id": 30, "target": "Stool_1"}, {"source": "corn_0", "label": "aboveC", "id": 41, "target": "DiningTable_0"}, {"source": "DishesSnack_0", "label": "on", "id": 42, "target": "DiningTable_0"}, {"source": "DiningTable_0", "label": "surrounds", "id": 43, "target": "DishesSnack_1"}, {"source": "DiningTable_0", "label": "surrounds", "id": 44, "target": "DishesSnack_2"}, {"source": "corn_0", "label": "belowC", "id": 45, "target": "Window02_0"}, {"source": "DishesSnack_0", "label": "belowC", "id": 46, "target": "Window02_0"}, {"source": "DishesSnack_1", "label": "belowC", "id": 47, "target": "Window02_0"}, {"source": "DishesSnack_2", "label": "belowC", "id": 48, "target": "Window02_0"}, {"source": "corn_0", "label": "aboveC", "id": 50, "target": "DishesSnack_1"}, {"source": "DishesSnack_0", "label": "aboveC", "id": 53, "target": "DishesSnack_2"}]}