{"nodes": [{"y": 209, "x": 465, "size": 3, "id": "Doll01_0", "label": "person"}, {"y": 246, "x": 372, "size": 3, "id": "Rat_0", "label": "Rat"}, {"y": 123, "x": 609, "size": 3, "id": "Window05_0", "label": "Window"}, {"y": 123, "x": 89, "size": 3, "id": "Window05_1", "label": "Window"}, {"y": 259, "x": 308, "size": 3, "id": "DiningChair_0", "label": "DiningChair"}, {"y": 261, "x": 475, "size": 3, "id": "DiningChair_1", "label": "DiningChair"}, {"y": 111, "x": 360, "size": 3, "id": "Picture_0", "label": "Picture"}, {"y": 323, "x": 360, "size": 3, "id": "Table_0", "label": "Table"}, {"y": 255, "x": 316, "size": 3, "id": "DishesSnack_0", "label": "DishesSnack"}], "edges": [{"source": "Doll01_0", "label": "beside", "id": 0, "target": "Rat_0"}, {"source": "Doll01_0", "label": "on", "id": 4, "target": "DiningChair_1"}, {"source": "Doll01_0", "label": "beside", "id": 5, "target": "Picture_0"}, {"source": "Doll01_0", "label": "above", "id": 6, "target": "Table_0"}, {"source": "Rat_0", "label": "beside", "id": 10, "target": "DiningChair_0"}, {"source": "Rat_0", "label": "beside", "id": 11, "target": "DiningChair_1"}, {"source": "Rat_0", "label": "belowC", "id": 12, "target": "Picture_0"}, {"source": "Rat_0", "label": "aboveC", "id": 13, "target": "Table_0"}, {"source": "Rat_0", "label": "beside", "id": 14, "target": "DishesSnack_0"}, {"source": "DiningChair_0", "label": "on", "id": 28, "target": "Table_0"}, {"source": "DiningChair_0", "label": "surrounds", "id": 29, "target": "DishesSnack_0"}, {"source": "DishesSnack_0", "label": "aboveC", "id": 35, "target": "Table_0"}]}