{"nodes": [{"y": 284, "x": 456, "size": 1, "id": "Doll17_0", "label": "person"}, {"y": 277, "x": 281, "size": 1, "id": "Doll14_0", "label": "person"}, {"y": 305, "x": 385, "size": 1, "id": "Kitten01_0", "label": "Kitten"}, {"y": 220, "x": 528, "size": 3, "id": "Plant_0", "label": "Plant"}, {"y": 235, "x": 174, "size": 3, "id": "Plant_1", "label": "Plant"}, {"y": 265, "x": 62, "size": 3, "id": "Couch_0", "label": "Couch"}, {"y": 253, "x": 636, "size": 3, "id": "Couch_1", "label": "Couch"}, {"y": 314, "x": 360, "size": 3, "id": "Rug_0", "label": "Rug"}, {"y": 158, "x": 666, "size": 3, "id": "Door_0", "label": "Door"}, {"y": 119, "x": 373, "size": 3, "id": "Picture_0", "label": "Picture"}], "edges": [{"source": "Doll17_0", "label": "near", "id": 0, "target": "Doll14_0"}, {"source": "Doll17_0", "label": "beside", "id": 1, "target": "Kitten01_0"}, {"source": "Doll17_0", "label": "beside_behind", "id": 6, "target": "Rug_0"}, {"source": "Doll14_0", "label": "beside", "id": 9, "target": "Kitten01_0"}, {"source": "Doll14_0", "label": "beside_behind", "id": 14, "target": "Rug_0"}, {"source": "Rug_0", "label": "surrounds", "id": 21, "target": "Kitten01_0"}, {"source": "Couch_1", "label": "belowC", "id": 40, "target": "Door_0"}]}