{"nodes": [{"y": 300, "x": 471, "size": 3, "id": "Doll16_0", "label": "person"}, {"y": 320, "x": 560, "size": 3, "id": "Kitten02_0", "label": "Kitten"}, {"y": 239, "x": 454, "size": 5, "id": "Fireplace_0", "label": "Fireplace"}, {"y": 358, "x": 404, "size": 3, "id": "Rug_0", "label": "Rug"}, {"y": 133, "x": 452, "size": 3, "id": "TV_0", "label": "TV"}, {"y": 291, "x": 117, "size": 3, "id": "Sofa_0", "label": "Sofa"}, {"y": 313, "x": 481, "size": 3, "id": "Doll_0", "label": "Doll"}, {"y": 287, "x": 605, "size": 3, "id": "PetBed_0", "label": "PetBed"}, {"y": 358, "x": 553, "size": 3, "id": "Yarn_0", "label": "Yarn"}], "edges": [{"source": "Doll16_0", "label": "beside", "id": 0, "target": "Kitten02_0"}, {"source": "Doll16_0", "label": "beside", "id": 2, "target": "Rug_0"}, {"source": "Doll16_0", "label": "below", "id": 3, "target": "TV_0"}, {"source": "Doll16_0", "label": "aboveC", "id": 5, "target": "Doll_0"}, {"source": "Doll16_0", "label": "beside", "id": 6, "target": "PetBed_0"}, {"source": "Doll16_0", "label": "beside", "id": 7, "target": "Yarn_0"}, {"source": "Kitten02_0", "label": "beside_behind", "id": 8, "target": "Fireplace_0"}, {"source": "Kitten02_0", "label": "on", "id": 9, "target": "Rug_0"}, {"source": "Kitten02_0", "label": "below", "id": 10, "target": "TV_0"}, {"source": "Kitten02_0", "label": "beside", "id": 12, "target": "Doll_0"}, {"source": "Kitten02_0", "label": "aboveC", "id": 14, "target": "Yarn_0"}, {"source": "Rug_0", "label": "surrounds", "id": 25, "target": "Yarn_0"}, {"source": "Doll_0", "label": "below", "id": 27, "target": "TV_0"}, {"source": "Yarn_0", "label": "below", "id": 29, "target": "TV_0"}, {"source": "Doll_0", "label": "beside", "id": 34, "target": "Yarn_0"}, {"source": "PetBed_0", "label": "aboveC", "id": 35, "target": "Yarn_0"}]}