{"nodes": [{"y": 272, "x": 413, "size": 3, "id": "Doll01_0", "label": "person"}, {"y": 287, "x": 48, "size": 3, "id": "Kitten01_0", "label": "Kitten"}, {"y": 250, "x": 631, "size": 3, "id": "Chair02_0", "label": "Chair"}, {"y": 116, "x": 177, "size": 3, "id": "Window03_0", "label": "Window"}, {"y": 352, "x": 224, "size": 3, "id": "Table_0", "label": "Table"}, {"y": 313, "x": 400, "size": 3, "id": "DiningChair_0", "label": "DiningChair"}, {"y": 280, "x": 292, "size": 3, "id": "DishesSnack_0", "label": "DishesSnack"}, {"y": 293, "x": 47, "size": 3, "id": "PetBed_0", "label": "PetBed"}], "edges": [{"source": "Doll01_0", "label": "near", "id": 3, "target": "Table_0"}, {"source": "Doll01_0", "label": "aboveC", "id": 4, "target": "DiningChair_0"}, {"source": "Doll01_0", "label": "beside", "id": 5, "target": "DishesSnack_0"}, {"source": "PetBed_0", "label": "surrounds", "id": 12, "target": "Kitten01_0"}, {"source": "DishesSnack_0", "label": "aboveC", "id": 23, "target": "Table_0"}]}