{"nodes": [{"y": 326, "x": 426, "size": 3, "id": "Doll19_0", "label": "person"}, {"y": 340, "x": 270, "size": 3, "id": "Doll20_0", "label": "person"}, {"y": 334, "x": 63, "size": 3, "id": "Cat02_0", "label": "Cat"}, {"y": 139, "x": 441, "size": 3, "id": "Window05_0", "label": "Window"}, {"y": 124, "x": 303, "size": 3, "id": "Picture_0", "label": "Picture"}, {"y": 118, "x": 586, "size": 3, "id": "Picture_1", "label": "Picture"}, {"y": 34, "x": 439, "size": 3, "id": "Picture_2", "label": "Picture"}, {"y": 208, "x": 67, "size": 3, "id": "DiningChair_0", "label": "DiningChair"}, {"y": 201, "x": 175, "size": 3, "id": "DiningChair_1", "label": "DiningChair"}, {"y": 275, "x": 446, "size": 3, "id": "CoffeeTable_0", "label": "CoffeeTable"}, {"y": 201, "x": 533, "size": 3, "id": "Plant_0", "label": "Plant"}, {"y": 202, "x": 365, "size": 3, "id": "Plant_1", "label": "Plant"}, {"y": 320, "x": 429, "size": 3, "id": "Rug_0", "label": "Rug"}, {"y": 245, "x": 641, "size": 3, "id": "Dollhouse_0", "label": "Dollhouse"}, {"y": 342, "x": 340, "size": 3, "id": "BuildingToy_0", "label": "BuildingToy"}, {"y": 363, "x": 382, "size": 3, "id": "BuildingToy_1", "label": "BuildingToy"}, {"y": 306, "x": 489, "size": 3, "id": "Pillow_0", "label": "Pillow"}, {"y": 329, "x": 217, "size": 3, "id": "Pillow_1", "label": "Pillow"}], "edges": [{"source": "Doll19_0", "label": "belowC", "id": 8, "target": "CoffeeTable_0"}, {"source": "Rug_0", "label": "surrounds", "id": 11, "target": "Doll19_0"}, {"source": "Doll19_0", "label": "beside", "id": 13, "target": "BuildingToy_0"}, {"source": "Doll19_0", "label": "beside", "id": 14, "target": "BuildingToy_1"}, {"source": "Doll19_0", "label": "beside", "id": 15, "target": "Pillow_0"}, {"source": "Doll20_0", "label": "on", "id": 27, "target": "Rug_0"}, {"source": "Doll20_0", "label": "beside", "id": 29, "target": "BuildingToy_0"}, {"source": "Doll20_0", "label": "beside", "id": 32, "target": "Pillow_1"}, {"source": "CoffeeTable_0", "label": "aboveC", "id": 119, "target": "Rug_0"}, {"source": "Pillow_0", "label": "on", "id": 123, "target": "CoffeeTable_0"}, {"source": "Rug_0", "label": "surrounds", "id": 139, "target": "BuildingToy_0"}, {"source": "Rug_0", "label": "surrounds", "id": 141, "target": "Pillow_0"}]}