{"nodes": [{"y": 202, "x": 648, "size": 3, "id": "Doll12_0", "label": "person"}, {"y": 179, "x": 563, "size": 3, "id": "Chipmunk_0", "label": "Chipmunk"}, {"y": 326, "x": 65, "size": 3, "id": "Racoon_0", "label": "Racoon"}, {"y": 128, "x": 121, "size": 1, "id": "monkeybars_0", "label": "monkeybars"}, {"y": 61, "x": 633, "size": 3, "id": "sun_0", "label": "sun"}, {"y": 70, "x": 571, "size": 1, "id": "cloud_0", "label": "cloud"}, {"y": 179, "x": 317, "size": 3, "id": "slide_0", "label": "slide"}, {"y": 311, "x": 521, "size": 3, "id": "sidewalk_0", "label": "sidewalk"}, {"y": 134, "x": 438, "size": 1, "id": "bush_0", "label": "bush"}], "edges": [{"source": "Doll12_0", "label": "near", "id": 6, "target": "sidewalk_0"}]}