{"nodes": [{"y": 92, "x": 548, "size": 1, "id": "Doll05_0", "label": "person"}, {"y": 236, "x": 229, "size": 2, "id": "Doll06_0", "label": "person"}, {"y": 28, "x": 30, "size": 1, "id": "sun_0", "label": "sun"}, {"y": 342, "x": 148, "size": 1, "id": "sidewalk_0", "label": "sidewalk"}, {"y": 173, "x": 641, "size": 2, "id": "grill_0", "label": "grill"}, {"y": 280, "x": 303, "size": 5, "id": "blanket_0", "label": "blanket"}, {"y": 39, "x": 79, "size": 2, "id": "cloud_0", "label": "cloud"}, {"y": 36, "x": 639, "size": 3, "id": "cloud_1", "label": "cloud"}, {"y": 198, "x": 48, "size": 1, "id": "bench_0", "label": "bench"}, {"y": 116, "x": 623, "size": 5, "id": "utensil_0", "label": "utensil"}, {"y": 266, "x": 359, "size": 3, "id": "watermelon_0", "label": "watermelon"}, {"y": 127, "x": 632, "size": 3, "id": "steak_0", "label": "steak"}, {"y": 129, "x": 656, "size": 3, "id": "steak_1", "label": "steak"}, {"y": 266, "x": 313, "size": 5, "id": "flower_0", "label": "flower"}, {"y": 234, "x": 297, "size": 5, "id": "wine_0", "label": "wine"}, {"y": 207, "x": 330, "size": 1, "id": "basket_0", "label": "basket"}], "edges": [{"source": "Doll05_0", "label": "opposite", "id": 0, "target": "Doll06_0"}, {"source": "Doll05_0", "label": "near", "id": 3, "target": "grill_0"}, {"source": "Doll05_0", "label": "near_behind", "id": 10, "target": "steak_0"}, {"source": "Doll05_0", "label": "near_behind", "id": 11, "target": "steak_1"}, {"source": "Doll06_0", "label": "above", "id": 16, "target": "sidewalk_0"}, {"source": "Doll06_0", "label": "near", "id": 23, "target": "watermelon_0"}, {"source": "Doll06_0", "label": "near_behind", "id": 27, "target": "wine_0"}, {"source": "sun_0", "label": "on", "id": 32, "target": "cloud_0"}, {"source": "steak_0", "label": "on", "id": 60, "target": "grill_0"}, {"source": "grill_0", "label": "surrounds", "id": 61, "target": "steak_1"}, {"source": "blanket_0", "label": "surrounds", "id": 69, "target": "watermelon_0"}, {"source": "blanket_0", "label": "surrounds", "id": 72, "target": "flower_0"}, {"source": "wine_0", "label": "on", "id": 73, "target": "blanket_0"}, {"source": "steak_0", "label": "beside", "id": 110, "target": "steak_1"}]}