{"nodes": [{"y": 175, "x": 318, "size": 3, "id": "Doll02_0", "label": "person"}, {"y": 323, "x": 609, "size": 3, "id": "Koi_0", "label": "Koi"}, {"y": 222, "x": 267, "size": 5, "id": "Kitten02_0", "label": "Kitten"}, {"y": 381, "x": 205, "size": 1, "id": "Racoon_0", "label": "Racoon"}, {"y": 137, "x": 661, "size": 3, "id": "Robin_0", "label": "Robin"}, {"y": 39, "x": 232, "size": 3, "id": "Robin_1", "label": "Robin"}, {"y": 94, "x": 543, "size": 3, "id": "Bee_0", "label": "Bee"}, {"y": 71, "x": 500, "size": 3, "id": "Bee_1", "label": "Bee"}, {"y": 80, "x": 558, "size": 3, "id": "Bee_2", "label": "Bee"}, {"y": 82, "x": 528, "size": 3, "id": "Bee_3", "label": "Bee"}, {"y": 87, "x": 501, "size": 3, "id": "Bee_4", "label": "Bee"}, {"y": 220, "x": 461, "size": 3, "id": "Dog02_0", "label": "Dog"}, {"y": 72, "x": 376, "size": 3, "id": "cloud_0", "label": "cloud"}, {"y": 333, "x": 590, "size": 3, "id": "pond_0", "label": "pond"}, {"y": 246, "x": 93, "size": 5, "id": "tree_0", "label": "tree"}, {"y": 122, "x": 594, "size": 1, "id": "tree_1", "label": "tree"}, {"y": 228, "x": 297, "size": 3, "id": "bench_0", "label": "bench"}, {"y": 261, "x": 103, "size": 5, "id": "nest_0", "label": "nest"}, {"y": 54, "x": 524, "size": 3, "id": "beehive_0", "label": "beehive"}], "edges": [{"source": "Doll02_0", "label": "near_behind", "id": 1, "target": "Kitten02_0"}, {"source": "Doll02_0", "label": "near", "id": 10, "target": "Dog02_0"}, {"source": "Doll02_0", "label": "on", "id": 15, "target": "bench_0"}, {"source": "pond_0", "label": "surrounds", "id": 29, "target": "Koi_0"}, {"source": "bench_0", "label": "surrounds", "id": 48, "target": "Kitten02_0"}, {"source": "tree_1", "label": "surrounds", "id": 76, "target": "Robin_0"}, {"source": "Bee_0", "label": "beside", "id": 93, "target": "Bee_1"}, {"source": "Bee_0", "label": "beside", "id": 94, "target": "Bee_2"}, {"source": "Bee_0", "label": "beside", "id": 95, "target": "Bee_3"}, {"source": "Bee_0", "label": "beside", "id": 96, "target": "Bee_4"}, {"source": "Bee_0", "label": "above", "id": 97, "target": "Dog02_0"}, {"source": "tree_1", "label": "surrounds", "id": 101, "target": "Bee_0"}, {"source": "Bee_0", "label": "belowC", "id": 104, "target": "beehive_0"}, {"source": "Bee_1", "label": "beside", "id": 105, "target": "Bee_2"}, {"source": "Bee_1", "label": "beside", "id": 106, "target": "Bee_3"}, {"source": "Bee_1", "label": "aboveC", "id": 107, "target": "Bee_4"}, {"source": "Bee_1", "label": "above", "id": 108, "target": "Dog02_0"}, {"source": "tree_1", "label": "surrounds", "id": 112, "target": "Bee_1"}, {"source": "Bee_2", "label": "beside", "id": 116, "target": "Bee_3"}, {"source": "Bee_2", "label": "beside", "id": 117, "target": "Bee_4"}, {"source": "Bee_2", "label": "above", "id": 118, "target": "Dog02_0"}, {"source": "tree_1", "label": "surrounds", "id": 122, "target": "Bee_2"}, {"source": "Bee_3", "label": "beside", "id": 126, "target": "Bee_4"}, {"source": "Bee_3", "label": "above", "id": 127, "target": "Dog02_0"}, {"source": "tree_1", "label": "surrounds", "id": 131, "target": "Bee_3"}, {"source": "Bee_3", "label": "belowC", "id": 134, "target": "beehive_0"}, {"source": "Bee_4", "label": "above", "id": 135, "target": "Dog02_0"}, {"source": "tree_1", "label": "surrounds", "id": 139, "target": "Bee_4"}, {"source": "Bee_4", "label": "belowC", "id": 142, "target": "beehive_0"}, {"source": "tree_0", "label": "surrounds", "id": 163, "target": "nest_0"}, {"source": "tree_1", "label": "surrounds", "id": 167, "target": "beehive_0"}]}