{"nodes": [{"y": 173, "x": 428, "size": 3, "id": "Doll14_0", "label": "person"}, {"y": 287, "x": 403, "size": 3, "id": "Doll17_0", "label": "person"}, {"y": 230, "x": 568, "size": 3, "id": "Doll11_0", "label": "person"}, {"y": 63, "x": 361, "size": 5, "id": "Picture_0", "label": "Picture"}, {"y": 218, "x": 121, "size": 5, "id": "TV_0", "label": "TV"}, {"y": 277, "x": 583, "size": 3, "id": "Chair01_0", "label": "Chair"}, {"y": 98, "x": 605, "size": 3, "id": "Window05_0", "label": "Window"}, {"y": 90, "x": 109, "size": 3, "id": "Window05_1", "label": "Window"}, {"y": 207, "x": 360, "size": 3, "id": "Couch_0", "label": "Couch"}, {"y": 302, "x": 120, "size": 3, "id": "Endtable_0", "label": "Endtable"}, {"y": 334, "x": 366, "size": 3, "id": "Rug_0", "label": "Rug"}], "edges": [{"source": "Doll14_0", "label": "aboveC", "id": 0, "target": "Doll17_0"}, {"source": "Doll14_0", "label": "near", "id": 1, "target": "Doll11_0"}, {"source": "Couch_0", "label": "surrounds", "id": 7, "target": "Doll14_0"}, {"source": "Doll14_0", "label": "above", "id": 9, "target": "Rug_0"}, {"source": "Doll17_0", "label": "near", "id": 10, "target": "Doll11_0"}, {"source": "Doll17_0", "label": "near_behind", "id": 12, "target": "TV_0"}, {"source": "Doll17_0", "label": "near", "id": 13, "target": "Chair01_0"}, {"source": "Doll17_0", "label": "on", "id": 16, "target": "Couch_0"}, {"source": "Doll17_0", "label": "aboveC", "id": 18, "target": "Rug_0"}, {"source": "Doll11_0", "label": "on", "id": 21, "target": "Chair01_0"}, {"source": "Doll11_0", "label": "belowC", "id": 22, "target": "Window05_0"}, {"source": "Doll11_0", "label": "near", "id": 24, "target": "Couch_0"}, {"source": "Couch_0", "label": "aboveC", "id": 53, "target": "Rug_0"}]}