{"nodes": [{"y": 180, "x": 333, "size": 3, "id": "Squirrel_0", "label": "Squirrel"}, {"y": 34, "x": 607, "size": 3, "id": "sun_0", "label": "sun"}, {"y": 54, "x": 16, "size": 3, "id": "tree_0", "label": "tree"}, {"y": 72, "x": 444, "size": 3, "id": "tree_1", "label": "tree"}, {"y": 28, "x": 365, "size": 3, "id": "cloud_0", "label": "cloud"}, {"y": 156, "x": 167, "size": 3, "id": "monkeybars_0", "label": "monkeybars"}, {"y": 142, "x": 392, "size": 3, "id": "bush_0", "label": "bush"}, {"y": 300, "x": 634, "size": 3, "id": "bush_1", "label": "bush"}, {"y": 188, "x": 530, "size": 2, "id": "slide_0", "label": "slide"}, {"y": 318, "x": 69, "size": 3, "id": "flower_0", "label": "flower"}, {"y": 331, "x": 417, "size": 3, "id": "flower_1", "label": "flower"}], "edges": [{"source": "sun_0", "label": "above", "id": 16, "target": "slide_0"}]}