{"nodes": [{"y": 212, "x": 202, "size": 3, "id": "Doll05_0", "label": "person"}, {"y": 255, "x": 454, "size": 3, "id": "Plant_0", "label": "Plant"}, {"y": 317, "x": 639, "size": 3, "id": "Desk_0", "label": "Desk"}, {"y": 77, "x": 422, "size": 3, "id": "Picture_0", "label": "Picture"}, {"y": 79, "x": 288, "size": 3, "id": "Picture_1", "label": "Picture"}, {"y": 163, "x": 670, "size": 3, "id": "Door_0", "label": "Door"}, {"y": 225, "x": 648, "size": 3, "id": "TV_0", "label": "TV"}, {"y": 258, "x": 197, "size": 3, "id": "Couch_0", "label": "Couch"}], "edges": [{"source": "Doll05_0", "label": "near", "id": 0, "target": "Plant_0"}, {"source": "Doll05_0", "label": "on", "id": 6, "target": "Couch_0"}, {"source": "Desk_0", "label": "belowC", "id": 16, "target": "TV_0"}, {"source": "Door_0", "label": "aboveC", "id": 25, "target": "TV_0"}]}