{"nodes": [{"y": 218, "x": 203, "size": 3, "id": "Doll06_0", "label": "person"}, {"y": 213, "x": 536, "size": 3, "id": "Doll12_0", "label": "person"}, {"y": 281, "x": 111, "size": 3, "id": "Kitten01_0", "label": "Kitten"}, {"y": 289, "x": 627, "size": 3, "id": "Footstool_0", "label": "Footstool"}, {"y": 317, "x": 362, "size": 3, "id": "DiningTable_0", "label": "DiningTable"}, {"y": 225, "x": 627, "size": 3, "id": "Plant_0", "label": "Plant"}, {"y": 314, "x": 78, "size": 3, "id": "Yarn_0", "label": "Yarn"}, {"y": 227, "x": 205, "size": 3, "id": "Game_0", "label": "Game"}, {"y": 238, "x": 303, "size": 3, "id": "wine_0", "label": "wine"}, {"y": 269, "x": 304, "size": 3, "id": "wine_1", "label": "wine"}, {"y": 196, "x": 544, "size": 3, "id": "wine_2", "label": "wine"}, {"y": 281, "x": 418, "size": 3, "id": "cup_0", "label": "cup"}, {"y": 257, "x": 364, "size": 3, "id": "teaset_0", "label": "teaset"}], "edges": [{"source": "Doll06_0", "label": "opposite", "id": 0, "target": "Doll12_0"}, {"source": "Doll06_0", "label": "beside", "id": 1, "target": "Kitten01_0"}, {"source": "Doll06_0", "label": "aboveC", "id": 6, "target": "Game_0"}, {"source": "Doll06_0", "label": "beside", "id": 7, "target": "wine_0"}, {"source": "Doll12_0", "label": "beside", "id": 15, "target": "Plant_0"}, {"source": "Doll12_0", "label": "belowC", "id": 20, "target": "wine_2"}, {"source": "Footstool_0", "label": "belowC", "id": 34, "target": "Plant_0"}, {"source": "wine_0", "label": "aboveC", "id": 45, "target": "DiningTable_0"}, {"source": "DiningTable_0", "label": "surrounds", "id": 46, "target": "wine_1"}, {"source": "DiningTable_0", "label": "surrounds", "id": 48, "target": "cup_0"}, {"source": "teaset_0", "label": "on", "id": 49, "target": "DiningTable_0"}, {"source": "wine_0", "label": "aboveC", "id": 68, "target": "wine_1"}]}