{"nodes": [{"y": 298, "x": 323, "size": 3, "id": "Doll19_0", "label": "person"}, {"y": 194, "x": 565, "size": 3, "id": "Doll02_0", "label": "person"}, {"y": 177, "x": 202, "size": 3, "id": "Doll05_0", "label": "person"}, {"y": 111, "x": 364, "size": 3, "id": "Window03_0", "label": "Window"}, {"y": 160, "x": 572, "size": 3, "id": "Door_0", "label": "Door"}, {"y": 174, "x": 59, "size": 3, "id": "Bookshelf_0", "label": "Bookshelf"}, {"y": 297, "x": 276, "size": 3, "id": "DishesMeal_0", "label": "DishesMeal"}], "edges": [{"source": "Doll19_0", "label": "near", "id": 0, "target": "Doll02_0"}, {"source": "Doll19_0", "label": "below", "id": 1, "target": "Doll05_0"}, {"source": "Doll19_0", "label": "near", "id": 4, "target": "Bookshelf_0"}, {"source": "Doll19_0", "label": "beside", "id": 5, "target": "DishesMeal_0"}, {"source": "Doll02_0", "label": "near", "id": 6, "target": "Doll05_0"}, {"source": "Doll02_0", "label": "on", "id": 8, "target": "Door_0"}, {"source": "Doll05_0", "label": "beside", "id": 13, "target": "Bookshelf_0"}, {"source": "Doll05_0", "label": "aboveC", "id": 14, "target": "DishesMeal_0"}]}