{"nodes": [{"y": 330, "x": 498, "size": 3, "id": "Doll17_0", "label": "person"}, {"y": 306, "x": 547, "size": 2, "id": "Dog02_0", "label": "Dog"}, {"y": 83, "x": 356, "size": 5, "id": "Picture_0", "label": "Picture"}, {"y": 143, "x": 188, "size": 5, "id": "Picture_1", "label": "Picture"}, {"y": 140, "x": 519, "size": 5, "id": "Picture_2", "label": "Picture"}, {"y": 87, "x": 660, "size": 5, "id": "Picture_3", "label": "Picture"}, {"y": 88, "x": 37, "size": 5, "id": "Picture_4", "label": "Picture"}, {"y": 257, "x": 327, "size": 3, "id": "Chair02_0", "label": "Chair"}, {"y": 272, "x": 492, "size": 3, "id": "Doll_0", "label": "Doll"}, {"y": 237, "x": 323, "size": 3, "id": "Pillow_0", "label": "Pillow"}], "edges": [{"source": "Doll17_0", "label": "beside", "id": 0, "target": "Dog02_0"}, {"source": "Doll17_0", "label": "belowC", "id": 7, "target": "Doll_0"}, {"source": "Chair02_0", "label": "surrounds", "id": 43, "target": "Pillow_0"}]}