{"nodes": [{"y": 162, "x": 537, "size": 3, "id": "Doll05_0", "label": "person"}, {"y": 241, "x": 165, "size": 3, "id": "Pigeon_0", "label": "Pigeon"}, {"y": 149, "x": 599, "size": 3, "id": "tree_0", "label": "tree"}, {"y": 338, "x": 185, "size": 3, "id": "sidewalk_0", "label": "sidewalk"}, {"y": 37, "x": 61, "size": 3, "id": "sun_0", "label": "sun"}, {"y": 222, "x": 424, "size": 3, "id": "grill_0", "label": "grill"}], "edges": [{"source": "tree_0", "label": "surrounds", "id": 1, "target": "Doll05_0"}, {"source": "Doll05_0", "label": "near", "id": 4, "target": "grill_0"}]}