{"nodes": [{"y": 139, "x": 175, "size": 3, "id": "Doll15_0", "label": "person"}, {"y": 143, "x": 499, "size": 3, "id": "Doll17_0", "label": "person"}, {"y": 83, "x": 587, "size": 1, "id": "Bluejay_0", "label": "Bluejay"}, {"y": 165, "x": 427, "size": 2, "id": "Bluejay_1", "label": "Bluejay"}, {"y": 351, "x": 680, "size": 3, "id": "Rabbit_0", "label": "Rabbit"}, {"y": 261, "x": 622, "size": 3, "id": "bike_0", "label": "bike"}, {"y": 266, "x": 695, "size": 3, "id": "bike_1", "label": "bike"}, {"y": 28, "x": 196, "size": 3, "id": "sun_0", "label": "sun"}, {"y": 143, "x": 672, "size": 3, "id": "bush_0", "label": "bush"}, {"y": 142, "x": 495, "size": 2, "id": "bush_1", "label": "bush"}, {"y": 159, "x": 599, "size": 3, "id": "bush_2", "label": "bush"}, {"y": 210, "x": 235, "size": 3, "id": "soccer_0", "label": "soccer"}], "edges": [{"source": "Doll15_0", "label": "opposite", "id": 0, "target": "Doll17_0"}, {"source": "Doll15_0", "label": "above", "id": 10, "target": "soccer_0"}, {"source": "Doll17_0", "label": "beside", "id": 12, "target": "Bluejay_1"}, {"source": "Doll17_0", "label": "on", "id": 18, "target": "bush_1"}, {"source": "bush_1", "label": "surrounds", "id": 35, "target": "Bluejay_1"}]}