{"nodes": [{"y": 183, "x": 471, "size": 4, "id": "Doll09_0", "label": "person"}, {"y": 270, "x": 229, "size": 5, "id": "Doll06_0", "label": "person"}, {"y": 236, "x": 168, "size": 5, "id": "slide_0", "label": "slide"}, {"y": 248, "x": 500, "size": 3, "id": "seesaw_0", "label": "seesaw"}, {"y": 366, "x": 38, "size": 3, "id": "sidewalk_0", "label": "sidewalk"}, {"y": 101, "x": 304, "size": 1, "id": "tree_0", "label": "tree"}], "edges": [{"source": "Doll09_0", "label": "opposite", "id": 0, "target": "Doll06_0"}, {"source": "Doll09_0", "label": "on", "id": 2, "target": "seesaw_0"}, {"source": "Doll06_0", "label": "on", "id": 5, "target": "slide_0"}]}