{"nodes": [{"y": 176, "x": 53, "size": 1, "id": "Doll13_0", "label": "person"}, {"y": 227, "x": 144, "size": 1, "id": "grill_0", "label": "grill"}, {"y": 6, "x": 261, "size": 3, "id": "sun_0", "label": "sun"}, {"y": 234, "x": 475, "size": 3, "id": "blanket_0", "label": "blanket"}, {"y": 267, "x": 580, "size": 3, "id": "blanket_1", "label": "blanket"}, {"y": 246, "x": 620, "size": 3, "id": "football_0", "label": "football"}, {"y": 282, "x": 541, "size": 3, "id": "skateboard_0", "label": "skateboard"}, {"y": 195, "x": 471, "size": 3, "id": "basket_0", "label": "basket"}, {"y": 208, "x": 524, "size": 3, "id": "basket_1", "label": "basket"}, {"y": 248, "x": 575, "size": 3, "id": "jumprope_0", "label": "jumprope"}], "edges": [{"source": "Doll13_0", "label": "near", "id": 0, "target": "grill_0"}, {"source": "basket_0", "label": "on", "id": 27, "target": "blanket_0"}, {"source": "basket_1", "label": "on", "id": 28, "target": "blanket_0"}, {"source": "jumprope_0", "label": "on", "id": 29, "target": "blanket_0"}, {"source": "blanket_1", "label": "surrounds", "id": 30, "target": "football_0"}, {"source": "blanket_1", "label": "surrounds", "id": 31, "target": "skateboard_0"}, {"source": "blanket_1", "label": "surrounds", "id": 34, "target": "jumprope_0"}, {"source": "skateboard_0", "label": "belowC", "id": 40, "target": "basket_1"}]}