{"nodes": [{"y": 138, "x": 119, "size": 3, "id": "Doll11_0", "label": "person"}, {"y": 96, "x": 404, "size": 1, "id": "Doll12_0", "label": "person"}, {"y": 162, "x": 585, "size": 3, "id": "Doll06_0", "label": "person"}, {"y": 366, "x": 68, "size": 5, "id": "blanket_0", "label": "blanket"}, {"y": 39, "x": 673, "size": 3, "id": "sun_0", "label": "sun"}, {"y": 344, "x": 146, "size": 3, "id": "cup_0", "label": "cup"}, {"y": 374, "x": 126, "size": 3, "id": "cup_1", "label": "cup"}, {"y": 358, "x": 173, "size": 3, "id": "cup_2", "label": "cup"}, {"y": 323, "x": 37, "size": 3, "id": "basket_0", "label": "basket"}, {"y": 42, "x": 292, "size": 3, "id": "frisbee_0", "label": "frisbee"}, {"y": 351, "x": 105, "size": 3, "id": "plate_0", "label": "plate"}, {"y": 370, "x": 96, "size": 3, "id": "plate_1", "label": "plate"}, {"y": 374, "x": 56, "size": 3, "id": "plate_2", "label": "plate"}, {"y": 370, "x": 54, "size": 3, "id": "hotdog_0", "label": "hotdog"}], "edges": [{"source": "Doll11_0", "label": "opposite", "id": 1, "target": "Doll06_0"}, {"source": "Doll06_0", "label": "below", "id": 26, "target": "sun_0"}, {"source": "blanket_0", "label": "surrounds", "id": 37, "target": "cup_0"}, {"source": "blanket_0", "label": "surrounds", "id": 38, "target": "cup_1"}, {"source": "blanket_0", "label": "surrounds", "id": 39, "target": "cup_2"}, {"source": "blanket_0", "label": "surrounds", "id": 42, "target": "plate_0"}, {"source": "blanket_0", "label": "surrounds", "id": 43, "target": "plate_1"}, {"source": "blanket_0", "label": "surrounds", "id": 44, "target": "plate_2"}, {"source": "blanket_0", "label": "surrounds", "id": 45, "target": "hotdog_0"}, {"source": "cup_0", "label": "aboveC", "id": 55, "target": "cup_1"}, {"source": "cup_1", "label": "belowC", "id": 66, "target": "plate_0"}, {"source": "basket_0", "label": "aboveC", "id": 79, "target": "plate_2"}, {"source": "basket_0", "label": "aboveC", "id": 80, "target": "hotdog_0"}, {"source": "plate_0", "label": "aboveC", "id": 85, "target": "plate_1"}, {"source": "plate_2", "label": "on", "id": 90, "target": "hotdog_0"}]}