{"nodes": [{"y": 227, "x": 89, "size": 3, "id": "Doll06_0", "label": "person"}, {"y": 268, "x": 533, "size": 3, "id": "Doll14_0", "label": "person"}, {"y": 291, "x": 629, "size": 3, "id": "Cat02_0", "label": "Cat"}, {"y": 162, "x": 542, "size": 3, "id": "Window02_0", "label": "Window"}, {"y": 145, "x": 42, "size": 3, "id": "Plant_0", "label": "Plant"}, {"y": 326, "x": 368, "size": 3, "id": "Footstool_0", "label": "Footstool"}, {"y": 347, "x": 376, "size": 3, "id": "Rug_0", "label": "Rug"}, {"y": 298, "x": 212, "size": 3, "id": "Chair01_0", "label": "Chair"}, {"y": 300, "x": 539, "size": 3, "id": "Chair01_1", "label": "Chair"}, {"y": 239, "x": 92, "size": 3, "id": "Desk_0", "label": "Desk"}, {"y": 134, "x": 116, "size": 3, "id": "Picture_0", "label": "Picture"}, {"y": 103, "x": 354, "size": 3, "id": "Picture_1", "label": "Picture"}, {"y": 213, "x": 357, "size": 3, "id": "Fireplace_0", "label": "Fireplace"}, {"y": 216, "x": 144, "size": 3, "id": "teaset_0", "label": "teaset"}], "edges": [{"source": "Doll06_0", "label": "opposite", "id": 0, "target": "Doll14_0"}, {"source": "Doll06_0", "label": "belowC", "id": 3, "target": "Plant_0"}, {"source": "Doll06_0", "label": "near", "id": 6, "target": "Chair01_0"}, {"source": "Doll06_0", "label": "aboveC", "id": 8, "target": "Desk_0"}, {"source": "Doll06_0", "label": "belowC", "id": 9, "target": "Picture_0"}, {"source": "Doll06_0", "label": "beside", "id": 12, "target": "teaset_0"}, {"source": "Doll14_0", "label": "beside", "id": 13, "target": "Cat02_0"}, {"source": "Doll14_0", "label": "belowC", "id": 14, "target": "Window02_0"}, {"source": "Doll14_0", "label": "on", "id": 19, "target": "Chair01_1"}, {"source": "Plant_0", "label": "aboveC", "id": 50, "target": "Desk_0"}, {"source": "Footstool_0", "label": "on", "id": 55, "target": "Rug_0"}, {"source": "teaset_0", "label": "aboveC", "id": 75, "target": "Chair01_0"}, {"source": "Desk_0", "label": "belowC", "id": 81, "target": "Picture_0"}, {"source": "teaset_0", "label": "on", "id": 84, "target": "Desk_0"}, {"source": "teaset_0", "label": "belowC", "id": 87, "target": "Picture_0"}, {"source": "Picture_1", "label": "aboveC", "id": 88, "target": "Fireplace_0"}]}