{"nodes": [{"y": 266, "x": 139, "size": 3, "id": "Doll12_0", "label": "person"}, {"y": 323, "x": 221, "size": 3, "id": "Doll13_0", "label": "person"}, {"y": 25, "x": 45, "size": 3, "id": "sun_0", "label": "sun"}, {"y": 148, "x": 550, "size": 3, "id": "tree_0", "label": "tree"}, {"y": 64, "x": 343, "size": 3, "id": "cloud_0", "label": "cloud"}, {"y": 298, "x": 163, "size": 5, "id": "blanket_0", "label": "blanket"}, {"y": 249, "x": 464, "size": 3, "id": "grill_0", "label": "grill"}, {"y": 62, "x": 554, "size": 3, "id": "nest_0", "label": "nest"}], "edges": [{"source": "Doll12_0", "label": "near", "id": 0, "target": "Doll13_0"}, {"source": "Doll12_0", "label": "above_behind", "id": 4, "target": "blanket_0"}, {"source": "Doll13_0", "label": "near_behind", "id": 10, "target": "blanket_0"}, {"source": "tree_0", "label": "surrounds", "id": 21, "target": "nest_0"}]}