{"nodes": [{"y": 233, "x": 582, "size": 3, "id": "Doll14_0", "label": "person"}, {"y": 315, "x": 193, "size": 3, "id": "Doll13_0", "label": "person"}, {"y": 323, "x": 538, "size": 3, "id": "sidewalk_0", "label": "sidewalk"}, {"y": 180, "x": 587, "size": 3, "id": "bush_0", "label": "bush"}, {"y": 180, "x": 193, "size": 3, "id": "bush_1", "label": "bush"}, {"y": 37, "x": 424, "size": 3, "id": "cloud_0", "label": "cloud"}, {"y": 40, "x": 168, "size": 3, "id": "cloud_1", "label": "cloud"}, {"y": 45, "x": 616, "size": 3, "id": "cloud_2", "label": "cloud"}, {"y": 285, "x": 382, "size": 3, "id": "bike_0", "label": "bike"}], "edges": [{"source": "Doll14_0", "label": "opposite", "id": 0, "target": "Doll13_0"}, {"source": "Doll14_0", "label": "above", "id": 1, "target": "sidewalk_0"}, {"source": "Doll14_0", "label": "belowC", "id": 2, "target": "bush_0"}]}