{"nodes": [{"y": 166, "x": 176, "size": 3, "id": "Doll03_0", "label": "person"}, {"y": 345, "x": 663, "size": 3, "id": "bush_0", "label": "bush"}, {"y": 366, "x": 61, "size": 3, "id": "bush_1", "label": "bush"}, {"y": 47, "x": 340, "size": 4, "id": "cloud_0", "label": "cloud"}, {"y": 36, "x": 511, "size": 1, "id": "cloud_1", "label": "cloud"}, {"y": 37, "x": 185, "size": 3, "id": "cloud_2", "label": "cloud"}, {"y": 320, "x": 184, "size": 3, "id": "sidewalk_0", "label": "sidewalk"}, {"y": 59, "x": 66, "size": 1, "id": "sun_0", "label": "sun"}, {"y": 117, "x": 622, "size": 3, "id": "tree_0", "label": "tree"}, {"y": 231, "x": 511, "size": 3, "id": "bench_0", "label": "bench"}, {"y": 339, "x": 162, "size": 5, "id": "skateboard_0", "label": "skateboard"}], "edges": [{"source": "Doll03_0", "label": "above", "id": 5, "target": "sidewalk_0"}, {"source": "bush_1", "label": "on", "id": 22, "target": "sidewalk_0"}, {"source": "sidewalk_0", "label": "surrounds", "id": 48, "target": "skateboard_0"}]}