{"nodes": [{"y": 291, "x": 342, "size": 3, "id": "Doll15_0", "label": "person"}, {"y": 130, "x": 599, "size": 3, "id": "Window05_0", "label": "Window"}, {"y": 139, "x": 129, "size": 3, "id": "Window05_1", "label": "Window"}, {"y": 224, "x": 627, "size": 3, "id": "CoatRack_0", "label": "CoatRack"}, {"y": 76, "x": 354, "size": 3, "id": "Picture_0", "label": "Picture"}, {"y": 176, "x": 356, "size": 3, "id": "Picture_1", "label": "Picture"}, {"y": 346, "x": 354, "size": 3, "id": "Rug_0", "label": "Rug"}], "edges": [{"source": "Doll15_0", "label": "near", "id": 0, "target": "Window05_0"}, {"source": "Doll15_0", "label": "near", "id": 1, "target": "Window05_1"}, {"source": "Doll15_0", "label": "near", "id": 2, "target": "CoatRack_0"}, {"source": "Doll15_0", "label": "below", "id": 3, "target": "Picture_0"}, {"source": "Doll15_0", "label": "belowC", "id": 4, "target": "Picture_1"}, {"source": "Doll15_0", "label": "aboveC", "id": 5, "target": "Rug_0"}, {"source": "Window05_0", "label": "aboveC", "id": 7, "target": "CoatRack_0"}, {"source": "Picture_0", "label": "aboveC", "id": 18, "target": "Picture_1"}, {"source": "Picture_0", "label": "above", "id": 19, "target": "Rug_0"}, {"source": "Picture_1", "label": "above", "id": 20, "target": "Rug_0"}]}