{"nodes": [{"y": 297, "x": 410, "size": 3, "id": "Doll10_0", "label": "person"}, {"y": 318, "x": 424, "size": 3, "id": "Kitten02_0", "label": "Kitten"}, {"y": 329, "x": 610, "size": 3, "id": "Cat02_0", "label": "Cat"}, {"y": 323, "x": 264, "size": 3, "id": "Rug_0", "label": "Rug"}, {"y": 295, "x": 157, "size": 1, "id": "Sofa_0", "label": "Sofa"}, {"y": 364, "x": 278, "size": 3, "id": "Footstool_0", "label": "Footstool"}, {"y": 93, "x": 88, "size": 3, "id": "Picture_0", "label": "Picture"}, {"y": 95, "x": 182, "size": 3, "id": "Picture_1", "label": "Picture"}, {"y": 96, "x": 296, "size": 3, "id": "Picture_2", "label": "Picture"}, {"y": 99, "x": 409, "size": 3, "id": "Picture_3", "label": "Picture"}, {"y": 228, "x": 410, "size": 1, "id": "Fireplace_0", "label": "Fireplace"}, {"y": 257, "x": 225, "size": 3, "id": "Pillow_0", "label": "Pillow"}, {"y": 266, "x": 96, "size": 3, "id": "Pillow_1", "label": "Pillow"}, {"y": 335, "x": 612, "size": 3, "id": "PetBed_0", "label": "PetBed"}], "edges": [{"source": "Doll10_0", "label": "aboveC", "id": 0, "target": "Kitten02_0"}, {"source": "Doll10_0", "label": "near", "id": 1, "target": "Cat02_0"}, {"source": "Kitten02_0", "label": "near", "id": 13, "target": "Cat02_0"}, {"source": "Rug_0", "label": "surrounds", "id": 14, "target": "Kitten02_0"}, {"source": "PetBed_0", "label": "surrounds", "id": 35, "target": "Cat02_0"}, {"source": "Rug_0", "label": "aboveC", "id": 37, "target": "Footstool_0"}, {"source": "Pillow_0", "label": "aboveC", "id": 43, "target": "Rug_0"}, {"source": "Sofa_0", "label": "surrounds", "id": 52, "target": "Pillow_0"}, {"source": "Sofa_0", "label": "surrounds", "id": 53, "target": "Pillow_1"}]}