{"nodes": [{"y": 249, "x": 301, "size": 3, "id": "Doll16_0", "label": "person"}, {"y": 193, "x": 497, "size": 3, "id": "Doll17_0", "label": "person"}, {"y": 102, "x": 204, "size": 5, "id": "Picture_0", "label": "Picture"}, {"y": 248, "x": 153, "size": 3, "id": "Plant_0", "label": "Plant"}, {"y": 366, "x": 669, "size": 3, "id": "Yarn_0", "label": "Yarn"}, {"y": 283, "x": 593, "size": 3, "id": "Dollhouse_0", "label": "Dollhouse"}, {"y": 306, "x": 438, "size": 3, "id": "Book_0", "label": "Book"}, {"y": 314, "x": 452, "size": 3, "id": "Book_1", "label": "Book"}, {"y": 315, "x": 110, "size": 3, "id": "Doll_0", "label": "Doll"}, {"y": 333, "x": 76, "size": 3, "id": "Doll_1", "label": "Doll"}, {"y": 352, "x": 154, "size": 3, "id": "Doll_2", "label": "Doll"}], "edges": [{"source": "Doll16_0", "label": "near", "id": 0, "target": "Doll17_0"}, {"source": "Doll16_0", "label": "beside", "id": 2, "target": "Plant_0"}, {"source": "Doll16_0", "label": "near", "id": 4, "target": "Dollhouse_0"}, {"source": "Doll16_0", "label": "beside", "id": 5, "target": "Book_0"}, {"source": "Doll16_0", "label": "near", "id": 6, "target": "Book_1"}, {"source": "Doll16_0", "label": "near", "id": 7, "target": "Doll_0"}, {"source": "Doll16_0", "label": "near", "id": 8, "target": "Doll_1"}, {"source": "Doll16_0", "label": "near", "id": 9, "target": "Doll_2"}, {"source": "Doll17_0", "label": "above", "id": 12, "target": "Yarn_0"}, {"source": "Doll17_0", "label": "beside", "id": 13, "target": "Dollhouse_0"}, {"source": "Doll17_0", "label": "aboveC", "id": 14, "target": "Book_0"}, {"source": "Doll17_0", "label": "aboveC", "id": 15, "target": "Book_1"}, {"source": "Doll_0", "label": "belowC", "id": 31, "target": "Plant_0"}, {"source": "Doll_1", "label": "belowC", "id": 32, "target": "Plant_0"}, {"source": "Doll_2", "label": "belowC", "id": 33, "target": "Plant_0"}, {"source": "Yarn_0", "label": "belowC", "id": 34, "target": "Dollhouse_0"}, {"source": "Dollhouse_0", "label": "beside", "id": 41, "target": "Book_1"}, {"source": "Book_0", "label": "on", "id": 45, "target": "Book_1"}, {"source": "Doll_0", "label": "beside", "id": 52, "target": "Doll_1"}, {"source": "Doll_0", "label": "beside", "id": 53, "target": "Doll_2"}, {"source": "Doll_1", "label": "beside", "id": 54, "target": "Doll_2"}]}