{"nodes": [{"y": 230, "x": 336, "size": 3, "id": "Doll15_0", "label": "person"}, {"y": 314, "x": 127, "size": 3, "id": "Cat02_0", "label": "Cat"}, {"y": 66, "x": 411, "size": 3, "id": "Window05_0", "label": "Window"}, {"y": 259, "x": 568, "size": 3, "id": "Plant_0", "label": "Plant"}, {"y": 55, "x": 187, "size": 3, "id": "Picture_0", "label": "Picture"}, {"y": 76, "x": 596, "size": 3, "id": "Picture_1", "label": "Picture"}, {"y": 206, "x": 640, "size": 3, "id": "CoatRack_0", "label": "CoatRack"}], "edges": [{"source": "Doll15_0", "label": "near", "id": 0, "target": "Cat02_0"}, {"source": "Picture_1", "label": "aboveC", "id": 20, "target": "CoatRack_0"}]}