{"nodes": [{"y": 226, "x": 238, "size": 3, "id": "Doll18_0", "label": "person"}, {"y": 203, "x": 355, "size": 3, "id": "Bee_0", "label": "Bee"}, {"y": 207, "x": 299, "size": 3, "id": "Bee_1", "label": "Bee"}, {"y": 335, "x": 584, "size": 3, "id": "Turtle_0", "label": "Turtle"}, {"y": 374, "x": 658, "size": 3, "id": "Koi_0", "label": "Koi"}, {"y": 169, "x": 686, "size": 3, "id": "Squirrel_0", "label": "Squirrel"}, {"y": 73, "x": 501, "size": 3, "id": "Finch_0", "label": "Finch"}, {"y": 279, "x": 370, "size": 5, "id": "Puppy02_0", "label": "Puppy"}, {"y": 299, "x": 306, "size": 4, "id": "log_0", "label": "log"}, {"y": 379, "x": 647, "size": 3, "id": "pond_0", "label": "pond"}, {"y": 133, "x": 644, "size": 3, "id": "bush_0", "label": "bush"}, {"y": 114, "x": 75, "size": 3, "id": "bush_1", "label": "bush"}, {"y": 259, "x": 282, "size": 3, "id": "flower_0", "label": "flower"}, {"y": 252, "x": 328, "size": 3, "id": "flower_1", "label": "flower"}, {"y": 263, "x": 311, "size": 3, "id": "flower_2", "label": "flower"}, {"y": 276, "x": 244, "size": 3, "id": "flower_3", "label": "flower"}], "edges": [{"source": "Doll18_0", "label": "near", "id": 0, "target": "Bee_0"}, {"source": "Doll18_0", "label": "beside", "id": 1, "target": "Bee_1"}, {"source": "Doll18_0", "label": "opposite_behind", "id": 6, "target": "Puppy02_0"}, {"source": "Doll18_0", "label": "above", "id": 7, "target": "log_0"}, {"source": "Doll18_0", "label": "beside", "id": 11, "target": "flower_0"}, {"source": "Doll18_0", "label": "near", "id": 12, "target": "flower_1"}, {"source": "Doll18_0", "label": "near", "id": 13, "target": "flower_2"}, {"source": "Doll18_0", "label": "aboveC", "id": 14, "target": "flower_3"}, {"source": "Bee_0", "label": "beside", "id": 15, "target": "Bee_1"}, {"source": "Bee_0", "label": "above", "id": 21, "target": "log_0"}, {"source": "Bee_0", "label": "aboveC", "id": 26, "target": "flower_1"}, {"source": "Bee_0", "label": "above", "id": 27, "target": "flower_2"}, {"source": "Bee_1", "label": "above", "id": 34, "target": "log_0"}, {"source": "Bee_1", "label": "aboveC", "id": 38, "target": "flower_0"}, {"source": "Bee_1", "label": "aboveC", "id": 39, "target": "flower_1"}, {"source": "Bee_1", "label": "aboveC", "id": 40, "target": "flower_2"}, {"source": "Bee_1", "label": "above", "id": 41, "target": "flower_3"}, {"source": "Turtle_0", "label": "on", "id": 47, "target": "pond_0"}, {"source": "pond_0", "label": "surrounds", "id": 58, "target": "Koi_0"}, {"source": "Squirrel_0", "label": "on", "id": 69, "target": "bush_0"}, {"source": "Puppy02_0", "label": "on", "id": 84, "target": "log_0"}, {"source": "flower_0", "label": "aboveC", "id": 95, "target": "log_0"}, {"source": "flower_1", "label": "above", "id": 96, "target": "log_0"}, {"source": "flower_2", "label": "on", "id": 97, "target": "log_0"}, {"source": "flower_3", "label": "on", "id": 98, "target": "log_0"}, {"source": "flower_0", "label": "beside", "id": 114, "target": "flower_1"}, {"source": "flower_0", "label": "beside", "id": 115, "target": "flower_2"}, {"source": "flower_0", "label": "beside", "id": 116, "target": "flower_3"}, {"source": "flower_1", "label": "on", "id": 117, "target": "flower_2"}, {"source": "flower_2", "label": "beside", "id": 119, "target": "flower_3"}]}