{"nodes": [{"y": 242, "x": 149, "size": 4, "id": "Doll13_0", "label": "person"}, {"y": 309, "x": 492, "size": 3, "id": "Cat02_0", "label": "Cat"}, {"y": 329, "x": 393, "size": 3, "id": "Puppy02_0", "label": "Puppy"}, {"y": 135, "x": 406, "size": 5, "id": "Window02_0", "label": "Window"}, {"y": 178, "x": 607, "size": 3, "id": "Plant_0", "label": "Plant"}, {"y": 284, "x": 109, "size": 3, "id": "Couch_0", "label": "Couch"}, {"y": 274, "x": 611, "size": 3, "id": "Desk_0", "label": "Desk"}, {"y": 193, "x": 195, "size": 3, "id": "Camera_0", "label": "Camera"}], "edges": [{"source": "Doll13_0", "label": "near", "id": 0, "target": "Cat02_0"}, {"source": "Doll13_0", "label": "near", "id": 1, "target": "Puppy02_0"}, {"source": "Couch_0", "label": "surrounds", "id": 4, "target": "Doll13_0"}, {"source": "Doll13_0", "label": "belowC", "id": 6, "target": "Camera_0"}, {"source": "Cat02_0", "label": "beside", "id": 7, "target": "Puppy02_0"}, {"source": "Plant_0", "label": "aboveC", "id": 23, "target": "Desk_0"}, {"source": "Camera_0", "label": "on", "id": 26, "target": "Couch_0"}]}