{"nodes": [{"y": 175, "x": 517, "size": 3, "id": "Doll19_0", "label": "person"}, {"y": 244, "x": 586, "size": 3, "id": "Doll18_0", "label": "person"}, {"y": 208, "x": 255, "size": 3, "id": "Doll15_0", "label": "person"}, {"y": 34, "x": 652, "size": 3, "id": "Squirrel_0", "label": "Squirrel"}, {"y": 137, "x": 161, "size": 3, "id": "Butterfly01_0", "label": "Butterfly"}, {"y": 359, "x": 79, "size": 3, "id": "log_0", "label": "log"}, {"y": 57, "x": 138, "size": 3, "id": "cloud_0", "label": "cloud"}, {"y": 34, "x": 513, "size": 3, "id": "cloud_1", "label": "cloud"}, {"y": 283, "x": 129, "size": 3, "id": "bush_0", "label": "bush"}, {"y": 57, "x": 329, "size": 3, "id": "sun_0", "label": "sun"}, {"y": 136, "x": 656, "size": 3, "id": "tree_0", "label": "tree"}, {"y": 112, "x": 34, "size": 3, "id": "tree_1", "label": "tree"}, {"y": 278, "x": 309, "size": 3, "id": "soccer_0", "label": "soccer"}], "edges": [{"source": "Doll19_0", "label": "above", "id": 0, "target": "Doll18_0"}, {"source": "Doll19_0", "label": "opposite", "id": 1, "target": "Doll15_0"}, {"source": "tree_0", "label": "surrounds", "id": 9, "target": "Doll19_0"}, {"source": "Doll18_0", "label": "opposite", "id": 12, "target": "Doll15_0"}, {"source": "tree_0", "label": "surrounds", "id": 20, "target": "Doll18_0"}, {"source": "Doll15_0", "label": "above", "id": 32, "target": "soccer_0"}, {"source": "tree_0", "label": "surrounds", "id": 39, "target": "Squirrel_0"}, {"source": "tree_1", "label": "surrounds", "id": 48, "target": "Butterfly01_0"}, {"source": "tree_1", "label": "surrounds", "id": 61, "target": "cloud_0"}, {"source": "cloud_1", "label": "on", "id": 65, "target": "tree_0"}]}