{"nodes": [{"y": 293, "x": 524, "size": 2, "id": "Doll03_0", "label": "person"}, {"y": 308, "x": 219, "size": 2, "id": "Doll04_0", "label": "person"}, {"y": 112, "x": 594, "size": 3, "id": "Window05_0", "label": "Window"}, {"y": 100, "x": 144, "size": 3, "id": "Window05_1", "label": "Window"}, {"y": 80, "x": 379, "size": 3, "id": "Picture_0", "label": "Picture"}, {"y": 334, "x": 378, "size": 3, "id": "CoffeeTable_0", "label": "CoffeeTable"}, {"y": 345, "x": 379, "size": 3, "id": "Rug_0", "label": "Rug"}, {"y": 233, "x": 384, "size": 1, "id": "Fireplace_0", "label": "Fireplace"}, {"y": 290, "x": 376, "size": 3, "id": "teaset_0", "label": "teaset"}], "edges": [{"source": "Doll03_0", "label": "near", "id": 0, "target": "Doll04_0"}, {"source": "Doll03_0", "label": "near", "id": 6, "target": "Fireplace_0"}, {"source": "Doll03_0", "label": "beside", "id": 7, "target": "teaset_0"}, {"source": "Doll04_0", "label": "near", "id": 13, "target": "Fireplace_0"}, {"source": "Rug_0", "label": "surrounds", "id": 30, "target": "CoffeeTable_0"}, {"source": "teaset_0", "label": "aboveC", "id": 32, "target": "CoffeeTable_0"}, {"source": "teaset_0", "label": "aboveC", "id": 34, "target": "Rug_0"}]}