{"nodes": [{"y": 190, "x": 394, "size": 2, "id": "Doll09_0", "label": "person"}, {"y": 153, "x": 556, "size": 3, "id": "bush_0", "label": "bush"}, {"y": 150, "x": 448, "size": 2, "id": "bush_1", "label": "bush"}, {"y": 247, "x": 571, "size": 2, "id": "bush_2", "label": "bush"}, {"y": 266, "x": 294, "size": 1, "id": "grill_0", "label": "grill"}, {"y": 109, "x": 192, "size": 1, "id": "tree_0", "label": "tree"}, {"y": 201, "x": 312, "size": 3, "id": "tongs_0", "label": "tongs"}, {"y": 223, "x": 289, "size": 2, "id": "steak_0", "label": "steak"}], "edges": [{"source": "Doll09_0", "label": "beside", "id": 1, "target": "bush_1"}, {"source": "Doll09_0", "label": "near", "id": 3, "target": "grill_0"}, {"source": "Doll09_0", "label": "near", "id": 4, "target": "tree_0"}, {"source": "Doll09_0", "label": "near", "id": 5, "target": "tongs_0"}, {"source": "Doll09_0", "label": "near", "id": 6, "target": "steak_0"}, {"source": "grill_0", "label": "below", "id": 22, "target": "tree_0"}, {"source": "steak_0", "label": "on", "id": 24, "target": "grill_0"}, {"source": "tree_0", "label": "surrounds", "id": 25, "target": "tongs_0"}, {"source": "steak_0", "label": "below", "id": 26, "target": "tree_0"}, {"source": "tongs_0", "label": "beside", "id": 27, "target": "steak_0"}]}