{"nodes": [{"y": 289, "x": 386, "size": 3, "id": "Doll16_0", "label": "person"}, {"y": 296, "x": 301, "size": 3, "id": "Kitten01_0", "label": "Kitten"}, {"y": 100, "x": 150, "size": 3, "id": "Window03_0", "label": "Window"}, {"y": 98, "x": 601, "size": 3, "id": "Window03_1", "label": "Window"}, {"y": 40, "x": 6, "size": 3, "id": "Picture_0", "label": "Picture"}, {"y": 293, "x": 148, "size": 3, "id": "Footstool_0", "label": "Footstool"}, {"y": 329, "x": 402, "size": 3, "id": "Rug_0", "label": "Rug"}, {"y": 145, "x": 406, "size": 3, "id": "Door_0", "label": "Door"}], "edges": [{"source": "Doll16_0", "label": "beside", "id": 0, "target": "Kitten01_0"}, {"source": "Doll16_0", "label": "on", "id": 5, "target": "Rug_0"}, {"source": "Doll16_0", "label": "belowC", "id": 6, "target": "Door_0"}, {"source": "Kitten01_0", "label": "on", "id": 11, "target": "Rug_0"}]}