{"nodes": [{"y": 309, "x": 605, "size": 1, "id": "Doll11_0", "label": "person"}, {"y": 195, "x": 442, "size": 3, "id": "Kitten02_0", "label": "Kitten"}, {"y": 267, "x": 394, "size": 3, "id": "Fireplace_0", "label": "Fireplace"}, {"y": 276, "x": 229, "size": 3, "id": "Plant_0", "label": "Plant"}, {"y": 285, "x": 43, "size": 3, "id": "Plant_1", "label": "Plant"}, {"y": 114, "x": 588, "size": 3, "id": "Picture_0", "label": "Picture"}, {"y": 107, "x": 392, "size": 3, "id": "Picture_1", "label": "Picture"}, {"y": 136, "x": 128, "size": 3, "id": "Window05_0", "label": "Window"}], "edges": [{"source": "Doll11_0", "label": "near_behind", "id": 0, "target": "Kitten02_0"}, {"source": "Doll11_0", "label": "near_behind", "id": 1, "target": "Fireplace_0"}, {"source": "Kitten02_0", "label": "aboveC", "id": 7, "target": "Fireplace_0"}, {"source": "Kitten02_0", "label": "belowC", "id": 11, "target": "Picture_1"}]}