{"nodes": [{"y": 203, "x": 561, "size": 3, "id": "Doll08_0", "label": "person"}, {"y": 283, "x": 240, "size": 3, "id": "Dog01_0", "label": "Dog"}, {"y": 112, "x": 573, "size": 3, "id": "Window03_0", "label": "Window"}, {"y": 68, "x": 118, "size": 3, "id": "Picture_0", "label": "Picture"}, {"y": 344, "x": 335, "size": 3, "id": "Rug_0", "label": "Rug"}, {"y": 179, "x": 81, "size": 3, "id": "DogBone_0", "label": "DogBone"}], "edges": [{"source": "Doll08_0", "label": "near", "id": 0, "target": "Dog01_0"}, {"source": "Doll08_0", "label": "belowC", "id": 1, "target": "Window03_0"}, {"source": "DogBone_0", "label": "belowC", "id": 13, "target": "Picture_0"}]}