{"nodes": [{"y": 183, "x": 270, "size": 1, "id": "Doll06_0", "label": "person"}, {"y": 297, "x": 474, "size": 1, "id": "Doll18_0", "label": "person"}, {"y": 163, "x": 376, "size": 3, "id": "Door_0", "label": "Door"}, {"y": 343, "x": 374, "size": 3, "id": "Rug_0", "label": "Rug"}, {"y": 293, "x": 625, "size": 1, "id": "Couch_0", "label": "Couch"}, {"y": 107, "x": 579, "size": 3, "id": "Window02_0", "label": "Window"}, {"y": 195, "x": 194, "size": 1, "id": "CoatRack_0", "label": "CoatRack"}], "edges": [{"source": "Doll06_0", "label": "near", "id": 0, "target": "Doll18_0"}, {"source": "Doll06_0", "label": "beside", "id": 5, "target": "CoatRack_0"}]}