{"nodes": [{"y": 158, "x": 654, "size": 3, "id": "Doll02_0", "label": "person"}, {"y": 308, "x": 624, "size": 3, "id": "Dog02_0", "label": "Dog"}, {"y": 188, "x": 239, "size": 3, "id": "Robin_0", "label": "Robin"}, {"y": 182, "x": 269, "size": 3, "id": "Pigeon_0", "label": "Pigeon"}, {"y": 38, "x": 647, "size": 3, "id": "Finch_0", "label": "Finch"}, {"y": 133, "x": 336, "size": 3, "id": "Hawk_0", "label": "Hawk"}, {"y": 220, "x": 427, "size": 3, "id": "Chipmunk_0", "label": "Chipmunk"}, {"y": 171, "x": 376, "size": 3, "id": "bush_0", "label": "bush"}, {"y": 260, "x": 270, "size": 5, "id": "bush_1", "label": "bush"}, {"y": 319, "x": 111, "size": 5, "id": "bush_2", "label": "bush"}, {"y": 326, "x": 523, "size": 3, "id": "sidewalk_0", "label": "sidewalk"}, {"y": 145, "x": 167, "size": 3, "id": "tree_0", "label": "tree"}, {"y": 119, "x": 465, "size": 1, "id": "tree_1", "label": "tree"}], "edges": [{"source": "Doll02_0", "label": "above", "id": 0, "target": "Dog02_0"}, {"source": "sidewalk_0", "label": "surrounds", "id": 20, "target": "Dog02_0"}, {"source": "tree_0", "label": "surrounds", "id": 31, "target": "Robin_0"}, {"source": "tree_0", "label": "surrounds", "id": 40, "target": "Pigeon_0"}, {"source": "Hawk_0", "label": "on", "id": 51, "target": "bush_0"}, {"source": "tree_0", "label": "surrounds", "id": 55, "target": "Hawk_0"}, {"source": "tree_1", "label": "surrounds", "id": 56, "target": "Hawk_0"}, {"source": "Chipmunk_0", "label": "above", "id": 60, "target": "sidewalk_0"}]}