{"nodes": [{"y": 328, "x": 547, "size": 5, "id": "Doll05_0", "label": "person"}, {"y": 269, "x": 342, "size": 5, "id": "Doll12_0", "label": "person"}, {"y": 200, "x": 516, "size": 3, "id": "Doll13_0", "label": "person"}, {"y": 223, "x": 601, "size": 3, "id": "Doll18_0", "label": "person"}, {"y": 27, "x": 610, "size": 3, "id": "sun_0", "label": "sun"}, {"y": 224, "x": 134, "size": 3, "id": "sandbox_0", "label": "sandbox"}, {"y": 269, "x": 522, "size": 4, "id": "log_0", "label": "log"}, {"y": 291, "x": 491, "size": 4, "id": "log_1", "label": "log"}, {"y": 313, "x": 455, "size": 4, "id": "log_2", "label": "log"}, {"y": 53, "x": 298, "size": 3, "id": "cloud_0", "label": "cloud"}, {"y": 92, "x": 113, "size": 3, "id": "cloud_1", "label": "cloud"}, {"y": 185, "x": 124, "size": 3, "id": "shovel_0", "label": "shovel"}, {"y": 171, "x": 182, "size": 3, "id": "pail_0", "label": "pail"}, {"y": 244, "x": 552, "size": 4, "id": "pie_0", "label": "pie"}, {"y": 237, "x": 488, "size": 4, "id": "pie_1", "label": "pie"}, {"y": 279, "x": 407, "size": 4, "id": "pie_2", "label": "pie"}, {"y": 277, "x": 496, "size": 5, "id": "pie_3", "label": "pie"}, {"y": 206, "x": 357, "size": 5, "id": "pie_4", "label": "pie"}], "edges": [{"source": "Doll05_0", "label": "opposite", "id": 0, "target": "Doll12_0"}, {"source": "Doll05_0", "label": "belowF_infront", "id": 1, "target": "Doll13_0"}, {"source": "Doll05_0", "label": "belowF_infront", "id": 2, "target": "Doll18_0"}, {"source": "Doll12_0", "label": "opposite_infront", "id": 17, "target": "Doll13_0"}, {"source": "Doll12_0", "label": "opposite_infront", "id": 18, "target": "Doll18_0"}, {"source": "Doll13_0", "label": "near", "id": 33, "target": "Doll18_0"}, {"source": "Doll13_0", "label": "above", "id": 36, "target": "log_0"}, {"source": "Doll13_0", "label": "above", "id": 37, "target": "log_1"}, {"source": "Doll13_0", "label": "above", "id": 43, "target": "pie_0"}, {"source": "Doll13_0", "label": "aboveC", "id": 44, "target": "pie_1"}, {"source": "shovel_0", "label": "on", "id": 80, "target": "sandbox_0"}, {"source": "pail_0", "label": "aboveC", "id": 81, "target": "sandbox_0"}, {"source": "log_0", "label": "on", "id": 87, "target": "log_1"}, {"source": "pie_0", "label": "on", "id": 93, "target": "log_0"}, {"source": "pie_1", "label": "on", "id": 94, "target": "log_0"}, {"source": "log_0", "label": "surrounds", "id": 96, "target": "pie_3"}, {"source": "log_1", "label": "on", "id": 98, "target": "log_2"}, {"source": "log_1", "label": "surrounds", "id": 106, "target": "pie_3"}, {"source": "pie_2", "label": "on", "id": 114, "target": "log_2"}, {"source": "pie_3", "label": "on", "id": 115, "target": "log_2"}, {"source": "pie_1", "label": "above", "id": 148, "target": "pie_3"}]}