{"nodes": [{"y": 228, "x": 545, "size": 3, "id": "Doll15_0", "label": "person"}, {"y": 233, "x": 607, "size": 3, "id": "Cat01_0", "label": "Cat"}, {"y": 169, "x": 605, "size": 3, "id": "Plant_0", "label": "Plant"}, {"y": 260, "x": 106, "size": 3, "id": "Plant_1", "label": "Plant"}, {"y": 264, "x": 623, "size": 3, "id": "Endtable_0", "label": "Endtable"}, {"y": 89, "x": 628, "size": 3, "id": "Window02_0", "label": "Window"}, {"y": 218, "x": 328, "size": 3, "id": "Sofa_0", "label": "Sofa"}, {"y": 326, "x": 233, "size": 3, "id": "DiningTable_0", "label": "DiningTable"}], "edges": [{"source": "Doll15_0", "label": "beside", "id": 0, "target": "Cat01_0"}, {"source": "Doll15_0", "label": "beside", "id": 1, "target": "Plant_0"}, {"source": "Doll15_0", "label": "beside", "id": 3, "target": "Endtable_0"}, {"source": "Doll15_0", "label": "near", "id": 5, "target": "Sofa_0"}, {"source": "Doll15_0", "label": "near", "id": 6, "target": "DiningTable_0"}, {"source": "Cat01_0", "label": "belowC", "id": 7, "target": "Plant_0"}, {"source": "Cat01_0", "label": "on", "id": 9, "target": "Endtable_0"}, {"source": "Cat01_0", "label": "belowC", "id": 10, "target": "Window02_0"}, {"source": "Plant_0", "label": "aboveC", "id": 14, "target": "Endtable_0"}, {"source": "Plant_0", "label": "belowC", "id": 15, "target": "Window02_0"}, {"source": "Sofa_0", "label": "aboveC", "id": 27, "target": "DiningTable_0"}]}