{"nodes": [{"y": 325, "x": 157, "size": 3, "id": "Doll18_0", "label": "person"}, {"y": 242, "x": 560, "size": 3, "id": "Doll06_0", "label": "person"}, {"y": 64, "x": 536, "size": 3, "id": "Eagle_0", "label": "Eagle"}, {"y": 169, "x": 512, "size": 2, "id": "Squirrel_0", "label": "Squirrel"}, {"y": 365, "x": 448, "size": 3, "id": "Dog01_0", "label": "Dog"}, {"y": 39, "x": 538, "size": 3, "id": "cloud_0", "label": "cloud"}, {"y": 296, "x": 588, "size": 3, "id": "bench_0", "label": "bench"}, {"y": 132, "x": 222, "size": 3, "id": "tree_0", "label": "tree"}, {"y": 125, "x": 61, "size": 4, "id": "bush_0", "label": "bush"}, {"y": 239, "x": 140, "size": 3, "id": "bush_1", "label": "bush"}, {"y": 334, "x": 604, "size": 3, "id": "bush_2", "label": "bush"}, {"y": 123, "x": 379, "size": 4, "id": "bush_3", "label": "bush"}, {"y": 129, "x": 620, "size": 3, "id": "bush_4", "label": "bush"}], "edges": [{"source": "Doll18_0", "label": "opposite", "id": 0, "target": "Doll06_0"}, {"source": "Doll18_0", "label": "opposite", "id": 3, "target": "Dog01_0"}, {"source": "Doll06_0", "label": "below", "id": 13, "target": "Squirrel_0"}, {"source": "Doll06_0", "label": "above", "id": 14, "target": "Dog01_0"}, {"source": "Doll06_0", "label": "on", "id": 16, "target": "bench_0"}, {"source": "Doll06_0", "label": "above", "id": 20, "target": "bush_2"}, {"source": "Eagle_0", "label": "belowC", "id": 25, "target": "cloud_0"}, {"source": "Squirrel_0", "label": "above", "id": 35, "target": "bench_0"}, {"source": "bench_0", "label": "on", "id": 60, "target": "bush_2"}]}