{"nodes": [{"y": 276, "x": 83, "size": 3, "id": "Doll15_0", "label": "person"}, {"y": 248, "x": 96, "size": 3, "id": "Puppy01_0", "label": "Puppy"}, {"y": 344, "x": 348, "size": 3, "id": "Rug_0", "label": "Rug"}, {"y": 156, "x": 342, "size": 3, "id": "Window03_0", "label": "Window"}, {"y": 280, "x": 198, "size": 3, "id": "Footstool_0", "label": "Footstool"}, {"y": 305, "x": 503, "size": 3, "id": "Sofa_0", "label": "Sofa"}, {"y": 157, "x": 83, "size": 3, "id": "Door_0", "label": "Door"}, {"y": 160, "x": 622, "size": 3, "id": "Door_1", "label": "Door"}], "edges": [{"source": "Doll15_0", "label": "belowC", "id": 0, "target": "Puppy01_0"}, {"source": "Doll15_0", "label": "near", "id": 1, "target": "Rug_0"}, {"source": "Doll15_0", "label": "beside", "id": 3, "target": "Footstool_0"}, {"source": "Doll15_0", "label": "belowC", "id": 5, "target": "Door_0"}, {"source": "Puppy01_0", "label": "on", "id": 11, "target": "Door_0"}, {"source": "Rug_0", "label": "on", "id": 15, "target": "Sofa_0"}]}