{"nodes": [{"y": 236, "x": 597, "size": 3, "id": "Doll07_0", "label": "person"}, {"y": 373, "x": 313, "size": 3, "id": "Racoon_0", "label": "Racoon"}, {"y": 235, "x": 77, "size": 3, "id": "log_0", "label": "log"}, {"y": 342, "x": 122, "size": 3, "id": "pond_0", "label": "pond"}, {"y": 136, "x": 363, "size": 3, "id": "slide_0", "label": "slide"}, {"y": 54, "x": 651, "size": 3, "id": "sun_0", "label": "sun"}, {"y": 134, "x": 614, "size": 3, "id": "bush_0", "label": "bush"}, {"y": 329, "x": 606, "size": 3, "id": "skateboard_0", "label": "skateboard"}, {"y": 361, "x": 668, "size": 3, "id": "football_0", "label": "football"}, {"y": 280, "x": 558, "size": 3, "id": "soccer_0", "label": "soccer"}], "edges": [{"source": "Doll07_0", "label": "above", "id": 6, "target": "skateboard_0"}, {"source": "Doll07_0", "label": "above", "id": 7, "target": "football_0"}, {"source": "Doll07_0", "label": "aboveC", "id": 8, "target": "soccer_0"}, {"source": "skateboard_0", "label": "beside", "id": 42, "target": "football_0"}, {"source": "skateboard_0", "label": "belowC", "id": 43, "target": "soccer_0"}]}