{"nodes": [{"y": 259, "x": 71, "size": 3, "id": "Doll17_0", "label": "person"}, {"y": 333, "x": 412, "size": 3, "id": "Puppy02_0", "label": "Puppy"}, {"y": 316, "x": 419, "size": 3, "id": "CoffeeTable_0", "label": "CoffeeTable"}, {"y": 344, "x": 406, "size": 5, "id": "Rug_0", "label": "Rug"}, {"y": 217, "x": 433, "size": 3, "id": "Fireplace_0", "label": "Fireplace"}, {"y": 328, "x": 233, "size": 3, "id": "Pillow_0", "label": "Pillow"}, {"y": 322, "x": 593, "size": 3, "id": "Pillow_1", "label": "Pillow"}], "edges": [{"source": "Doll17_0", "label": "near", "id": 0, "target": "Puppy02_0"}, {"source": "Doll17_0", "label": "near", "id": 3, "target": "Fireplace_0"}, {"source": "CoffeeTable_0", "label": "surrounds", "id": 6, "target": "Puppy02_0"}, {"source": "Rug_0", "label": "surrounds", "id": 7, "target": "Puppy02_0"}, {"source": "Puppy02_0", "label": "belowC", "id": 8, "target": "Fireplace_0"}, {"source": "CoffeeTable_0", "label": "belowC", "id": 12, "target": "Fireplace_0"}, {"source": "Rug_0", "label": "surrounds", "id": 16, "target": "Pillow_0"}, {"source": "Rug_0", "label": "surrounds", "id": 17, "target": "Pillow_1"}]}