{"nodes": [{"y": 170, "x": 281, "size": 3, "id": "Doll09_0", "label": "person"}, {"y": 76, "x": 374, "size": 3, "id": "Bee_0", "label": "Bee"}, {"y": 110, "x": 408, "size": 3, "id": "Bee_1", "label": "Bee"}, {"y": 92, "x": 328, "size": 3, "id": "Bee_2", "label": "Bee"}, {"y": 103, "x": 221, "size": 3, "id": "Bee_3", "label": "Bee"}, {"y": 186, "x": 382, "size": 3, "id": "Bee_4", "label": "Bee"}, {"y": 61, "x": 665, "size": 3, "id": "tree_0", "label": "tree"}, {"y": 356, "x": 348, "size": 3, "id": "sidewalk_0", "label": "sidewalk"}, {"y": 218, "x": 264, "size": 3, "id": "bench_0", "label": "bench"}, {"y": 227, "x": 592, "size": 3, "id": "pond_0", "label": "pond"}, {"y": 21, "x": 531, "size": 3, "id": "cloud_0", "label": "cloud"}, {"y": 206, "x": 226, "size": 3, "id": "pail_0", "label": "pail"}], "edges": [{"source": "Doll09_0", "label": "below", "id": 0, "target": "Bee_0"}, {"source": "Doll09_0", "label": "near", "id": 1, "target": "Bee_1"}, {"source": "Doll09_0", "label": "below", "id": 2, "target": "Bee_2"}, {"source": "Doll09_0", "label": "below", "id": 3, "target": "Bee_3"}, {"source": "Doll09_0", "label": "near", "id": 4, "target": "Bee_4"}, {"source": "Doll09_0", "label": "on", "id": 7, "target": "bench_0"}, {"source": "Doll09_0", "label": "beside", "id": 10, "target": "pail_0"}, {"source": "Bee_0", "label": "aboveC", "id": 11, "target": "Bee_1"}, {"source": "Bee_0", "label": "beside", "id": 12, "target": "Bee_2"}, {"source": "Bee_0", "label": "above", "id": 14, "target": "Bee_4"}, {"source": "Bee_0", "label": "above", "id": 17, "target": "bench_0"}, {"source": "Bee_1", "label": "above", "id": 23, "target": "Bee_4"}, {"source": "Bee_2", "label": "above", "id": 31, "target": "Bee_4"}, {"source": "Bee_2", "label": "above", "id": 34, "target": "bench_0"}, {"source": "Bee_3", "label": "above", "id": 41, "target": "bench_0"}, {"source": "bench_0", "label": "surrounds", "id": 62, "target": "pail_0"}]}