{"nodes": [{"y": 137, "x": 519, "size": 3, "id": "Doll14_0", "label": "person"}, {"y": 205, "x": 404, "size": 3, "id": "Doll16_0", "label": "person"}, {"y": 66, "x": 182, "size": 3, "id": "Bird_0", "label": "Bird"}, {"y": 63, "x": 593, "size": 3, "id": "sun_0", "label": "sun"}, {"y": 47, "x": 300, "size": 3, "id": "cloud_0", "label": "cloud"}, {"y": 251, "x": 128, "size": 3, "id": "pond_0", "label": "pond"}], "edges": [{"source": "Doll14_0", "label": "near", "id": 0, "target": "Doll16_0"}, {"source": "Doll14_0", "label": "opposite", "id": 1, "target": "Bird_0"}, {"source": "Doll16_0", "label": "opposite", "id": 5, "target": "Bird_0"}]}