{"nodes": [{"y": 173, "x": 194, "size": 1, "id": "Doll09_0", "label": "person"}, {"y": 316, "x": 632, "size": 1, "id": "Dog02_0", "label": "Dog"}, {"y": 261, "x": 258, "size": 3, "id": "Plant_0", "label": "Plant"}, {"y": 114, "x": 404, "size": 3, "id": "Window05_0", "label": "Window"}, {"y": 154, "x": 631, "size": 3, "id": "Bookshelf_0", "label": "Bookshelf"}, {"y": 166, "x": 87, "size": 3, "id": "Door_0", "label": "Door"}, {"y": 297, "x": 432, "size": 3, "id": "Sofa_0", "label": "Sofa"}], "edges": [{"source": "Doll09_0", "label": "opposite", "id": 0, "target": "Dog02_0"}, {"source": "Doll09_0", "label": "near_behind", "id": 2, "target": "Window05_0"}, {"source": "Doll09_0", "label": "near_behind", "id": 5, "target": "Sofa_0"}, {"source": "Window05_0", "label": "above", "id": 17, "target": "Sofa_0"}]}