{"nodes": [{"y": 137, "x": 495, "size": 3, "id": "Doll15_0", "label": "person"}, {"y": 350, "x": 404, "size": 3, "id": "Chipmunk_0", "label": "Chipmunk"}, {"y": 336, "x": 580, "size": 5, "id": "Dog01_0", "label": "Dog"}, {"y": 80, "x": 660, "size": 3, "id": "Butterfly01_0", "label": "Butterfly"}, {"y": 142, "x": 148, "size": 3, "id": "Butterfly01_1", "label": "Butterfly"}, {"y": 182, "x": 366, "size": 3, "id": "Butterfly01_2", "label": "Butterfly"}, {"y": 182, "x": 277, "size": 3, "id": "Bee_0", "label": "Bee"}, {"y": 106, "x": 87, "size": 3, "id": "tree_0", "label": "tree"}, {"y": 31, "x": 614, "size": 3, "id": "cloud_0", "label": "cloud"}, {"y": 22, "x": 28, "size": 3, "id": "cloud_1", "label": "cloud"}, {"y": 14, "x": 490, "size": 1, "id": "cloud_2", "label": "cloud"}, {"y": 280, "x": 244, "size": 5, "id": "pond_0", "label": "pond"}, {"y": 260, "x": 384, "size": 3, "id": "log_0", "label": "log"}, {"y": 12, "x": 130, "size": 3, "id": "sun_0", "label": "sun"}, {"y": 189, "x": 336, "size": 1, "id": "bush_0", "label": "bush"}, {"y": 137, "x": 649, "size": 3, "id": "bush_1", "label": "bush"}, {"y": 136, "x": 42, "size": 1, "id": "bush_2", "label": "bush"}, {"y": 299, "x": 310, "size": 3, "id": "lilypad_0", "label": "lilypad"}], "edges": [{"source": "Doll15_0", "label": "aboveF_behind", "id": 1, "target": "Dog01_0"}, {"source": "Doll15_0", "label": "above", "id": 11, "target": "log_0"}, {"source": "Butterfly01_0", "label": "belowC", "id": 52, "target": "cloud_0"}, {"source": "Butterfly01_0", "label": "aboveC", "id": 59, "target": "bush_1"}, {"source": "tree_0", "label": "surrounds", "id": 64, "target": "Butterfly01_1"}, {"source": "bush_0", "label": "surrounds", "id": 83, "target": "Butterfly01_2"}, {"source": "bush_0", "label": "surrounds", "id": 94, "target": "Bee_0"}, {"source": "pond_0", "label": "surrounds", "id": 137, "target": "lilypad_0"}]}