{"nodes": [{"y": 189, "x": 108, "size": 5, "id": "Doll13_0", "label": "person"}, {"y": 136, "x": 272, "size": 3, "id": "Butterfly01_0", "label": "Butterfly"}, {"y": 83, "x": 343, "size": 3, "id": "Butterfly01_1", "label": "Butterfly"}, {"y": 336, "x": 229, "size": 5, "id": "sidewalk_0", "label": "sidewalk"}, {"y": 103, "x": 555, "size": 2, "id": "monkeybars_0", "label": "monkeybars"}, {"y": 114, "x": 76, "size": 3, "id": "slide_0", "label": "slide"}, {"y": 301, "x": 155, "size": 4, "id": "bike_0", "label": "bike"}, {"y": 277, "x": 532, "size": 5, "id": "seesaw_0", "label": "seesaw"}], "edges": []}