{"nodes": [{"y": 173, "x": 135, "size": 3, "id": "Doll01_0", "label": "person"}, {"y": 165, "x": 388, "size": 3, "id": "Doll13_0", "label": "person"}, {"y": 57, "x": 61, "size": 3, "id": "sun_0", "label": "sun"}, {"y": 114, "x": 655, "size": 3, "id": "bush_0", "label": "bush"}, {"y": 115, "x": 546, "size": 3, "id": "bush_1", "label": "bush"}, {"y": 135, "x": 427, "size": 3, "id": "bush_2", "label": "bush"}, {"y": 118, "x": 296, "size": 3, "id": "bush_3", "label": "bush"}, {"y": 291, "x": 252, "size": 3, "id": "soccer_0", "label": "soccer"}], "edges": [{"source": "Doll01_0", "label": "below", "id": 1, "target": "sun_0"}, {"source": "Doll01_0", "label": "above", "id": 6, "target": "soccer_0"}, {"source": "Doll13_0", "label": "beside", "id": 10, "target": "bush_2"}]}