{"nodes": [{"y": 185, "x": 446, "size": 3, "id": "Doll12_0", "label": "person"}, {"y": 206, "x": 291, "size": 3, "id": "Puppy01_0", "label": "Puppy"}, {"y": 222, "x": 281, "size": 3, "id": "DiningChair_0", "label": "DiningChair"}, {"y": 83, "x": 568, "size": 3, "id": "Window03_0", "label": "Window"}, {"y": 85, "x": 337, "size": 3, "id": "Window03_1", "label": "Window"}, {"y": 157, "x": 147, "size": 3, "id": "Bookshelf_0", "label": "Bookshelf"}, {"y": 211, "x": 509, "size": 3, "id": "Couch_0", "label": "Couch"}, {"y": 218, "x": 551, "size": 3, "id": "DogBone_0", "label": "DogBone"}], "edges": [{"source": "Doll12_0", "label": "near", "id": 0, "target": "Puppy01_0"}, {"source": "Doll12_0", "label": "near", "id": 1, "target": "DiningChair_0"}, {"source": "Doll12_0", "label": "near", "id": 2, "target": "Window03_0"}, {"source": "Doll12_0", "label": "beside", "id": 3, "target": "Window03_1"}, {"source": "Doll12_0", "label": "on", "id": 5, "target": "Couch_0"}, {"source": "Doll12_0", "label": "beside", "id": 6, "target": "DogBone_0"}, {"source": "DiningChair_0", "label": "surrounds", "id": 7, "target": "Puppy01_0"}, {"source": "Puppy01_0", "label": "belowC", "id": 9, "target": "Window03_1"}, {"source": "DiningChair_0", "label": "belowC", "id": 14, "target": "Window03_1"}, {"source": "Window03_0", "label": "aboveC", "id": 20, "target": "Couch_0"}, {"source": "DogBone_0", "label": "belowC", "id": 21, "target": "Window03_0"}, {"source": "Couch_0", "label": "surrounds", "id": 27, "target": "DogBone_0"}]}