{"nodes": [{"y": 253, "x": 321, "size": 3, "id": "Doll01_0", "label": "person"}, {"y": 335, "x": 180, "size": 3, "id": "Mouse_0", "label": "Mouse"}, {"y": 353, "x": 607, "size": 3, "id": "Mouse_1", "label": "Mouse"}, {"y": 347, "x": 42, "size": 3, "id": "Mouse_2", "label": "Mouse"}, {"y": 115, "x": 130, "size": 3, "id": "Window03_0", "label": "Window"}, {"y": 251, "x": 571, "size": 3, "id": "Fireplace_0", "label": "Fireplace"}, {"y": 353, "x": 478, "size": 3, "id": "Yarn_0", "label": "Yarn"}], "edges": [{"source": "Doll01_0", "label": "near", "id": 0, "target": "Mouse_0"}, {"source": "Doll01_0", "label": "near", "id": 1, "target": "Mouse_1"}, {"source": "Doll01_0", "label": "near", "id": 2, "target": "Mouse_2"}, {"source": "Doll01_0", "label": "near", "id": 4, "target": "Fireplace_0"}, {"source": "Mouse_0", "label": "beside", "id": 7, "target": "Mouse_2"}, {"source": "Mouse_1", "label": "belowC", "id": 13, "target": "Fireplace_0"}, {"source": "Yarn_0", "label": "belowC", "id": 20, "target": "Fireplace_0"}]}