{"nodes": [{"y": 129, "x": 519, "size": 3, "id": "Doll10_0", "label": "person"}, {"y": 107, "x": 439, "size": 3, "id": "Doll08_0", "label": "person"}, {"y": 94, "x": 668, "size": 3, "id": "tree_0", "label": "tree"}, {"y": 32, "x": 52, "size": 3, "id": "sun_0", "label": "sun"}, {"y": 278, "x": 602, "size": 3, "id": "blanket_0", "label": "blanket"}, {"y": 170, "x": 484, "size": 3, "id": "bench_0", "label": "bench"}, {"y": 238, "x": 612, "size": 3, "id": "basket_0", "label": "basket"}, {"y": 253, "x": 559, "size": 3, "id": "cup_0", "label": "cup"}, {"y": 262, "x": 580, "size": 3, "id": "cup_1", "label": "cup"}, {"y": 261, "x": 671, "size": 3, "id": "bottle_0", "label": "bottle"}], "edges": [{"source": "Doll10_0", "label": "near", "id": 0, "target": "Doll08_0"}, {"source": "Doll10_0", "label": "on", "id": 1, "target": "tree_0"}, {"source": "Doll10_0", "label": "above", "id": 3, "target": "blanket_0"}, {"source": "Doll10_0", "label": "on", "id": 4, "target": "bench_0"}, {"source": "Doll10_0", "label": "above", "id": 5, "target": "basket_0"}, {"source": "Doll10_0", "label": "above", "id": 6, "target": "cup_0"}, {"source": "Doll10_0", "label": "above", "id": 7, "target": "cup_1"}, {"source": "Doll08_0", "label": "on", "id": 12, "target": "bench_0"}, {"source": "Doll08_0", "label": "above", "id": 14, "target": "cup_0"}, {"source": "basket_0", "label": "on", "id": 20, "target": "tree_0"}, {"source": "basket_0", "label": "on", "id": 31, "target": "blanket_0"}, {"source": "blanket_0", "label": "surrounds", "id": 32, "target": "cup_0"}, {"source": "blanket_0", "label": "surrounds", "id": 33, "target": "cup_1"}, {"source": "blanket_0", "label": "surrounds", "id": 34, "target": "bottle_0"}]}