{"nodes": [{"y": 228, "x": 84, "size": 3, "id": "Doll01_0", "label": "person"}, {"y": 260, "x": 389, "size": 3, "id": "Doll14_0", "label": "person"}, {"y": 372, "x": 565, "size": 3, "id": "Rabbit_0", "label": "Rabbit"}, {"y": 199, "x": 210, "size": 3, "id": "Duck01_0", "label": "Duck"}, {"y": 217, "x": 256, "size": 3, "id": "Duck01_1", "label": "Duck"}, {"y": 325, "x": 634, "size": 3, "id": "blanket_0", "label": "blanket"}, {"y": 331, "x": 178, "size": 3, "id": "bike_0", "label": "bike"}, {"y": 322, "x": 331, "size": 3, "id": "bike_1", "label": "bike"}, {"y": 222, "x": 568, "size": 3, "id": "bush_0", "label": "bush"}, {"y": 213, "x": 225, "size": 3, "id": "pond_0", "label": "pond"}, {"y": 329, "x": 590, "size": 3, "id": "bread_0", "label": "bread"}, {"y": 377, "x": 510, "size": 3, "id": "flower_0", "label": "flower"}, {"y": 208, "x": 173, "size": 3, "id": "lilypad_0", "label": "lilypad"}, {"y": 208, "x": 581, "size": 3, "id": "nest_0", "label": "nest"}, {"y": 313, "x": 621, "size": 3, "id": "sandwich_0", "label": "sandwich"}], "edges": [{"source": "Doll01_0", "label": "opposite", "id": 0, "target": "Doll14_0"}, {"source": "Doll01_0", "label": "near", "id": 2, "target": "Duck01_0"}, {"source": "Doll01_0", "label": "near", "id": 3, "target": "Duck01_1"}, {"source": "Doll01_0", "label": "above", "id": 5, "target": "bike_0"}, {"source": "Doll01_0", "label": "near", "id": 8, "target": "pond_0"}, {"source": "Doll14_0", "label": "above", "id": 19, "target": "bike_1"}, {"source": "Rabbit_0", "label": "belowC", "id": 34, "target": "bread_0"}, {"source": "Duck01_0", "label": "beside", "id": 39, "target": "Duck01_1"}, {"source": "pond_0", "label": "surrounds", "id": 44, "target": "Duck01_0"}, {"source": "pond_0", "label": "surrounds", "id": 54, "target": "Duck01_1"}, {"source": "blanket_0", "label": "surrounds", "id": 64, "target": "bread_0"}, {"source": "blanket_0", "label": "surrounds", "id": 68, "target": "sandwich_0"}, {"source": "bush_0", "label": "surrounds", "id": 88, "target": "nest_0"}, {"source": "pond_0", "label": "surrounds", "id": 92, "target": "lilypad_0"}]}