{"nodes": [{"y": 209, "x": 211, "size": 3, "id": "Doll15_0", "label": "person"}, {"y": 151, "x": 580, "size": 3, "id": "Doll17_0", "label": "person"}, {"y": 96, "x": 317, "size": 3, "id": "sun_0", "label": "sun"}, {"y": 75, "x": 496, "size": 3, "id": "cloud_0", "label": "cloud"}, {"y": 76, "x": 123, "size": 3, "id": "cloud_1", "label": "cloud"}, {"y": 245, "x": 534, "size": 3, "id": "slide_0", "label": "slide"}, {"y": 260, "x": 213, "size": 1, "id": "jumprope_0", "label": "jumprope"}], "edges": [{"source": "Doll15_0", "label": "opposite", "id": 0, "target": "Doll17_0"}, {"source": "Doll17_0", "label": "above", "id": 9, "target": "slide_0"}]}