{"nodes": [{"y": 248, "x": 101, "size": 3, "id": "Doll16_0", "label": "person"}, {"y": 261, "x": 522, "size": 3, "id": "Doll17_0", "label": "person"}, {"y": 97, "x": 514, "size": 3, "id": "Window02_0", "label": "Window"}, {"y": 94, "x": 42, "size": 3, "id": "Window02_1", "label": "Window"}, {"y": 261, "x": 617, "size": 3, "id": "Chair02_0", "label": "Chair"}, {"y": 261, "x": 158, "size": 3, "id": "Couch_0", "label": "Couch"}, {"y": 69, "x": 214, "size": 3, "id": "Picture_0", "label": "Picture"}, {"y": 68, "x": 347, "size": 3, "id": "Picture_1", "label": "Picture"}, {"y": 153, "x": 373, "size": 3, "id": "Picture_2", "label": "Picture"}, {"y": 379, "x": 417, "size": 3, "id": "Rug_0", "label": "Rug"}, {"y": 264, "x": 488, "size": 3, "id": "DishesSnack_0", "label": "DishesSnack"}], "edges": [{"source": "Doll16_0", "label": "opposite", "id": 0, "target": "Doll17_0"}, {"source": "Couch_0", "label": "surrounds", "id": 4, "target": "Doll16_0"}, {"source": "Doll17_0", "label": "near", "id": 13, "target": "Couch_0"}, {"source": "Doll17_0", "label": "above", "id": 17, "target": "Rug_0"}, {"source": "Doll17_0", "label": "beside", "id": 18, "target": "DishesSnack_0"}, {"source": "Picture_1", "label": "aboveC", "id": 49, "target": "Picture_2"}, {"source": "DishesSnack_0", "label": "aboveC", "id": 54, "target": "Rug_0"}]}