{"nodes": [{"y": 201, "x": 495, "size": 3, "id": "Doll15_0", "label": "person"}, {"y": 195, "x": 610, "size": 3, "id": "Pigeon_0", "label": "Pigeon"}, {"y": 229, "x": 168, "size": 3, "id": "Duck01_0", "label": "Duck"}, {"y": 251, "x": 524, "size": 3, "id": "bench_0", "label": "bench"}, {"y": 234, "x": 145, "size": 3, "id": "pond_0", "label": "pond"}, {"y": 120, "x": 572, "size": 1, "id": "tree_0", "label": "tree"}, {"y": 74, "x": 238, "size": 3, "id": "sun_0", "label": "sun"}, {"y": 82, "x": 636, "size": 3, "id": "cloud_0", "label": "cloud"}], "edges": [{"source": "Doll15_0", "label": "near", "id": 0, "target": "Pigeon_0"}, {"source": "Doll15_0", "label": "on", "id": 2, "target": "bench_0"}, {"source": "bench_0", "label": "surrounds", "id": 8, "target": "Pigeon_0"}, {"source": "tree_0", "label": "surrounds", "id": 10, "target": "Pigeon_0"}, {"source": "pond_0", "label": "surrounds", "id": 14, "target": "Duck01_0"}]}