{"nodes": [{"y": 232, "x": 515, "size": 3, "id": "Doll14_0", "label": "person"}, {"y": 16, "x": 436, "size": 3, "id": "Bird_0", "label": "Bird"}, {"y": 138, "x": 81, "size": 3, "id": "Bird_1", "label": "Bird"}, {"y": 324, "x": 499, "size": 3, "id": "sidewalk_0", "label": "sidewalk"}, {"y": 245, "x": 132, "size": 3, "id": "pond_0", "label": "pond"}, {"y": 115, "x": 299, "size": 5, "id": "tree_0", "label": "tree"}, {"y": 139, "x": 625, "size": 3, "id": "bush_0", "label": "bush"}, {"y": 130, "x": 527, "size": 3, "id": "bush_1", "label": "bush"}, {"y": 132, "x": 413, "size": 3, "id": "bush_2", "label": "bush"}], "edges": [{"source": "Doll14_0", "label": "above", "id": 2, "target": "sidewalk_0"}, {"source": "tree_0", "label": "surrounds", "id": 11, "target": "Bird_0"}]}