{"nodes": [{"y": 303.3797607421875, "x": 329.95001220703125, "size": 3, "id": "Doll11_0", "label": "person"}, {"y": 40.89996337890625, "x": 211, "size": 3, "id": "Pigeon_0", "label": "Pigeon"}, {"y": 55.63995361328125, "x": 484.6799621582031, "size": 3, "id": "Robin_0", "label": "Robin"}, {"y": 151.43011474609375, "x": 475.20997619628906, "size": 3, "id": "tree_0", "label": "tree"}, {"y": 309.7000732421875, "x": 304.67999267578125, "size": 5, "id": "blanket_0", "label": "blanket"}, {"y": 36.69000244140625, "x": 687.8399658203125, "size": 3, "id": "moon_0", "label": "moon"}, {"y": 221.9599609375, "x": 119.41999816894531, "size": 3, "id": "bush_0", "label": "bush"}], "edges": [{"source": "Doll11_0", "label": "beside_behind", "id": 3, "target": "blanket_0"}, {"source": "tree_0", "label": "surrounds", "id": 11, "target": "Robin_0"}]}