{"nodes": [{"y": 222, "x": 504, "size": 5, "id": "Doll15_0", "label": "person"}, {"y": 238, "x": 502, "size": 5, "id": "Kitten01_0", "label": "Kitten"}, {"y": 157, "x": 14, "size": 3, "id": "Door_0", "label": "Door"}, {"y": 265, "x": 688, "size": 5, "id": "Plant_0", "label": "Plant"}, {"y": 297, "x": 135, "size": 3, "id": "Desk_0", "label": "Desk"}, {"y": 120, "x": 371, "size": 3, "id": "Window03_0", "label": "Window"}, {"y": 126, "x": 533, "size": 1, "id": "Picture_0", "label": "Picture"}, {"y": 129, "x": 216, "size": 3, "id": "Picture_1", "label": "Picture"}, {"y": 192, "x": 144, "size": 3, "id": "TV_0", "label": "TV"}, {"y": 344, "x": 208, "size": 3, "id": "Rug_0", "label": "Rug"}, {"y": 275, "x": 517, "size": 3, "id": "Sofa_0", "label": "Sofa"}, {"y": 276, "x": 301, "size": 2, "id": "PetBed_0", "label": "PetBed"}, {"y": 222, "x": 442, "size": 4, "id": "Pillow_0", "label": "Pillow"}, {"y": 232, "x": 574, "size": 2, "id": "Pillow_1", "label": "Pillow"}, {"y": 228, "x": 548, "size": 3, "id": "Pillow_2", "label": "Pillow"}], "edges": [{"source": "Doll15_0", "label": "aboveC", "id": 0, "target": "Kitten01_0"}, {"source": "Doll15_0", "label": "above_infront", "id": 9, "target": "Sofa_0"}, {"source": "Doll15_0", "label": "beside", "id": 11, "target": "Pillow_0"}, {"source": "Sofa_0", "label": "surrounds", "id": 22, "target": "Kitten01_0"}, {"source": "Desk_0", "label": "belowC", "id": 53, "target": "TV_0"}, {"source": "Sofa_0", "label": "surrounds", "id": 96, "target": "Pillow_0"}, {"source": "Sofa_0", "label": "surrounds", "id": 97, "target": "Pillow_1"}, {"source": "Sofa_0", "label": "surrounds", "id": 98, "target": "Pillow_2"}, {"source": "Pillow_1", "label": "on", "id": 104, "target": "Pillow_2"}]}