{"nodes": [{"y": 245, "x": 173, "size": 3, "id": "Doll12_0", "label": "person"}, {"y": 203, "x": 442, "size": 3, "id": "Duck01_0", "label": "Duck"}, {"y": 331, "x": 565, "size": 3, "id": "Duck01_1", "label": "Duck"}, {"y": 240, "x": 544, "size": 3, "id": "Duck01_2", "label": "Duck"}, {"y": 79, "x": 519, "size": 3, "id": "Butterfly01_0", "label": "Butterfly"}, {"y": 27, "x": 548, "size": 3, "id": "Butterfly01_1", "label": "Butterfly"}, {"y": 148, "x": 620, "size": 3, "id": "Bluejay_0", "label": "Bluejay"}, {"y": 316, "x": 518, "size": 5, "id": "pond_0", "label": "pond"}, {"y": 271, "x": 191, "size": 3, "id": "bench_0", "label": "bench"}, {"y": 32, "x": 366, "size": 1, "id": "sun_0", "label": "sun"}, {"y": 132, "x": 607, "size": 3, "id": "tree_0", "label": "tree"}, {"y": 124, "x": 152, "size": 1, "id": "tree_1", "label": "tree"}, {"y": 114, "x": 553, "size": 3, "id": "apple_0", "label": "apple"}, {"y": 105, "x": 615, "size": 3, "id": "apple_1", "label": "apple"}, {"y": 70, "x": 657, "size": 3, "id": "apple_2", "label": "apple"}, {"y": 63, "x": 580, "size": 3, "id": "apple_3", "label": "apple"}, {"y": 30, "x": 613, "size": 3, "id": "apple_4", "label": "apple"}, {"y": 235, "x": 217, "size": 3, "id": "bottle_0", "label": "bottle"}, {"y": 48, "x": 156, "size": 5, "id": "nest_0", "label": "nest"}], "edges": [{"source": "Doll12_0", "label": "on", "id": 7, "target": "bench_0"}, {"source": "Doll12_0", "label": "beside", "id": 16, "target": "bottle_0"}, {"source": "Duck01_0", "label": "above", "id": 18, "target": "Duck01_1"}, {"source": "Duck01_1", "label": "below", "id": 35, "target": "Duck01_2"}, {"source": "pond_0", "label": "surrounds", "id": 39, "target": "Duck01_1"}, {"source": "Duck01_2", "label": "on", "id": 57, "target": "tree_0"}, {"source": "Butterfly01_0", "label": "belowC", "id": 66, "target": "Butterfly01_1"}, {"source": "Butterfly01_0", "label": "aboveC", "id": 73, "target": "apple_0"}, {"source": "tree_0", "label": "surrounds", "id": 84, "target": "Butterfly01_1"}, {"source": "Butterfly01_1", "label": "aboveC", "id": 89, "target": "apple_3"}, {"source": "tree_0", "label": "surrounds", "id": 96, "target": "Bluejay_0"}, {"source": "Bluejay_0", "label": "belowC", "id": 99, "target": "apple_1"}, {"source": "bench_0", "label": "surrounds", "id": 124, "target": "bottle_0"}, {"source": "tree_0", "label": "surrounds", "id": 136, "target": "apple_0"}, {"source": "tree_0", "label": "surrounds", "id": 137, "target": "apple_1"}, {"source": "tree_0", "label": "surrounds", "id": 138, "target": "apple_2"}, {"source": "tree_0", "label": "surrounds", "id": 139, "target": "apple_3"}, {"source": "tree_0", "label": "surrounds", "id": 140, "target": "apple_4"}, {"source": "tree_1", "label": "surrounds", "id": 149, "target": "nest_0"}, {"source": "apple_0", "label": "belowC", "id": 152, "target": "apple_3"}, {"source": "apple_1", "label": "belowC", "id": 157, "target": "apple_3"}]}