{"nodes": [{"y": 189, "x": 297, "size": 3, "id": "Doll14_0", "label": "person"}, {"y": 320, "x": 601, "size": 3, "id": "Kitten02_0", "label": "Kitten"}, {"y": 220, "x": 348, "size": 3, "id": "Couch_0", "label": "Couch"}, {"y": 349, "x": 351, "size": 3, "id": "Rug_0", "label": "Rug"}, {"y": 154, "x": 67, "size": 3, "id": "Door_0", "label": "Door"}, {"y": 150, "x": 638, "size": 3, "id": "Bookshelf_0", "label": "Bookshelf"}, {"y": 351, "x": 349, "size": 3, "id": "CoffeeTable_0", "label": "CoffeeTable"}, {"y": 332, "x": 598, "size": 3, "id": "PetBed_0", "label": "PetBed"}], "edges": [{"source": "Doll14_0", "label": "near", "id": 0, "target": "Kitten02_0"}, {"source": "Doll14_0", "label": "on", "id": 1, "target": "Couch_0"}, {"source": "Doll14_0", "label": "above", "id": 2, "target": "Rug_0"}, {"source": "Doll14_0", "label": "above", "id": 5, "target": "CoffeeTable_0"}, {"source": "Kitten02_0", "label": "on", "id": 12, "target": "PetBed_0"}, {"source": "Couch_0", "label": "aboveC", "id": 13, "target": "Rug_0"}, {"source": "Couch_0", "label": "aboveC", "id": 16, "target": "CoffeeTable_0"}]}