{"nodes": [{"y": 196, "x": 395, "size": 3, "id": "Doll05_0", "label": "person"}, {"y": 129, "x": 27, "size": 3, "id": "Window02_0", "label": "Window"}, {"y": 264, "x": 142, "size": 3, "id": "DiningChair_0", "label": "DiningChair"}, {"y": 265, "x": 254, "size": 3, "id": "DiningChair_1", "label": "DiningChair"}, {"y": 290, "x": 588, "size": 3, "id": "DiningTable_0", "label": "DiningTable"}, {"y": 90, "x": 599, "size": 3, "id": "Picture_0", "label": "Picture"}, {"y": 232, "x": 570, "size": 3, "id": "Book_0", "label": "Book"}], "edges": [{"source": "Doll05_0", "label": "near", "id": 3, "target": "DiningTable_0"}, {"source": "Doll05_0", "label": "near", "id": 5, "target": "Book_0"}, {"source": "Book_0", "label": "on", "id": 19, "target": "DiningTable_0"}, {"source": "Book_0", "label": "belowC", "id": 20, "target": "Picture_0"}]}