{"nodes": [{"y": 142, "x": 451, "size": 3, "id": "Doll02_0", "label": "person"}, {"y": 209, "x": 281, "size": 5, "id": "Rabbit_0", "label": "Rabbit"}, {"y": 207, "x": 117, "size": 3, "id": "Rabbit_1", "label": "Rabbit"}, {"y": 221, "x": 586, "size": 5, "id": "grill_0", "label": "grill"}, {"y": 61, "x": 91, "size": 3, "id": "sun_0", "label": "sun"}, {"y": 150, "x": 570, "size": 5, "id": "corn_0", "label": "corn"}, {"y": 154, "x": 585, "size": 5, "id": "corn_1", "label": "corn"}, {"y": 160, "x": 605, "size": 5, "id": "corn_2", "label": "corn"}], "edges": [{"source": "corn_0", "label": "on", "id": 19, "target": "grill_0"}, {"source": "corn_1", "label": "on", "id": 20, "target": "grill_0"}, {"source": "grill_0", "label": "surrounds", "id": 21, "target": "corn_2"}, {"source": "corn_0", "label": "on", "id": 25, "target": "corn_1"}, {"source": "corn_1", "label": "beside", "id": 27, "target": "corn_2"}]}