{"nodes": [{"y": 219, "x": 144, "size": 3, "id": "Doll07_0", "label": "person"}, {"y": 279, "x": 626, "size": 4, "id": "Doll18_0", "label": "person"}, {"y": 306, "x": 391, "size": 3, "id": "Doll19_0", "label": "person"}, {"y": 318, "x": 565, "size": 4, "id": "Kitten01_0", "label": "Kitten"}, {"y": 129, "x": 565, "size": 3, "id": "Window03_0", "label": "Window"}, {"y": 127, "x": 351, "size": 3, "id": "Window03_1", "label": "Window"}, {"y": 128, "x": 134, "size": 3, "id": "Window03_2", "label": "Window"}, {"y": 254, "x": 146, "size": 3, "id": "DiningChair_0", "label": "DiningChair"}, {"y": 345, "x": 334, "size": 3, "id": "Rug_0", "label": "Rug"}, {"y": 270, "x": 566, "size": 3, "id": "Dollhouse_0", "label": "Dollhouse"}, {"y": 219, "x": 149, "size": 3, "id": "apple_0", "label": "apple"}, {"y": 331, "x": 491, "size": 3, "id": "apple_1", "label": "apple"}, {"y": 323, "x": 436, "size": 3, "id": "apple_2", "label": "apple"}, {"y": 326, "x": 351, "size": 3, "id": "BuildingToy_0", "label": "BuildingToy"}], "edges": [{"source": "Doll07_0", "label": "opposite", "id": 0, "target": "Doll18_0"}, {"source": "Doll07_0", "label": "near", "id": 1, "target": "Doll19_0"}, {"source": "Doll07_0", "label": "opposite", "id": 2, "target": "Kitten01_0"}, {"source": "Doll07_0", "label": "belowC", "id": 5, "target": "Window03_2"}, {"source": "Doll07_0", "label": "on", "id": 6, "target": "DiningChair_0"}, {"source": "Doll07_0", "label": "near", "id": 7, "target": "Rug_0"}, {"source": "Doll18_0", "label": "near", "id": 13, "target": "Doll19_0"}, {"source": "Doll18_0", "label": "beside", "id": 14, "target": "Kitten01_0"}, {"source": "Doll18_0", "label": "beside", "id": 20, "target": "Dollhouse_0"}, {"source": "Doll18_0", "label": "near", "id": 22, "target": "apple_1"}, {"source": "Doll18_0", "label": "near", "id": 23, "target": "apple_2"}, {"source": "Doll19_0", "label": "near", "id": 25, "target": "Kitten01_0"}, {"source": "Doll19_0", "label": "near", "id": 29, "target": "DiningChair_0"}, {"source": "Doll19_0", "label": "on", "id": 30, "target": "Rug_0"}, {"source": "Doll19_0", "label": "near", "id": 32, "target": "apple_0"}, {"source": "Doll19_0", "label": "beside", "id": 33, "target": "apple_1"}, {"source": "Doll19_0", "label": "beside", "id": 34, "target": "apple_2"}, {"source": "Doll19_0", "label": "beside", "id": 35, "target": "BuildingToy_0"}, {"source": "Kitten01_0", "label": "on", "id": 41, "target": "Dollhouse_0"}, {"source": "Kitten01_0", "label": "beside", "id": 43, "target": "apple_1"}, {"source": "apple_0", "label": "belowC", "id": 66, "target": "Window03_2"}, {"source": "DiningChair_0", "label": "surrounds", "id": 72, "target": "apple_0"}, {"source": "Rug_0", "label": "surrounds", "id": 78, "target": "apple_1"}, {"source": "Rug_0", "label": "surrounds", "id": 79, "target": "apple_2"}, {"source": "Rug_0", "label": "surrounds", "id": 80, "target": "BuildingToy_0"}, {"source": "apple_1", "label": "beside", "id": 88, "target": "apple_2"}]}