{"nodes": [{"y": 280, "x": 532, "size": 3, "id": "Doll16_0", "label": "person"}, {"y": 346, "x": 363, "size": 3, "id": "Rug_0", "label": "Rug"}, {"y": 107, "x": 371, "size": 3, "id": "Picture_0", "label": "Picture"}, {"y": 306, "x": 191, "size": 3, "id": "Sofa_0", "label": "Sofa"}, {"y": 243, "x": 377, "size": 3, "id": "Fireplace_0", "label": "Fireplace"}, {"y": 166, "x": 616, "size": 3, "id": "Door_0", "label": "Door"}, {"y": 313, "x": 530, "size": 3, "id": "GameSystem_0", "label": "GameSystem"}, {"y": 304, "x": 386, "size": 3, "id": "Dollhouse_0", "label": "Dollhouse"}], "edges": [{"source": "Doll16_0", "label": "near", "id": 2, "target": "Sofa_0"}, {"source": "Doll16_0", "label": "near", "id": 3, "target": "Fireplace_0"}, {"source": "Doll16_0", "label": "belowC", "id": 4, "target": "Door_0"}, {"source": "Doll16_0", "label": "on", "id": 5, "target": "GameSystem_0"}, {"source": "Doll16_0", "label": "beside", "id": 6, "target": "Dollhouse_0"}, {"source": "Rug_0", "label": "belowC", "id": 9, "target": "Fireplace_0"}, {"source": "GameSystem_0", "label": "on", "id": 11, "target": "Rug_0"}, {"source": "Dollhouse_0", "label": "on", "id": 12, "target": "Rug_0"}, {"source": "Picture_0", "label": "aboveC", "id": 14, "target": "Fireplace_0"}, {"source": "Dollhouse_0", "label": "belowC", "id": 24, "target": "Fireplace_0"}, {"source": "GameSystem_0", "label": "beside", "id": 27, "target": "Dollhouse_0"}]}