{"nodes": [{"y": 163, "x": 112, "size": 3, "id": "Doll10_0", "label": "person"}, {"y": 157, "x": 194, "size": 3, "id": "Doll08_0", "label": "person"}, {"y": 247, "x": 438, "size": 2, "id": "Duck01_0", "label": "Duck"}, {"y": 46, "x": 98, "size": 3, "id": "cloud_0", "label": "cloud"}, {"y": 82, "x": 429, "size": 3, "id": "cloud_1", "label": "cloud"}, {"y": 146, "x": 616, "size": 3, "id": "tree_0", "label": "tree"}, {"y": 261, "x": 390, "size": 4, "id": "pond_0", "label": "pond"}], "edges": [{"source": "Doll10_0", "label": "near", "id": 0, "target": "Doll08_0"}, {"source": "Doll10_0", "label": "opposite", "id": 1, "target": "Duck01_0"}, {"source": "Doll08_0", "label": "opposite", "id": 6, "target": "Duck01_0"}, {"source": "pond_0", "label": "surrounds", "id": 14, "target": "Duck01_0"}]}