{"nodes": [{"y": 223, "x": 541, "size": 3, "id": "Doll11_0", "label": "person"}, {"y": 221, "x": 297, "size": 3, "id": "Doll14_0", "label": "person"}, {"y": 199, "x": 595, "size": 3, "id": "Rat_0", "label": "Rat"}, {"y": 177, "x": 208, "size": 3, "id": "Pigeon_0", "label": "Pigeon"}, {"y": 152, "x": 592, "size": 3, "id": "bush_0", "label": "bush"}, {"y": 136, "x": 124, "size": 3, "id": "bush_1", "label": "bush"}, {"y": 70, "x": 387, "size": 3, "id": "sun_0", "label": "sun"}, {"y": 187, "x": 350, "size": 3, "id": "baseball_0", "label": "baseball"}], "edges": [{"source": "Doll11_0", "label": "opposite", "id": 0, "target": "Doll14_0"}, {"source": "Doll11_0", "label": "beside", "id": 1, "target": "Rat_0"}, {"source": "Doll14_0", "label": "beside", "id": 12, "target": "baseball_0"}, {"source": "Rat_0", "label": "belowC", "id": 14, "target": "bush_0"}, {"source": "bush_1", "label": "surrounds", "id": 19, "target": "Pigeon_0"}]}