{"nodes": [{"y": 202, "x": 139, "size": 3, "id": "Doll07_0", "label": "person"}, {"y": 262, "x": 503, "size": 2, "id": "Dog01_0", "label": "Dog"}, {"y": 125, "x": 469, "size": 3, "id": "Window02_0", "label": "Window"}, {"y": 237, "x": 133, "size": 3, "id": "Chair02_0", "label": "Chair"}, {"y": 325, "x": 472, "size": 3, "id": "Rug_0", "label": "Rug"}, {"y": 214, "x": 218, "size": 3, "id": "sandwich_0", "label": "sandwich"}], "edges": [{"source": "Doll07_0", "label": "near", "id": 0, "target": "Dog01_0"}, {"source": "Doll07_0", "label": "near", "id": 1, "target": "Window02_0"}, {"source": "Doll07_0", "label": "on", "id": 2, "target": "Chair02_0"}, {"source": "Doll07_0", "label": "near", "id": 3, "target": "Rug_0"}, {"source": "Doll07_0", "label": "beside", "id": 4, "target": "sandwich_0"}, {"source": "Dog01_0", "label": "belowC", "id": 5, "target": "Window02_0"}, {"source": "Dog01_0", "label": "aboveC", "id": 7, "target": "Rug_0"}, {"source": "Window02_0", "label": "above", "id": 10, "target": "Rug_0"}]}