{"nodes": [{"y": 241, "x": 249, "size": 3, "id": "Doll13_0", "label": "person"}, {"y": 233, "x": 491, "size": 3, "id": "Doll13_1", "label": "person"}, {"y": 37, "x": 92, "size": 5, "id": "moon_0", "label": "moon"}, {"y": 215, "x": 63, "size": 3, "id": "bike_0", "label": "bike"}, {"y": 295, "x": 498, "size": 3, "id": "blanket_0", "label": "blanket"}, {"y": 281, "x": 238, "size": 3, "id": "blanket_1", "label": "blanket"}, {"y": 35, "x": 553, "size": 3, "id": "cloud_0", "label": "cloud"}, {"y": 75, "x": 42, "size": 3, "id": "cloud_1", "label": "cloud"}, {"y": 49, "x": 205, "size": 3, "id": "cloud_2", "label": "cloud"}, {"y": 242, "x": 372, "size": 3, "id": "campfire_0", "label": "campfire"}, {"y": 231, "x": 407, "size": 3, "id": "marshmallow_0", "label": "marshmallow"}, {"y": 229, "x": 271, "size": 3, "id": "marshmallow_1", "label": "marshmallow"}, {"y": 305, "x": 550, "size": 5, "id": "skateboard_0", "label": "skateboard"}], "edges": [{"source": "Doll13_0", "label": "on", "id": 4, "target": "blanket_1"}, {"source": "Doll13_0", "label": "beside", "id": 10, "target": "marshmallow_1"}, {"source": "Doll13_1", "label": "aboveC", "id": 14, "target": "blanket_0"}, {"source": "blanket_0", "label": "surrounds", "id": 49, "target": "skateboard_0"}, {"source": "marshmallow_1", "label": "aboveC", "id": 55, "target": "blanket_1"}, {"source": "campfire_0", "label": "beside", "id": 72, "target": "marshmallow_0"}]}