{"nodes": [{"y": 205, "x": 369, "size": 3, "id": "Doll09_0", "label": "person"}, {"y": 344, "x": 252, "size": 3, "id": "Puppy01_0", "label": "Puppy"}, {"y": 70, "x": 367, "size": 3, "id": "Window05_0", "label": "Window"}, {"y": 69, "x": 623, "size": 3, "id": "Window05_1", "label": "Window"}, {"y": 69, "x": 83, "size": 3, "id": "Window05_2", "label": "Window"}, {"y": 356, "x": 348, "size": 3, "id": "Rug_0", "label": "Rug"}, {"y": 184, "x": 14, "size": 3, "id": "Bookshelf_0", "label": "Bookshelf"}, {"y": 223, "x": -15, "size": 3, "id": "Bookshelf_1", "label": "Bookshelf"}, {"y": 241, "x": 358, "size": 3, "id": "Chair02_0", "label": "Chair"}, {"y": 236, "x": 476, "size": 3, "id": "bottle_0", "label": "bottle"}, {"y": 358, "x": 247, "size": 3, "id": "PetBed_0", "label": "PetBed"}], "edges": [{"source": "Doll09_0", "label": "above", "id": 0, "target": "Puppy01_0"}, {"source": "Doll09_0", "label": "belowC", "id": 1, "target": "Window05_0"}, {"source": "Doll09_0", "label": "near", "id": 2, "target": "Window05_1"}, {"source": "Doll09_0", "label": "near", "id": 3, "target": "Window05_2"}, {"source": "Doll09_0", "label": "above", "id": 4, "target": "Rug_0"}, {"source": "Doll09_0", "label": "on", "id": 7, "target": "Chair02_0"}, {"source": "Doll09_0", "label": "beside", "id": 8, "target": "bottle_0"}, {"source": "Doll09_0", "label": "above", "id": 9, "target": "PetBed_0"}, {"source": "Puppy01_0", "label": "below", "id": 10, "target": "Window05_0"}, {"source": "Puppy01_0", "label": "below", "id": 12, "target": "Window05_2"}, {"source": "Rug_0", "label": "surrounds", "id": 13, "target": "Puppy01_0"}, {"source": "Puppy01_0", "label": "beside", "id": 16, "target": "Chair02_0"}, {"source": "Puppy01_0", "label": "on", "id": 18, "target": "PetBed_0"}, {"source": "Window05_0", "label": "above", "id": 24, "target": "Chair02_0"}, {"source": "bottle_0", "label": "below", "id": 25, "target": "Window05_0"}, {"source": "bottle_0", "label": "below", "id": 32, "target": "Window05_1"}, {"source": "Window05_2", "label": "aboveC", "id": 35, "target": "Bookshelf_0"}, {"source": "Rug_0", "label": "belowC", "id": 42, "target": "Chair02_0"}, {"source": "Rug_0", "label": "surrounds", "id": 44, "target": "PetBed_0"}, {"source": "Bookshelf_0", "label": "aboveC", "id": 45, "target": "Bookshelf_1"}, {"source": "bottle_0", "label": "beside", "id": 52, "target": "Chair02_0"}]}