{"nodes": [{"y": 211, "x": 133, "size": 3, "id": "Doll07_0", "label": "person"}, {"y": 224, "x": 64, "size": 3, "id": "Doll08_0", "label": "person"}, {"y": 171, "x": 610, "size": 3, "id": "Doll13_0", "label": "person"}, {"y": 257, "x": 484, "size": 5, "id": "Doll16_0", "label": "person"}, {"y": 32, "x": 266, "size": 3, "id": "Squirrel_0", "label": "Squirrel"}, {"y": 314, "x": 226, "size": 3, "id": "Puppy02_0", "label": "Puppy"}, {"y": 137, "x": 265, "size": 3, "id": "tree_0", "label": "tree"}, {"y": 123, "x": 336, "size": 3, "id": "cloud_0", "label": "cloud"}, {"y": 68, "x": 74, "size": 3, "id": "cloud_1", "label": "cloud"}, {"y": 68, "x": 667, "size": 3, "id": "cloud_2", "label": "cloud"}, {"y": 81, "x": 484, "size": 3, "id": "sun_0", "label": "sun"}, {"y": 272, "x": 99, "size": 3, "id": "bench_0", "label": "bench"}, {"y": 130, "x": 74, "size": 3, "id": "bush_0", "label": "bush"}, {"y": 138, "x": 666, "size": 3, "id": "bush_1", "label": "bush"}, {"y": 117, "x": 497, "size": 3, "id": "bush_2", "label": "bush"}, {"y": 143, "x": 159, "size": 3, "id": "bush_3", "label": "bush"}, {"y": 271, "x": 624, "size": 3, "id": "bike_0", "label": "bike"}, {"y": 331, "x": 475, "size": 1, "id": "jumprope_0", "label": "jumprope"}, {"y": 54, "x": 340, "size": 3, "id": "beehive_0", "label": "beehive"}], "edges": [{"source": "Doll07_0", "label": "beside", "id": 0, "target": "Doll08_0"}, {"source": "Doll07_0", "label": "opposite", "id": 1, "target": "Doll13_0"}, {"source": "Doll07_0", "label": "opposite_behind", "id": 2, "target": "Doll16_0"}, {"source": "Doll07_0", "label": "above", "id": 4, "target": "Puppy02_0"}, {"source": "Doll07_0", "label": "on", "id": 5, "target": "tree_0"}, {"source": "Doll07_0", "label": "on", "id": 10, "target": "bench_0"}, {"source": "Doll08_0", "label": "opposite", "id": 18, "target": "Doll13_0"}, {"source": "Doll08_0", "label": "opposite_behind", "id": 19, "target": "Doll16_0"}, {"source": "Doll08_0", "label": "on", "id": 27, "target": "bench_0"}, {"source": "Doll13_0", "label": "opposite_behind", "id": 35, "target": "Doll16_0"}, {"source": "Doll13_0", "label": "opposite", "id": 37, "target": "Puppy02_0"}, {"source": "Doll13_0", "label": "near", "id": 42, "target": "sun_0"}, {"source": "Doll13_0", "label": "beside", "id": 45, "target": "bush_1"}, {"source": "Doll13_0", "label": "above", "id": 48, "target": "bike_0"}, {"source": "Doll16_0", "label": "opposite_infront", "id": 52, "target": "Puppy02_0"}, {"source": "tree_0", "label": "surrounds", "id": 67, "target": "Squirrel_0"}, {"source": "tree_0", "label": "surrounds", "id": 104, "target": "beehive_0"}, {"source": "beehive_0", "label": "aboveC", "id": 115, "target": "cloud_0"}, {"source": "cloud_1", "label": "aboveC", "id": 119, "target": "bush_0"}, {"source": "cloud_2", "label": "aboveC", "id": 129, "target": "bush_1"}, {"source": "sun_0", "label": "on", "id": 138, "target": "bush_2"}]}