{"nodes": [{"y": 215, "x": 148, "size": 3, "id": "Doll18_0", "label": "person"}, {"y": 66, "x": 372, "size": 3, "id": "Picture_0", "label": "Picture"}, {"y": 240, "x": 370, "size": 3, "id": "Fireplace_0", "label": "Fireplace"}, {"y": 229, "x": 171, "size": 3, "id": "Chair02_0", "label": "Chair"}, {"y": 229, "x": 562, "size": 3, "id": "Chair02_1", "label": "Chair"}, {"y": 305, "x": 272, "size": 3, "id": "cup_0", "label": "cup"}, {"y": 304, "x": 55, "size": 3, "id": "Book_0", "label": "Book"}], "edges": [{"source": "Doll18_0", "label": "near", "id": 1, "target": "Fireplace_0"}, {"source": "Chair02_0", "label": "surrounds", "id": 2, "target": "Doll18_0"}, {"source": "Doll18_0", "label": "beside", "id": 5, "target": "Book_0"}]}