{"nodes": [{"y": 295, "x": 609, "size": 3, "id": "Puppy01_0", "label": "Puppy"}, {"y": 285, "x": 336, "size": 3, "id": "Cat02_0", "label": "Cat"}, {"y": 241, "x": 210, "size": 3, "id": "Cat01_0", "label": "Cat"}, {"y": 114, "x": 338, "size": 3, "id": "Window02_0", "label": "Window"}, {"y": 114, "x": 489, "size": 3, "id": "Window02_1", "label": "Window"}, {"y": 283, "x": 420, "size": 3, "id": "PetBed_0", "label": "PetBed"}, {"y": 302, "x": 650, "size": 3, "id": "DishesSnack_0", "label": "DishesSnack"}], "edges": [{"source": "Cat02_0", "label": "beside", "id": 6, "target": "Cat01_0"}]}