{"nodes": [{"y": 173, "x": 485, "size": 3, "id": "Doll14_0", "label": "person"}, {"y": 264, "x": 227, "size": 3, "id": "Doll16_0", "label": "person"}, {"y": 59, "x": 278, "size": 3, "id": "cloud_0", "label": "cloud"}, {"y": 84, "x": 547, "size": 3, "id": "sun_0", "label": "sun"}, {"y": 217, "x": 582, "size": 3, "id": "bike_0", "label": "bike"}, {"y": 285, "x": 184, "size": 3, "id": "monkeybars_0", "label": "monkeybars"}], "edges": [{"source": "Doll14_0", "label": "opposite", "id": 0, "target": "Doll16_0"}, {"source": "Doll14_0", "label": "near", "id": 3, "target": "bike_0"}, {"source": "monkeybars_0", "label": "surrounds", "id": 8, "target": "Doll16_0"}]}