{"nodes": [{"y": 207, "x": 410, "size": 3, "id": "Doll04_0", "label": "person"}, {"y": 303, "x": 243, "size": 3, "id": "Table_0", "label": "Table"}, {"y": 84, "x": 574, "size": 3, "id": "Picture_0", "label": "Picture"}, {"y": 117, "x": 218, "size": 3, "id": "Window05_0", "label": "Window"}, {"y": 218, "x": 267, "size": 3, "id": "bottle_0", "label": "bottle"}, {"y": 245, "x": 306, "size": 3, "id": "bread_0", "label": "bread"}], "edges": [{"source": "Doll04_0", "label": "near", "id": 0, "target": "Table_0"}, {"source": "Doll04_0", "label": "beside", "id": 3, "target": "bottle_0"}, {"source": "Doll04_0", "label": "beside", "id": 4, "target": "bread_0"}, {"source": "bottle_0", "label": "aboveC", "id": 7, "target": "Table_0"}, {"source": "Table_0", "label": "surrounds", "id": 8, "target": "bread_0"}, {"source": "bottle_0", "label": "belowC", "id": 12, "target": "Window05_0"}, {"source": "bottle_0", "label": "beside", "id": 14, "target": "bread_0"}]}