{"nodes": [{"y": 314, "x": 401, "size": 3, "id": "Doll19_0", "label": "person"}, {"y": 292, "x": 47, "size": 3, "id": "Kitten02_0", "label": "Kitten"}, {"y": 311, "x": 199, "size": 3, "id": "Endtable_0", "label": "Endtable"}, {"y": 239, "x": 198, "size": 3, "id": "TV_0", "label": "TV"}, {"y": 87, "x": 159, "size": 3, "id": "Window02_0", "label": "Window"}, {"y": 89, "x": 568, "size": 3, "id": "Window02_1", "label": "Window"}, {"y": 272, "x": 532, "size": 3, "id": "Couch_0", "label": "Couch"}, {"y": 258, "x": 682, "size": 3, "id": "Plant_0", "label": "Plant"}, {"y": 287, "x": 298, "size": 3, "id": "Toy_0", "label": "Toy"}, {"y": 370, "x": 304, "size": 3, "id": "Toy_1", "label": "Toy"}, {"y": 351, "x": 86, "size": 3, "id": "Yarn_0", "label": "Yarn"}, {"y": 294, "x": 48, "size": 3, "id": "PetBed_0", "label": "PetBed"}], "edges": [{"source": "Doll19_0", "label": "opposite", "id": 0, "target": "Kitten02_0"}, {"source": "Doll19_0", "label": "near", "id": 2, "target": "TV_0"}, {"source": "Doll19_0", "label": "near", "id": 5, "target": "Couch_0"}, {"source": "Doll19_0", "label": "beside", "id": 7, "target": "Toy_0"}, {"source": "Doll19_0", "label": "beside", "id": 8, "target": "Toy_1"}, {"source": "Kitten02_0", "label": "aboveC", "id": 19, "target": "Yarn_0"}, {"source": "PetBed_0", "label": "surrounds", "id": 20, "target": "Kitten02_0"}, {"source": "Endtable_0", "label": "belowC", "id": 21, "target": "TV_0"}, {"source": "Toy_0", "label": "beside", "id": 34, "target": "TV_0"}, {"source": "Toy_1", "label": "below", "id": 35, "target": "TV_0"}, {"source": "Toy_0", "label": "aboveC", "id": 60, "target": "Toy_1"}, {"source": "Yarn_0", "label": "belowC", "id": 65, "target": "PetBed_0"}]}