{"nodes": [{"y": 221, "x": 556, "size": 3, "id": "Doll09_0", "label": "person"}, {"y": 328, "x": 412, "size": 3, "id": "Dog02_0", "label": "Dog"}, {"y": 60, "x": 73, "size": 3, "id": "Picture_0", "label": "Picture"}, {"y": 176, "x": 95, "size": 3, "id": "Picture_1", "label": "Picture"}, {"y": 71, "x": 237, "size": 3, "id": "Picture_2", "label": "Picture"}, {"y": 155, "x": 355, "size": 3, "id": "Picture_3", "label": "Picture"}, {"y": 249, "x": 483, "size": 3, "id": "DogBone_0", "label": "DogBone"}], "edges": [{"source": "Doll09_0", "label": "near", "id": 0, "target": "Dog02_0"}, {"source": "Doll09_0", "label": "beside", "id": 5, "target": "DogBone_0"}, {"source": "Dog02_0", "label": "belowC", "id": 10, "target": "DogBone_0"}, {"source": "Picture_0", "label": "aboveC", "id": 11, "target": "Picture_1"}]}