{"nodes": [{"y": 198, "x": 146, "size": 3, "id": "Doll17_0", "label": "person"}, {"y": 244, "x": 419, "size": 3, "id": "Cat01_0", "label": "Cat"}, {"y": 222, "x": 642, "size": 3, "id": "Rabbit_0", "label": "Rabbit"}, {"y": 317, "x": 128, "size": 5, "id": "blanket_0", "label": "blanket"}, {"y": 62, "x": 423, "size": 3, "id": "cloud_0", "label": "cloud"}, {"y": 53, "x": 87, "size": 3, "id": "cloud_1", "label": "cloud"}, {"y": 51, "x": 339, "size": 3, "id": "sun_0", "label": "sun"}, {"y": 303, "x": 249, "size": 3, "id": "basket_0", "label": "basket"}, {"y": 333, "x": 36, "size": 3, "id": "pail_0", "label": "pail"}, {"y": 338, "x": 306, "size": 3, "id": "jumprope_0", "label": "jumprope"}], "edges": [{"source": "Doll17_0", "label": "opposite", "id": 0, "target": "Cat01_0"}, {"source": "Doll17_0", "label": "above", "id": 6, "target": "basket_0"}, {"source": "Doll17_0", "label": "above", "id": 7, "target": "pail_0"}, {"source": "blanket_0", "label": "surrounds", "id": 28, "target": "pail_0"}]}