{"nodes": [{"y": 145, "x": 559, "size": 3, "id": "Doll15_0", "label": "person"}, {"y": 145, "x": 460, "size": 3, "id": "Doll18_0", "label": "person"}, {"y": 184, "x": 125, "size": 3, "id": "slide_0", "label": "slide"}, {"y": 287, "x": 378, "size": 3, "id": "sandbox_0", "label": "sandbox"}, {"y": 64, "x": 318, "size": 3, "id": "sun_0", "label": "sun"}, {"y": 203, "x": 393, "size": 3, "id": "jumprope_0", "label": "jumprope"}, {"y": 267, "x": 573, "size": 3, "id": "skateboard_0", "label": "skateboard"}], "edges": [{"source": "Doll15_0", "label": "near", "id": 0, "target": "Doll18_0"}, {"source": "Doll15_0", "label": "above", "id": 5, "target": "skateboard_0"}, {"source": "Doll18_0", "label": "above", "id": 7, "target": "sandbox_0"}, {"source": "Doll18_0", "label": "above", "id": 10, "target": "skateboard_0"}]}