{"nodes": [{"y": 235, "x": 509, "size": 3, "id": "Doll02_0", "label": "person"}, {"y": 317, "x": 281, "size": 3, "id": "Doll16_0", "label": "person"}, {"y": 299, "x": 99, "size": 3, "id": "Cat02_0", "label": "Cat"}, {"y": 112, "x": 527, "size": 3, "id": "Window05_0", "label": "Window"}, {"y": 297, "x": 621, "size": 3, "id": "TV_0", "label": "TV"}, {"y": 336, "x": 351, "size": 3, "id": "Rug_0", "label": "Rug"}, {"y": 342, "x": 448, "size": 3, "id": "BuildingToy_0", "label": "BuildingToy"}, {"y": 316, "x": 403, "size": 3, "id": "BuildingToy_1", "label": "BuildingToy"}], "edges": [{"source": "Doll02_0", "label": "near", "id": 0, "target": "Doll16_0"}, {"source": "Doll02_0", "label": "opposite", "id": 1, "target": "Cat02_0"}, {"source": "Doll02_0", "label": "belowC", "id": 2, "target": "Window05_0"}, {"source": "Doll02_0", "label": "beside", "id": 3, "target": "TV_0"}, {"source": "Doll02_0", "label": "near", "id": 4, "target": "Rug_0"}, {"source": "Doll02_0", "label": "aboveC", "id": 5, "target": "BuildingToy_0"}, {"source": "Doll02_0", "label": "beside", "id": 6, "target": "BuildingToy_1"}, {"source": "Doll16_0", "label": "near", "id": 7, "target": "Cat02_0"}, {"source": "Doll16_0", "label": "on", "id": 10, "target": "Rug_0"}, {"source": "Doll16_0", "label": "beside", "id": 12, "target": "BuildingToy_1"}, {"source": "Rug_0", "label": "surrounds", "id": 25, "target": "BuildingToy_0"}, {"source": "Rug_0", "label": "surrounds", "id": 26, "target": "BuildingToy_1"}]}