{"nodes": [{"y": 151, "x": 582, "size": 3, "id": "Doll13_0", "label": "person"}, {"y": 159, "x": 140, "size": 3, "id": "Doll18_0", "label": "person"}, {"y": 164, "x": 41, "size": 3, "id": "Dog01_0", "label": "Dog"}, {"y": 344, "x": 110, "size": 3, "id": "pond_0", "label": "pond"}, {"y": 43, "x": 664, "size": 3, "id": "sun_0", "label": "sun"}, {"y": 334, "x": 213, "size": 3, "id": "bush_0", "label": "bush"}, {"y": 46, "x": 444, "size": 3, "id": "football_0", "label": "football"}], "edges": [{"source": "Doll13_0", "label": "opposite", "id": 0, "target": "Doll18_0"}, {"source": "Doll13_0", "label": "opposite", "id": 1, "target": "Dog01_0"}, {"source": "Doll13_0", "label": "near", "id": 5, "target": "football_0"}, {"source": "Doll18_0", "label": "near", "id": 6, "target": "Dog01_0"}, {"source": "Doll18_0", "label": "above", "id": 7, "target": "pond_0"}, {"source": "Doll18_0", "label": "above", "id": 9, "target": "bush_0"}]}