{"nodes": [{"y": 205, "x": 464, "size": 3, "id": "Doll17_0", "label": "person"}, {"y": 152, "x": 193, "size": 3, "id": "tree_0", "label": "tree"}, {"y": 110, "x": 654, "size": 3, "id": "tree_1", "label": "tree"}, {"y": 340, "x": 338, "size": 3, "id": "bush_0", "label": "bush"}, {"y": 364, "x": 39, "size": 3, "id": "bush_1", "label": "bush"}, {"y": 360, "x": 666, "size": 3, "id": "bush_2", "label": "bush"}, {"y": 44, "x": 570, "size": 3, "id": "cloud_0", "label": "cloud"}, {"y": 49, "x": 394, "size": 3, "id": "cloud_1", "label": "cloud"}, {"y": 78, "x": 255, "size": 3, "id": "beehive_0", "label": "beehive"}, {"y": 286, "x": 207, "size": 3, "id": "mushroom_0", "label": "mushroom"}, {"y": 108, "x": 323, "size": 3, "id": "baseball_0", "label": "baseball"}], "edges": [{"source": "Doll17_0", "label": "above", "id": 2, "target": "bush_0"}, {"source": "Doll17_0", "label": "near", "id": 9, "target": "baseball_0"}, {"source": "tree_0", "label": "surrounds", "id": 16, "target": "beehive_0"}, {"source": "tree_0", "label": "surrounds", "id": 17, "target": "mushroom_0"}, {"source": "tree_0", "label": "surrounds", "id": 18, "target": "baseball_0"}, {"source": "beehive_0", "label": "beside", "id": 53, "target": "baseball_0"}]}