{"nodes": [{"y": 217, "x": 337, "size": 3, "id": "Doll17_0", "label": "person"}, {"y": 57, "x": 543, "size": 3, "id": "Robin_0", "label": "Robin"}, {"y": 61, "x": 97, "size": 3, "id": "Robin_1", "label": "Robin"}, {"y": 36, "x": 346, "size": 3, "id": "cloud_0", "label": "cloud"}, {"y": 248, "x": 501, "size": 3, "id": "seesaw_0", "label": "seesaw"}, {"y": 204, "x": 166, "size": 3, "id": "tree_0", "label": "tree"}], "edges": [{"source": "Doll17_0", "label": "near", "id": 3, "target": "seesaw_0"}, {"source": "Doll17_0", "label": "near", "id": 4, "target": "tree_0"}]}