{"nodes": [{"y": 181, "x": 372, "size": 3, "id": "Doll12_0", "label": "person"}, {"y": 185, "x": 568, "size": 3, "id": "Doll03_0", "label": "person"}, {"y": 238, "x": 464, "size": 3, "id": "Doll15_0", "label": "person"}, {"y": 197, "x": 132, "size": 3, "id": "Duck02_0", "label": "Duck"}, {"y": 296, "x": 142, "size": 3, "id": "Duck02_1", "label": "Duck"}, {"y": 296, "x": 408, "size": 3, "id": "Puppy01_0", "label": "Puppy"}, {"y": 309, "x": 165, "size": 3, "id": "pond_0", "label": "pond"}, {"y": 104, "x": 623, "size": 3, "id": "tree_0", "label": "tree"}, {"y": 245, "x": 192, "size": 3, "id": "flower_0", "label": "flower"}, {"y": 243, "x": 85, "size": 3, "id": "flower_1", "label": "flower"}, {"y": 313, "x": 88, "size": 3, "id": "flower_2", "label": "flower"}, {"y": 312, "x": 256, "size": 3, "id": "flower_3", "label": "flower"}], "edges": [{"source": "Doll12_0", "label": "opposite", "id": 0, "target": "Doll03_0"}, {"source": "Doll12_0", "label": "near", "id": 1, "target": "Doll15_0"}, {"source": "Doll12_0", "label": "above", "id": 4, "target": "Puppy01_0"}, {"source": "Doll12_0", "label": "above", "id": 10, "target": "flower_3"}, {"source": "Doll03_0", "label": "near", "id": 11, "target": "Doll15_0"}, {"source": "Doll03_0", "label": "opposite", "id": 12, "target": "Duck02_0"}, {"source": "Doll03_0", "label": "opposite", "id": 13, "target": "Duck02_1"}, {"source": "tree_0", "label": "surrounds", "id": 16, "target": "Doll03_0"}, {"source": "Doll15_0", "label": "opposite", "id": 21, "target": "Duck02_0"}, {"source": "Doll15_0", "label": "opposite", "id": 22, "target": "Duck02_1"}, {"source": "Doll15_0", "label": "above", "id": 23, "target": "Puppy01_0"}, {"source": "Duck02_0", "label": "above", "id": 30, "target": "Duck02_1"}, {"source": "Duck02_0", "label": "above", "id": 32, "target": "pond_0"}, {"source": "pond_0", "label": "surrounds", "id": 39, "target": "Duck02_1"}, {"source": "Duck02_1", "label": "belowC", "id": 41, "target": "flower_0"}, {"source": "flower_0", "label": "aboveC", "id": 52, "target": "pond_0"}, {"source": "pond_0", "label": "surrounds", "id": 54, "target": "flower_2"}, {"source": "flower_3", "label": "on", "id": 55, "target": "pond_0"}, {"source": "flower_1", "label": "aboveC", "id": 63, "target": "flower_2"}]}