{"nodes": [{"y": 207, "x": 413, "size": 3, "id": "Doll14_0", "label": "person"}, {"y": 211, "x": 472, "size": 3, "id": "Doll13_0", "label": "person"}, {"y": 113, "x": 108, "size": 3, "id": "tree_0", "label": "tree"}, {"y": 126, "x": 289, "size": 3, "id": "tree_1", "label": "tree"}, {"y": 164, "x": 498, "size": 3, "id": "bush_0", "label": "bush"}, {"y": 184, "x": 629, "size": 3, "id": "bush_1", "label": "bush"}, {"y": 43, "x": 649, "size": 3, "id": "sun_0", "label": "sun"}], "edges": [{"source": "Doll14_0", "label": "beside", "id": 0, "target": "Doll13_0"}, {"source": "Doll13_0", "label": "on", "id": 8, "target": "bush_0"}]}