{"nodes": [{"y": 240, "x": 201, "size": 3, "id": "Doll12_0", "label": "person"}, {"y": 323, "x": 403, "size": 3, "id": "Dog02_0", "label": "Dog"}, {"y": 283, "x": 166, "size": 3, "id": "Sofa_0", "label": "Sofa"}, {"y": 129, "x": 577, "size": 3, "id": "Window03_0", "label": "Window"}, {"y": 343, "x": 513, "size": 3, "id": "Rug_0", "label": "Rug"}, {"y": 336, "x": 34, "size": 3, "id": "Plant_0", "label": "Plant"}, {"y": 121, "x": 276, "size": 3, "id": "Picture_0", "label": "Picture"}], "edges": [{"source": "Doll12_0", "label": "near", "id": 0, "target": "Dog02_0"}, {"source": "Sofa_0", "label": "surrounds", "id": 1, "target": "Doll12_0"}, {"source": "Doll12_0", "label": "belowC", "id": 5, "target": "Picture_0"}, {"source": "Dog02_0", "label": "on", "id": 8, "target": "Rug_0"}]}