{"nodes": [{"y": 313, "x": 507, "size": 3, "id": "Doll12_0", "label": "person"}, {"y": 48, "x": 522, "size": 3, "id": "Duck01_0", "label": "Duck"}, {"y": 46, "x": 271, "size": 3, "id": "Duck01_1", "label": "Duck"}, {"y": 79, "x": 627, "size": 3, "id": "Duck01_2", "label": "Duck"}, {"y": 315, "x": 153, "size": 3, "id": "Turtle_0", "label": "Turtle"}, {"y": 320, "x": 76, "size": 3, "id": "Duck02_0", "label": "Duck"}, {"y": 301, "x": 115, "size": 3, "id": "Duck02_1", "label": "Duck"}, {"y": 162, "x": 82, "size": 5, "id": "bush_0", "label": "bush"}, {"y": 190, "x": 170, "size": 5, "id": "bush_1", "label": "bush"}, {"y": 156, "x": 264, "size": 5, "id": "bush_2", "label": "bush"}, {"y": 192, "x": 368, "size": 5, "id": "bush_3", "label": "bush"}, {"y": 156, "x": 484, "size": 5, "id": "bush_4", "label": "bush"}, {"y": 344, "x": 459, "size": 3, "id": "blanket_0", "label": "blanket"}, {"y": 119, "x": 664, "size": 3, "id": "tree_0", "label": "tree"}, {"y": 317, "x": 109, "size": 3, "id": "pond_0", "label": "pond"}, {"y": 47, "x": 43, "size": 3, "id": "sun_0", "label": "sun"}, {"y": 322, "x": 422, "size": 3, "id": "basket_0", "label": "basket"}, {"y": 303, "x": 411, "size": 3, "id": "apple_0", "label": "apple"}, {"y": 304, "x": 429, "size": 3, "id": "apple_1", "label": "apple"}], "edges": [{"source": "Doll12_0", "label": "on", "id": 11, "target": "blanket_0"}, {"source": "tree_0", "label": "surrounds", "id": 60, "target": "Duck01_2"}, {"source": "pond_0", "label": "surrounds", "id": 75, "target": "Turtle_0"}, {"source": "Duck02_0", "label": "beside", "id": 80, "target": "Duck02_1"}, {"source": "pond_0", "label": "surrounds", "id": 88, "target": "Duck02_0"}, {"source": "pond_0", "label": "surrounds", "id": 100, "target": "Duck02_1"}, {"source": "blanket_0", "label": "surrounds", "id": 153, "target": "basket_0"}, {"source": "apple_0", "label": "on", "id": 154, "target": "blanket_0"}, {"source": "apple_1", "label": "on", "id": 155, "target": "blanket_0"}, {"source": "basket_0", "label": "belowC", "id": 168, "target": "apple_0"}, {"source": "basket_0", "label": "belowC", "id": 169, "target": "apple_1"}]}