{"nodes": [{"y": 230, "x": 597, "size": 3, "id": "Doll12_0", "label": "person"}, {"y": 179, "x": 150, "size": 2, "id": "Doll03_0", "label": "person"}, {"y": 221, "x": 364, "size": 3, "id": "Doll02_0", "label": "person"}, {"y": 322, "x": 488, "size": 2, "id": "DiningTable_0", "label": "DiningTable"}, {"y": 342, "x": 250, "size": 5, "id": "Stool_0", "label": "Stool"}, {"y": 262, "x": 134, "size": 1, "id": "Stool_1", "label": "Stool"}, {"y": 348, "x": 48, "size": 3, "id": "Stool_2", "label": "Stool"}, {"y": 125, "x": 611, "size": 3, "id": "Window02_0", "label": "Window"}, {"y": 263, "x": 447, "size": 3, "id": "DishesMeal_0", "label": "DishesMeal"}, {"y": 262, "x": 507, "size": 3, "id": "DishesMeal_1", "label": "DishesMeal"}, {"y": 287, "x": 438, "size": 3, "id": "DishesMeal_2", "label": "DishesMeal"}, {"y": 285, "x": 532, "size": 2, "id": "DishesMeal_3", "label": "DishesMeal"}, {"y": 235, "x": 167, "size": 4, "id": "DishesMeal_4", "label": "DishesMeal"}, {"y": 283, "x": 484, "size": 3, "id": "bread_0", "label": "bread"}], "edges": [{"source": "Doll12_0", "label": "opposite", "id": 0, "target": "Doll03_0"}, {"source": "Doll12_0", "label": "near", "id": 1, "target": "Doll02_0"}, {"source": "Doll12_0", "label": "belowC", "id": 6, "target": "Window02_0"}, {"source": "Doll12_0", "label": "beside", "id": 8, "target": "DishesMeal_1"}, {"source": "Doll12_0", "label": "beside", "id": 10, "target": "DishesMeal_3"}, {"source": "Doll03_0", "label": "near", "id": 13, "target": "Doll02_0"}, {"source": "Doll03_0", "label": "above_behind", "id": 15, "target": "Stool_0"}, {"source": "Doll03_0", "label": "aboveC", "id": 16, "target": "Stool_1"}, {"source": "Doll03_0", "label": "above", "id": 17, "target": "Stool_2"}, {"source": "Doll02_0", "label": "near", "id": 25, "target": "DiningTable_0"}, {"source": "Doll02_0", "label": "above_behind", "id": 26, "target": "Stool_0"}, {"source": "Doll02_0", "label": "near_infront", "id": 27, "target": "Stool_1"}, {"source": "Doll02_0", "label": "beside", "id": 30, "target": "DishesMeal_0"}, {"source": "Doll02_0", "label": "beside", "id": 32, "target": "DishesMeal_2"}, {"source": "DishesMeal_0", "label": "aboveC", "id": 40, "target": "DiningTable_0"}, {"source": "DishesMeal_1", "label": "aboveC", "id": 41, "target": "DiningTable_0"}, {"source": "DishesMeal_2", "label": "on", "id": 42, "target": "DiningTable_0"}, {"source": "DiningTable_0", "label": "surrounds", "id": 43, "target": "DishesMeal_3"}, {"source": "DiningTable_0", "label": "surrounds", "id": 45, "target": "bread_0"}, {"source": "DishesMeal_0", "label": "aboveC", "id": 77, "target": "DishesMeal_2"}]}