{"nodes": [{"y": 276.030029296875, "x": 122.72000122070312, "size": 3, "id": "Doll18_0", "label": "person"}, {"y": 270.510009765625, "x": 234.43997192382812, "size": 3, "id": "Doll15_0", "label": "person"}, {"y": 323.5899658203125, "x": 196.51998901367188, "size": 3, "id": "blanket_0", "label": "blanket"}, {"y": 54.89996337890625, "x": 248.92999267578125, "size": 3, "id": "cloud_0", "label": "cloud"}, {"y": 63.17999267578125, "x": 475.8299865722656, "size": 3, "id": "cloud_1", "label": "cloud"}, {"y": 102.489990234375, "x": 576.5199584960938, "size": 3, "id": "cloud_2", "label": "cloud"}, {"y": 149.3800048828125, "x": 111.68998718261719, "size": 3, "id": "monkeybars_0", "label": "monkeybars"}, {"y": 18.760009765625, "x": 46.16999816894531, "size": 3, "id": "sun_0", "label": "sun"}, {"y": 210.0699462890625, "x": 582.719970703125, "size": 3, "id": "bench_0", "label": "bench"}, {"y": 99.3499755859375, "x": 350.30999755859375, "size": 3, "id": "tree_0", "label": "tree"}, {"y": 277.820068359375, "x": 191, "size": 3, "id": "apple_0", "label": "apple"}, {"y": 297.1400146484375, "x": 189.6199951171875, "size": 3, "id": "plate_0", "label": "plate"}, {"y": 317.8299560546875, "x": 226.17999267578125, "size": 3, "id": "basket_0", "label": "basket"}], "edges": [{"source": "Doll18_0", "label": "near", "id": 0, "target": "Doll15_0"}, {"source": "Doll18_0", "label": "below", "id": 5, "target": "monkeybars_0"}, {"source": "Doll18_0", "label": "beside", "id": 9, "target": "apple_0"}, {"source": "Doll18_0", "label": "beside", "id": 10, "target": "plate_0"}, {"source": "Doll15_0", "label": "aboveC", "id": 12, "target": "blanket_0"}, {"source": "Doll15_0", "label": "near", "id": 16, "target": "monkeybars_0"}, {"source": "Doll15_0", "label": "beside", "id": 20, "target": "apple_0"}, {"source": "Doll15_0", "label": "beside", "id": 21, "target": "plate_0"}, {"source": "Doll15_0", "label": "aboveC", "id": 22, "target": "basket_0"}, {"source": "apple_0", "label": "on", "id": 30, "target": "blanket_0"}, {"source": "blanket_0", "label": "surrounds", "id": 31, "target": "plate_0"}, {"source": "blanket_0", "label": "surrounds", "id": 32, "target": "basket_0"}, {"source": "apple_0", "label": "aboveC", "id": 75, "target": "plate_0"}, {"source": "apple_0", "label": "aboveC", "id": 76, "target": "basket_0"}]}