{"nodes": [{"y": 196, "x": 442, "size": 3, "id": "Doll17_0", "label": "person"}, {"y": 198, "x": 227, "size": 3, "id": "Doll15_0", "label": "person"}, {"y": 254, "x": 328, "size": 3, "id": "Koi_0", "label": "Koi"}, {"y": 261, "x": 282, "size": 3, "id": "Koi_1", "label": "Koi"}, {"y": 245, "x": 397, "size": 3, "id": "Koi_2", "label": "Koi"}, {"y": 80, "x": 545, "size": 3, "id": "Eagle_0", "label": "Eagle"}, {"y": 93, "x": 572, "size": 3, "id": "Eagle_1", "label": "Eagle"}, {"y": 255, "x": 313, "size": 5, "id": "pond_0", "label": "pond"}, {"y": 197, "x": 659, "size": 3, "id": "bush_0", "label": "bush"}, {"y": 130, "x": 173, "size": 3, "id": "bush_1", "label": "bush"}, {"y": 117, "x": 598, "size": 3, "id": "tree_0", "label": "tree"}, {"y": 70, "x": 138, "size": 3, "id": "tree_1", "label": "tree"}, {"y": 256, "x": 430, "size": 3, "id": "flower_0", "label": "flower"}, {"y": 208, "x": 185, "size": 3, "id": "flower_1", "label": "flower"}, {"y": 208, "x": 176, "size": 3, "id": "flower_2", "label": "flower"}, {"y": 212, "x": 83, "size": 3, "id": "flower_3", "label": "flower"}, {"y": 269, "x": 117, "size": 3, "id": "flower_4", "label": "flower"}], "edges": [{"source": "Doll17_0", "label": "opposite", "id": 0, "target": "Doll15_0"}, {"source": "Doll17_0", "label": "near", "id": 1, "target": "Koi_0"}, {"source": "Doll17_0", "label": "near", "id": 2, "target": "Koi_1"}, {"source": "Doll17_0", "label": "aboveC", "id": 3, "target": "Koi_2"}, {"source": "Doll17_0", "label": "aboveC", "id": 11, "target": "flower_0"}, {"source": "Doll15_0", "label": "near", "id": 16, "target": "Koi_0"}, {"source": "Doll15_0", "label": "above", "id": 17, "target": "Koi_1"}, {"source": "Doll15_0", "label": "near", "id": 18, "target": "Koi_2"}, {"source": "Doll15_0", "label": "beside", "id": 27, "target": "flower_1"}, {"source": "Doll15_0", "label": "beside", "id": 28, "target": "flower_2"}, {"source": "Koi_0", "label": "beside", "id": 31, "target": "Koi_1"}, {"source": "Koi_0", "label": "beside", "id": 32, "target": "Koi_2"}, {"source": "pond_0", "label": "surrounds", "id": 35, "target": "Koi_0"}, {"source": "pond_0", "label": "surrounds", "id": 48, "target": "Koi_1"}, {"source": "pond_0", "label": "surrounds", "id": 60, "target": "Koi_2"}, {"source": "tree_0", "label": "surrounds", "id": 74, "target": "Eagle_0"}, {"source": "tree_0", "label": "surrounds", "id": 84, "target": "Eagle_1"}, {"source": "tree_0", "label": "surrounds", "id": 101, "target": "bush_0"}, {"source": "tree_1", "label": "surrounds", "id": 109, "target": "bush_1"}, {"source": "flower_3", "label": "aboveC", "id": 135, "target": "flower_4"}]}