{"nodes": [{"y": 238, "x": 555, "size": 3, "id": "Fireplace_0", "label": "Fireplace"}, {"y": 346, "x": 353, "size": 3, "id": "Rug_0", "label": "Rug"}, {"y": 246, "x": 70, "size": 3, "id": "Plant_0", "label": "Plant"}, {"y": 249, "x": 298, "size": 3, "id": "Plant_1", "label": "Plant"}, {"y": 104, "x": 547, "size": 3, "id": "Window02_0", "label": "Window"}, {"y": 161, "x": 187, "size": 3, "id": "Door_0", "label": "Door"}], "edges": [{"source": "Fireplace_0", "label": "belowC", "id": 3, "target": "Window02_0"}, {"source": "Rug_0", "label": "belowC", "id": 6, "target": "Plant_1"}, {"source": "Rug_0", "label": "below", "id": 8, "target": "Door_0"}]}