{"nodes": [{"y": 290, "x": 553, "size": 3, "id": "Doll18_0", "label": "person"}, {"y": 293, "x": 457, "size": 3, "id": "Doll16_0", "label": "person"}, {"y": 357, "x": 419, "size": 3, "id": "Puppy02_0", "label": "Puppy"}, {"y": 336, "x": 515, "size": 3, "id": "CoffeeTable_0", "label": "CoffeeTable"}, {"y": 246, "x": 307, "size": 3, "id": "Fireplace_0", "label": "Fireplace"}, {"y": 133, "x": 498, "size": 3, "id": "Window05_0", "label": "Window"}, {"y": 351, "x": 332, "size": 3, "id": "Rug_0", "label": "Rug"}, {"y": 208, "x": 49, "size": 3, "id": "Bookshelf_0", "label": "Bookshelf"}, {"y": 146, "x": 304, "size": 3, "id": "Plant_0", "label": "Plant"}], "edges": [{"source": "Doll18_0", "label": "beside", "id": 0, "target": "Doll16_0"}, {"source": "Doll18_0", "label": "beside", "id": 1, "target": "Puppy02_0"}, {"source": "Doll18_0", "label": "aboveC", "id": 2, "target": "CoffeeTable_0"}, {"source": "Doll16_0", "label": "aboveC", "id": 8, "target": "Puppy02_0"}, {"source": "Doll16_0", "label": "beside", "id": 9, "target": "CoffeeTable_0"}, {"source": "Doll16_0", "label": "beside", "id": 12, "target": "Rug_0"}, {"source": "Puppy02_0", "label": "on", "id": 15, "target": "CoffeeTable_0"}, {"source": "Rug_0", "label": "surrounds", "id": 18, "target": "Puppy02_0"}, {"source": "CoffeeTable_0", "label": "on", "id": 23, "target": "Rug_0"}, {"source": "Fireplace_0", "label": "aboveC", "id": 27, "target": "Rug_0"}, {"source": "Fireplace_0", "label": "belowC", "id": 29, "target": "Plant_0"}]}