{"nodes": [{"y": 176, "x": 153, "size": 3, "id": "Doll17_0", "label": "person"}, {"y": 182, "x": 255, "size": 3, "id": "Doll18_0", "label": "person"}, {"y": 283, "x": 273, "size": 3, "id": "Cat01_0", "label": "Cat"}, {"y": 79, "x": 641, "size": 3, "id": "Picture_0", "label": "Picture"}, {"y": 209, "x": 195, "size": 3, "id": "Couch_0", "label": "Couch"}, {"y": 358, "x": 292, "size": 3, "id": "Footstool_0", "label": "Footstool"}, {"y": 162, "x": 474, "size": 3, "id": "Bookshelf_0", "label": "Bookshelf"}, {"y": 272, "x": 518, "size": 3, "id": "Doll_0", "label": "Doll"}, {"y": 101, "x": 448, "size": 3, "id": "Doll_1", "label": "Doll"}, {"y": 235, "x": 467, "size": 3, "id": "BuildingToy_0", "label": "BuildingToy"}, {"y": 173, "x": 481, "size": 3, "id": "BuildingToy_1", "label": "BuildingToy"}], "edges": [{"source": "Doll17_0", "label": "beside", "id": 0, "target": "Doll18_0"}, {"source": "Doll17_0", "label": "near", "id": 1, "target": "Cat01_0"}, {"source": "Couch_0", "label": "surrounds", "id": 3, "target": "Doll17_0"}, {"source": "Doll17_0", "label": "above", "id": 4, "target": "Footstool_0"}, {"source": "Doll18_0", "label": "aboveC", "id": 10, "target": "Cat01_0"}, {"source": "Doll18_0", "label": "on", "id": 12, "target": "Couch_0"}, {"source": "Doll18_0", "label": "above", "id": 13, "target": "Footstool_0"}, {"source": "Cat01_0", "label": "on", "id": 20, "target": "Couch_0"}, {"source": "Cat01_0", "label": "aboveC", "id": 21, "target": "Footstool_0"}, {"source": "Doll_0", "label": "on", "id": 45, "target": "Bookshelf_0"}, {"source": "Bookshelf_0", "label": "surrounds", "id": 46, "target": "Doll_1"}, {"source": "Bookshelf_0", "label": "surrounds", "id": 47, "target": "BuildingToy_0"}, {"source": "Bookshelf_0", "label": "surrounds", "id": 48, "target": "BuildingToy_1"}, {"source": "Doll_0", "label": "belowC", "id": 51, "target": "BuildingToy_1"}, {"source": "Doll_1", "label": "aboveC", "id": 52, "target": "BuildingToy_0"}, {"source": "Doll_1", "label": "aboveC", "id": 53, "target": "BuildingToy_1"}, {"source": "BuildingToy_0", "label": "belowC", "id": 54, "target": "BuildingToy_1"}]}