{"nodes": [{"y": 190, "x": 313, "size": 3, "id": "Doll05_0", "label": "person"}, {"y": 195, "x": 394, "size": 3, "id": "Doll15_0", "label": "person"}, {"y": 289, "x": 573, "size": 3, "id": "Pigeon_0", "label": "Pigeon"}, {"y": 306, "x": 501, "size": 3, "id": "Pigeon_1", "label": "Pigeon"}, {"y": 204, "x": 637, "size": 3, "id": "bush_0", "label": "bush"}, {"y": 273, "x": 673, "size": 3, "id": "bush_1", "label": "bush"}, {"y": 90, "x": 585, "size": 3, "id": "sun_0", "label": "sun"}, {"y": 78, "x": 56, "size": 3, "id": "tree_0", "label": "tree"}, {"y": 209, "x": 33, "size": 3, "id": "tree_1", "label": "tree"}, {"y": 113, "x": 126, "size": 3, "id": "tree_2", "label": "tree"}, {"y": 247, "x": 323, "size": 5, "id": "blanket_0", "label": "blanket"}], "edges": [{"source": "Doll05_0", "label": "near", "id": 0, "target": "Doll15_0"}, {"source": "Doll15_0", "label": "above", "id": 11, "target": "Pigeon_1"}, {"source": "tree_0", "label": "on", "id": 50, "target": "tree_2"}]}