{"nodes": [{"y": 331, "x": 306, "size": 3, "id": "Doll19_0", "label": "person"}, {"y": 333, "x": 493, "size": 3, "id": "Doll19_1", "label": "person"}, {"y": 339, "x": 398, "size": 3, "id": "Rug_0", "label": "Rug"}, {"y": 321, "x": 389, "size": 3, "id": "teaset_0", "label": "teaset"}, {"y": 325, "x": 173, "size": 3, "id": "Doll_0", "label": "Doll"}, {"y": 315, "x": 548, "size": 3, "id": "Doll_1", "label": "Doll"}, {"y": 319, "x": 117, "size": 3, "id": "Doll_2", "label": "Doll"}, {"y": 336, "x": 644, "size": 3, "id": "Doll_3", "label": "Doll"}], "edges": [{"source": "Rug_0", "label": "surrounds", "id": 1, "target": "Doll19_0"}, {"source": "Doll19_0", "label": "beside", "id": 2, "target": "teaset_0"}, {"source": "Doll19_0", "label": "beside", "id": 3, "target": "Doll_0"}, {"source": "Rug_0", "label": "surrounds", "id": 7, "target": "Doll19_1"}, {"source": "Doll19_1", "label": "beside", "id": 8, "target": "teaset_0"}, {"source": "Doll19_1", "label": "beside", "id": 10, "target": "Doll_1"}, {"source": "Rug_0", "label": "surrounds", "id": 13, "target": "teaset_0"}, {"source": "Doll_1", "label": "on", "id": 15, "target": "Rug_0"}]}