{"nodes": [{"y": 182, "x": 191, "size": 3, "id": "Doll19_0", "label": "person"}, {"y": 71, "x": 433, "size": 3, "id": "Bluejay_0", "label": "Bluejay"}, {"y": 308, "x": 483, "size": 3, "id": "Chipmunk_0", "label": "Chipmunk"}, {"y": 181, "x": 567, "size": 3, "id": "tree_0", "label": "tree"}, {"y": 51, "x": 307, "size": 3, "id": "sun_0", "label": "sun"}, {"y": 119, "x": 87, "size": 3, "id": "bush_0", "label": "bush"}, {"y": 243, "x": 213, "size": 3, "id": "slide_0", "label": "slide"}], "edges": [{"source": "Doll19_0", "label": "on", "id": 5, "target": "slide_0"}, {"source": "Chipmunk_0", "label": "on", "id": 11, "target": "tree_0"}]}