{"nodes": [{"y": 219, "x": 277, "size": 3, "id": "Doll04_0", "label": "person"}, {"y": 304, "x": 462, "size": 1, "id": "Cat02_0", "label": "Cat"}, {"y": 164, "x": 60, "size": 3, "id": "Door_0", "label": "Door"}, {"y": 250, "x": 295, "size": 1, "id": "Couch_0", "label": "Couch"}, {"y": 299, "x": 599, "size": 3, "id": "Couch_1", "label": "Couch"}, {"y": 135, "x": 287, "size": 5, "id": "Window03_0", "label": "Window"}, {"y": 366, "x": 277, "size": 1, "id": "Rug_0", "label": "Rug"}], "edges": [{"source": "Doll04_0", "label": "near_infront", "id": 0, "target": "Cat02_0"}, {"source": "Doll04_0", "label": "above_infront", "id": 2, "target": "Couch_0"}, {"source": "Doll04_0", "label": "near", "id": 3, "target": "Couch_1"}, {"source": "Cat02_0", "label": "beside_behind", "id": 8, "target": "Couch_1"}, {"source": "Couch_0", "label": "aboveC", "id": 17, "target": "Rug_0"}]}