{"nodes": [{"y": 265, "x": 195, "size": 3, "id": "Doll16_0", "label": "person"}, {"y": 277, "x": 430, "size": 3, "id": "Kitten02_0", "label": "Kitten"}, {"y": 38, "x": 414, "size": 3, "id": "cloud_0", "label": "cloud"}, {"y": 32, "x": 119, "size": 3, "id": "cloud_1", "label": "cloud"}, {"y": 337, "x": 544, "size": 3, "id": "sidewalk_0", "label": "sidewalk"}, {"y": 135, "x": 647, "size": 3, "id": "tree_0", "label": "tree"}, {"y": 142, "x": 193, "size": 3, "id": "monkeybars_0", "label": "monkeybars"}, {"y": 60, "x": 546, "size": 3, "id": "sun_0", "label": "sun"}, {"y": 284, "x": 118, "size": 3, "id": "bench_0", "label": "bench"}, {"y": 171, "x": 464, "size": 3, "id": "bush_0", "label": "bush"}, {"y": 297, "x": 361, "size": 1, "id": "soccer_0", "label": "soccer"}, {"y": 222, "x": 674, "size": 1, "id": "flower_0", "label": "flower"}], "edges": [{"source": "Doll16_0", "label": "opposite", "id": 0, "target": "Kitten02_0"}, {"source": "Doll16_0", "label": "on", "id": 7, "target": "bench_0"}, {"source": "Doll16_0", "label": "near_infront", "id": 9, "target": "soccer_0"}, {"source": "Kitten02_0", "label": "on", "id": 13, "target": "sidewalk_0"}, {"source": "Kitten02_0", "label": "beside_infront", "id": 19, "target": "soccer_0"}, {"source": "sidewalk_0", "label": "surrounds", "id": 43, "target": "soccer_0"}, {"source": "tree_0", "label": "surrounds", "id": 50, "target": "flower_0"}]}