{"nodes": [{"y": 279, "x": 528, "size": 3, "id": "Doll17_0", "label": "person"}, {"y": 52, "x": 390, "size": 3, "id": "Duck01_0", "label": "Duck"}, {"y": 52, "x": 203, "size": 3, "id": "cloud_0", "label": "cloud"}, {"y": 82, "x": 672, "size": 3, "id": "cloud_1", "label": "cloud"}, {"y": 169, "x": 111, "size": 3, "id": "bush_0", "label": "bush"}, {"y": 192, "x": 356, "size": 3, "id": "bush_1", "label": "bush"}, {"y": 180, "x": 602, "size": 3, "id": "bush_2", "label": "bush"}, {"y": 319, "x": 544, "size": 3, "id": "bench_0", "label": "bench"}, {"y": 63, "x": 515, "size": 3, "id": "sun_0", "label": "sun"}, {"y": 331, "x": 576, "size": 3, "id": "skateboard_0", "label": "skateboard"}], "edges": [{"source": "Doll17_0", "label": "on", "id": 6, "target": "bench_0"}, {"source": "Doll17_0", "label": "aboveC", "id": 8, "target": "skateboard_0"}, {"source": "bench_0", "label": "surrounds", "id": 43, "target": "skateboard_0"}]}