{"nodes": [{"y": 315, "x": 380, "size": 3, "id": "Doll16_0", "label": "person"}, {"y": 324, "x": 259, "size": 3, "id": "Puppy02_0", "label": "Puppy"}, {"y": 338, "x": 316, "size": 3, "id": "Puppy02_1", "label": "Puppy"}, {"y": 113, "x": 191, "size": 3, "id": "TV_0", "label": "TV"}, {"y": 297, "x": 560, "size": 3, "id": "Sofa_0", "label": "Sofa"}, {"y": 218, "x": 196, "size": 3, "id": "Fireplace_0", "label": "Fireplace"}, {"y": 146, "x": 503, "size": 3, "id": "Window03_0", "label": "Window"}, {"y": 246, "x": 81, "size": 3, "id": "Plant_0", "label": "Plant"}, {"y": 239, "x": 310, "size": 3, "id": "Plant_1", "label": "Plant"}], "edges": [{"source": "Doll16_0", "label": "beside", "id": 0, "target": "Puppy02_0"}, {"source": "Doll16_0", "label": "beside", "id": 1, "target": "Puppy02_1"}, {"source": "Doll16_0", "label": "near", "id": 4, "target": "Fireplace_0"}, {"source": "Doll16_0", "label": "belowC", "id": 7, "target": "Plant_1"}, {"source": "Puppy02_0", "label": "belowC", "id": 11, "target": "Fireplace_0"}, {"source": "Puppy02_0", "label": "belowC", "id": 14, "target": "Plant_1"}, {"source": "Puppy02_1", "label": "belowC", "id": 20, "target": "Plant_1"}, {"source": "TV_0", "label": "aboveC", "id": 22, "target": "Fireplace_0"}]}