{"nodes": [{"y": 278, "x": 494, "size": 3, "id": "Doll18_0", "label": "person"}, {"y": 114, "x": 341, "size": 3, "id": "Window05_0", "label": "Window"}, {"y": 168, "x": 94, "size": 3, "id": "Door_0", "label": "Door"}, {"y": 94, "x": 562, "size": 3, "id": "Picture_0", "label": "Picture"}, {"y": 332, "x": 336, "size": 3, "id": "Scissors_0", "label": "Scissors"}, {"y": 324, "x": 252, "size": 3, "id": "Dollhouse_0", "label": "Dollhouse"}, {"y": 310, "x": 608, "size": 3, "id": "Pillow_0", "label": "Pillow"}], "edges": [{"source": "Doll18_0", "label": "near", "id": 3, "target": "Scissors_0"}, {"source": "Doll18_0", "label": "beside", "id": 5, "target": "Pillow_0"}]}