{"nodes": [{"y": 263, "x": 321, "size": 4, "id": "Doll15_0", "label": "person"}, {"y": 288, "x": 212, "size": 3, "id": "Dog01_0", "label": "Dog"}, {"y": 107, "x": 99, "size": 3, "id": "Picture_0", "label": "Picture"}, {"y": 100, "x": 566, "size": 3, "id": "Picture_1", "label": "Picture"}, {"y": 314, "x": 345, "size": 4, "id": "Footstool_0", "label": "Footstool"}, {"y": 268, "x": 518, "size": 3, "id": "Sofa_0", "label": "Sofa"}, {"y": 111, "x": 321, "size": 3, "id": "Window05_0", "label": "Window"}, {"y": 304, "x": 66, "size": 3, "id": "Desk_0", "label": "Desk"}, {"y": 318, "x": 332, "size": 3, "id": "Rug_0", "label": "Rug"}, {"y": 204, "x": 67, "size": 3, "id": "TV_0", "label": "TV"}, {"y": 370, "x": 348, "size": 3, "id": "BuildingToy_0", "label": "BuildingToy"}, {"y": 359, "x": 321, "size": 3, "id": "BuildingToy_1", "label": "BuildingToy"}, {"y": 347, "x": 645, "size": 3, "id": "PetBed_0", "label": "PetBed"}], "edges": [{"source": "Doll15_0", "label": "beside", "id": 0, "target": "Dog01_0"}, {"source": "Doll15_0", "label": "aboveC", "id": 3, "target": "Footstool_0"}, {"source": "Doll15_0", "label": "aboveC", "id": 7, "target": "Rug_0"}, {"source": "Doll15_0", "label": "near", "id": 8, "target": "TV_0"}, {"source": "Doll15_0", "label": "aboveC", "id": 9, "target": "BuildingToy_0"}, {"source": "Doll15_0", "label": "aboveC", "id": 10, "target": "BuildingToy_1"}, {"source": "Dog01_0", "label": "on", "id": 18, "target": "Rug_0"}, {"source": "Picture_0", "label": "aboveC", "id": 29, "target": "TV_0"}, {"source": "Rug_0", "label": "surrounds", "id": 45, "target": "Footstool_0"}, {"source": "BuildingToy_0", "label": "belowC", "id": 47, "target": "Footstool_0"}, {"source": "BuildingToy_1", "label": "belowC", "id": 48, "target": "Footstool_0"}, {"source": "Desk_0", "label": "belowC", "id": 64, "target": "TV_0"}, {"source": "BuildingToy_0", "label": "belowC", "id": 69, "target": "Rug_0"}, {"source": "BuildingToy_1", "label": "on", "id": 70, "target": "Rug_0"}]}