{"nodes": [{"y": 259, "x": 550, "size": 3, "id": "Deer_0", "label": "Deer"}, {"y": 290, "x": 205, "size": 5, "id": "Frog_0", "label": "Frog"}, {"y": 85, "x": 38, "size": 3, "id": "Owl_0", "label": "Owl"}, {"y": 125, "x": 90, "size": 3, "id": "tree_0", "label": "tree"}, {"y": 135, "x": 203, "size": 3, "id": "tree_1", "label": "tree"}, {"y": 95, "x": 426, "size": 3, "id": "tree_2", "label": "tree"}, {"y": 200, "x": 639, "size": 3, "id": "tree_3", "label": "tree"}, {"y": 278, "x": 324, "size": 3, "id": "pond_0", "label": "pond"}, {"y": 37, "x": 354, "size": 3, "id": "cloud_0", "label": "cloud"}, {"y": 305, "x": 383, "size": 3, "id": "mushroom_0", "label": "mushroom"}, {"y": 308, "x": 358, "size": 3, "id": "mushroom_1", "label": "mushroom"}], "edges": [{"source": "tree_0", "label": "surrounds", "id": 19, "target": "Owl_0"}, {"source": "tree_1", "label": "above", "id": 36, "target": "pond_0"}, {"source": "pond_0", "label": "surrounds", "id": 50, "target": "mushroom_0"}, {"source": "pond_0", "label": "surrounds", "id": 51, "target": "mushroom_1"}]}