{"nodes": [{"y": 264, "x": 72, "size": 3, "id": "Doll15_0", "label": "person"}, {"y": 356, "x": 433, "size": 3, "id": "Rug_0", "label": "Rug"}, {"y": 299, "x": 102, "size": 3, "id": "Sofa_0", "label": "Sofa"}, {"y": 322, "x": 663, "size": 3, "id": "Desk_0", "label": "Desk"}, {"y": 365, "x": 249, "size": 3, "id": "CoffeeTable_0", "label": "CoffeeTable"}, {"y": 221, "x": 666, "size": 3, "id": "TV_0", "label": "TV"}, {"y": 87, "x": 420, "size": 3, "id": "Window05_0", "label": "Window"}, {"y": 337, "x": 202, "size": 3, "id": "DishesSnack_0", "label": "DishesSnack"}, {"y": 245, "x": 125, "size": 3, "id": "cup_0", "label": "cup"}], "edges": [{"source": "Doll15_0", "label": "on", "id": 1, "target": "Sofa_0"}, {"source": "Doll15_0", "label": "beside", "id": 6, "target": "DishesSnack_0"}, {"source": "Doll15_0", "label": "beside", "id": 7, "target": "cup_0"}, {"source": "Sofa_0", "label": "surrounds", "id": 19, "target": "DishesSnack_0"}, {"source": "Sofa_0", "label": "surrounds", "id": 20, "target": "cup_0"}, {"source": "Desk_0", "label": "belowC", "id": 22, "target": "TV_0"}, {"source": "DishesSnack_0", "label": "on", "id": 28, "target": "CoffeeTable_0"}, {"source": "DishesSnack_0", "label": "belowC", "id": 35, "target": "cup_0"}]}