{"nodes": [{"y": 222, "x": 546, "size": 1, "id": "Doll11_0", "label": "person"}, {"y": 219, "x": 130, "size": 1, "id": "Doll14_0", "label": "person"}, {"y": 70, "x": 270, "size": 3, "id": "Picture_0", "label": "Picture"}, {"y": 69, "x": 399, "size": 3, "id": "Picture_1", "label": "Picture"}, {"y": 268, "x": 352, "size": 3, "id": "Chair01_0", "label": "Chair"}, {"y": 250, "x": 79, "size": 1, "id": "Couch_0", "label": "Couch"}, {"y": 249, "x": 606, "size": 1, "id": "Couch_1", "label": "Couch"}], "edges": [{"source": "Doll11_0", "label": "opposite", "id": 0, "target": "Doll14_0"}, {"source": "Doll11_0", "label": "on", "id": 5, "target": "Couch_1"}, {"source": "Couch_0", "label": "surrounds", "id": 9, "target": "Doll14_0"}]}