{"nodes": [{"y": 198, "x": 226, "size": 3, "id": "Doll06_0", "label": "person"}, {"y": 205, "x": 664, "size": 3, "id": "Doll13_0", "label": "person"}, {"y": 251, "x": 558, "size": 3, "id": "Chair01_0", "label": "Chair"}, {"y": 248, "x": 229, "size": 3, "id": "Chair01_1", "label": "Chair"}, {"y": 245, "x": 90, "size": 3, "id": "Plant_0", "label": "Plant"}, {"y": 321, "x": 375, "size": 3, "id": "Rug_0", "label": "Rug"}, {"y": 159, "x": 69, "size": 3, "id": "Door_0", "label": "Door"}, {"y": 101, "x": 591, "size": 3, "id": "Picture_0", "label": "Picture"}, {"y": 265, "x": 384, "size": 5, "id": "DiningTable_0", "label": "DiningTable"}, {"y": 112, "x": 390, "size": 3, "id": "Window03_0", "label": "Window"}, {"y": 186, "x": 363, "size": 5, "id": "pie_0", "label": "pie"}, {"y": 165, "x": 397, "size": 5, "id": "bottle_0", "label": "bottle"}, {"y": 218, "x": 447, "size": 5, "id": "plate_0", "label": "plate"}, {"y": 218, "x": 340, "size": 5, "id": "plate_1", "label": "plate"}, {"y": 217, "x": 392, "size": 5, "id": "DishesMeal_0", "label": "DishesMeal"}, {"y": 226, "x": 604, "size": 3, "id": "DishesMeal_1", "label": "DishesMeal"}], "edges": [{"source": "Doll06_0", "label": "opposite", "id": 0, "target": "Doll13_0"}, {"source": "Doll06_0", "label": "on", "id": 2, "target": "Chair01_1"}, {"source": "Doll06_0", "label": "near_behind", "id": 7, "target": "DiningTable_0"}, {"source": "Doll06_0", "label": "near_behind", "id": 11, "target": "plate_0"}, {"source": "Doll06_0", "label": "near_behind", "id": 12, "target": "plate_1"}, {"source": "Doll13_0", "label": "beside", "id": 28, "target": "DishesMeal_1"}, {"source": "DishesMeal_1", "label": "on", "id": 41, "target": "Chair01_0"}, {"source": "Plant_0", "label": "on", "id": 55, "target": "Door_0"}, {"source": "pie_0", "label": "on", "id": 93, "target": "DiningTable_0"}, {"source": "DiningTable_0", "label": "surrounds", "id": 95, "target": "plate_0"}, {"source": "DiningTable_0", "label": "surrounds", "id": 96, "target": "plate_1"}, {"source": "DiningTable_0", "label": "surrounds", "id": 97, "target": "DishesMeal_0"}, {"source": "Window03_0", "label": "surrounds", "id": 99, "target": "pie_0"}, {"source": "Window03_0", "label": "surrounds", "id": 100, "target": "bottle_0"}, {"source": "pie_0", "label": "aboveC", "id": 107, "target": "plate_1"}, {"source": "pie_0", "label": "aboveC", "id": 108, "target": "DishesMeal_0"}, {"source": "bottle_0", "label": "aboveC", "id": 110, "target": "plate_0"}, {"source": "bottle_0", "label": "aboveC", "id": 112, "target": "DishesMeal_0"}]}