{"nodes": [{"y": 170, "x": 651, "size": 3, "id": "Doll05_0", "label": "person"}, {"y": 55, "x": 207, "size": 3, "id": "Butterfly01_0", "label": "Butterfly"}, {"y": 19, "x": 292, "size": 3, "id": "Duck02_0", "label": "Duck"}, {"y": 142, "x": 214, "size": 3, "id": "slide_0", "label": "slide"}, {"y": 364, "x": 3, "size": 3, "id": "bush_0", "label": "bush"}, {"y": 41, "x": 63, "size": 3, "id": "sun_0", "label": "sun"}, {"y": 144, "x": 579, "size": 3, "id": "tree_0", "label": "tree"}, {"y": 131, "x": 443, "size": 1, "id": "seesaw_0", "label": "seesaw"}, {"y": 331, "x": 133, "size": 3, "id": "sidewalk_0", "label": "sidewalk"}, {"y": 207, "x": 524, "size": 2, "id": "bike_0", "label": "bike"}], "edges": [{"source": "tree_0", "label": "surrounds", "id": 5, "target": "Doll05_0"}, {"source": "Doll05_0", "label": "near", "id": 8, "target": "bike_0"}, {"source": "sidewalk_0", "label": "surrounds", "id": 33, "target": "bush_0"}, {"source": "tree_0", "label": "above", "id": 41, "target": "bike_0"}]}