{"nodes": [{"y": 184, "x": 315, "size": 3, "id": "Doll05_0", "label": "person"}, {"y": 202, "x": 285, "size": 3, "id": "Doll14_0", "label": "person"}, {"y": 261, "x": 276, "size": 3, "id": "log_0", "label": "log"}, {"y": 141, "x": 611, "size": 3, "id": "bush_0", "label": "bush"}, {"y": 175, "x": 125, "size": 3, "id": "tree_0", "label": "tree"}, {"y": 250, "x": 508, "size": 3, "id": "campfire_0", "label": "campfire"}, {"y": 282, "x": 125, "size": 3, "id": "flower_0", "label": "flower"}, {"y": 284, "x": 97, "size": 3, "id": "flower_1", "label": "flower"}], "edges": [{"source": "Doll05_0", "label": "beside", "id": 0, "target": "Doll14_0"}, {"source": "Doll05_0", "label": "above", "id": 1, "target": "log_0"}, {"source": "Doll14_0", "label": "aboveC", "id": 7, "target": "log_0"}, {"source": "tree_0", "label": "surrounds", "id": 23, "target": "flower_0"}, {"source": "tree_0", "label": "surrounds", "id": 24, "target": "flower_1"}]}