{"nodes": [{"y": 235, "x": 286, "size": 3, "id": "Doll14_0", "label": "person"}, {"y": 272, "x": 629, "size": 3, "id": "Doll06_0", "label": "person"}, {"y": 162, "x": 73, "size": 3, "id": "Deer_0", "label": "Deer"}, {"y": 147, "x": 142, "size": 3, "id": "bush_0", "label": "bush"}, {"y": 306, "x": 471, "size": 3, "id": "blanket_0", "label": "blanket"}, {"y": 54, "x": 580, "size": 3, "id": "sun_0", "label": "sun"}, {"y": 293, "x": 425, "size": 3, "id": "basket_0", "label": "basket"}, {"y": 269, "x": 470, "size": 3, "id": "cup_0", "label": "cup"}, {"y": 300, "x": 491, "size": 3, "id": "cup_1", "label": "cup"}], "edges": [{"source": "Doll14_0", "label": "opposite", "id": 0, "target": "Doll06_0"}, {"source": "Deer_0", "label": "beside", "id": 15, "target": "bush_0"}, {"source": "blanket_0", "label": "surrounds", "id": 27, "target": "basket_0"}, {"source": "cup_0", "label": "on", "id": 28, "target": "blanket_0"}, {"source": "blanket_0", "label": "surrounds", "id": 29, "target": "cup_1"}, {"source": "cup_0", "label": "aboveC", "id": 35, "target": "cup_1"}]}