{"nodes": [{"y": 123, "x": 535, "size": 3, "id": "Doll02_0", "label": "person"}, {"y": 173, "x": 232, "size": 3, "id": "Doll17_0", "label": "person"}, {"y": 188, "x": 575, "size": 3, "id": "bench_0", "label": "bench"}, {"y": 63, "x": 397, "size": 3, "id": "sun_0", "label": "sun"}, {"y": 146, "x": 107, "size": 3, "id": "bush_0", "label": "bush"}, {"y": 134, "x": 454, "size": 3, "id": "baseball_0", "label": "baseball"}, {"y": 174, "x": 299, "size": 3, "id": "bat_0", "label": "bat"}], "edges": [{"source": "Doll02_0", "label": "opposite", "id": 0, "target": "Doll17_0"}, {"source": "Doll02_0", "label": "on", "id": 1, "target": "bench_0"}, {"source": "Doll02_0", "label": "near", "id": 4, "target": "baseball_0"}, {"source": "Doll17_0", "label": "beside", "id": 10, "target": "bat_0"}]}