{"nodes": [{"y": 217.27001953125, "x": 183, "size": 3, "id": "Doll17_0", "label": "person"}, {"y": 238.27001953125, "x": 60, "size": 3, "id": "Bookshelf_0", "label": "Bookshelf"}, {"y": 151.27001953125, "x": 519, "size": 3, "id": "Window05_0", "label": "Window"}, {"y": 123.26995849609375, "x": 131, "size": 3, "id": "Window05_1", "label": "Window"}, {"y": 281.27001953125, "x": 274, "size": 3, "id": "Couch_0", "label": "Couch"}, {"y": 180.27001953125, "x": 89, "size": 3, "id": "Book_0", "label": "Book"}], "edges": [{"source": "Doll17_0", "label": "beside", "id": 0, "target": "Bookshelf_0"}, {"source": "Doll17_0", "label": "belowC", "id": 2, "target": "Window05_1"}, {"source": "Doll17_0", "label": "on", "id": 3, "target": "Couch_0"}, {"source": "Doll17_0", "label": "beside", "id": 4, "target": "Book_0"}, {"source": "Bookshelf_0", "label": "belowC", "id": 6, "target": "Window05_1"}, {"source": "Book_0", "label": "on", "id": 8, "target": "Bookshelf_0"}, {"source": "Window05_1", "label": "surrounds", "id": 13, "target": "Book_0"}]}