{"nodes": [{"y": 264, "x": 636, "size": 3, "id": "Doll15_0", "label": "person"}, {"y": 224, "x": 547, "size": 3, "id": "Doll11_0", "label": "person"}, {"y": 244, "x": 232, "size": 3, "id": "Doll12_0", "label": "person"}, {"y": 331, "x": 61, "size": 3, "id": "Dog01_0", "label": "Dog"}, {"y": 101, "x": 139, "size": 3, "id": "Window05_0", "label": "Window"}, {"y": 104, "x": 580, "size": 3, "id": "Window05_1", "label": "Window"}, {"y": 105, "x": 367, "size": 3, "id": "Window05_2", "label": "Window"}, {"y": 294, "x": 383, "size": 3, "id": "Table_0", "label": "Table"}, {"y": 264, "x": 544, "size": 1, "id": "Chair01_0", "label": "Chair"}, {"y": 282, "x": 228, "size": 2, "id": "Chair01_1", "label": "Chair"}, {"y": 260, "x": 395, "size": 1, "id": "Chair01_2", "label": "Chair"}, {"y": 251, "x": 36, "size": 3, "id": "Plant_0", "label": "Plant"}, {"y": 249, "x": 677, "size": 3, "id": "Plant_1", "label": "Plant"}, {"y": 377, "x": 126, "size": 2, "id": "DogBone_0", "label": "DogBone"}, {"y": 229, "x": 407, "size": 3, "id": "plate_0", "label": "plate"}, {"y": 218, "x": 351, "size": 3, "id": "pie_0", "label": "pie"}, {"y": 222, "x": 408, "size": 3, "id": "pie_1", "label": "pie"}, {"y": 218, "x": 458, "size": 3, "id": "DishesSnack_0", "label": "DishesSnack"}], "edges": [{"source": "Doll15_0", "label": "near", "id": 0, "target": "Doll11_0"}, {"source": "Doll15_0", "label": "opposite", "id": 1, "target": "Doll12_0"}, {"source": "Doll15_0", "label": "opposite", "id": 2, "target": "Dog01_0"}, {"source": "Doll15_0", "label": "beside", "id": 11, "target": "Plant_1"}, {"source": "Doll11_0", "label": "opposite", "id": 17, "target": "Doll12_0"}, {"source": "Doll11_0", "label": "opposite", "id": 18, "target": "Dog01_0"}, {"source": "Doll11_0", "label": "near", "id": 30, "target": "pie_0"}, {"source": "Doll11_0", "label": "near", "id": 31, "target": "pie_1"}, {"source": "Doll11_0", "label": "beside", "id": 32, "target": "DishesSnack_0"}, {"source": "Doll12_0", "label": "on", "id": 39, "target": "Chair01_1"}, {"source": "Doll12_0", "label": "above", "id": 43, "target": "DogBone_0"}, {"source": "Dog01_0", "label": "belowC", "id": 55, "target": "Plant_0"}, {"source": "plate_0", "label": "on", "id": 104, "target": "Table_0"}, {"source": "pie_0", "label": "aboveC", "id": 105, "target": "Table_0"}, {"source": "pie_1", "label": "aboveC", "id": 106, "target": "Table_0"}, {"source": "Chair01_2", "label": "surrounds", "id": 128, "target": "plate_0"}, {"source": "Chair01_2", "label": "surrounds", "id": 130, "target": "pie_1"}, {"source": "plate_0", "label": "belowC", "id": 148, "target": "pie_1"}, {"source": "pie_0", "label": "beside", "id": 150, "target": "pie_1"}]}