{"nodes": [{"y": 286, "x": 433, "size": 3, "id": "Doll15_0", "label": "person"}, {"y": 242, "x": 353, "size": 3, "id": "Kitten02_0", "label": "Kitten"}, {"y": 242, "x": 401, "size": 3, "id": "Couch_0", "label": "Couch"}, {"y": 110, "x": 617, "size": 3, "id": "Window02_0", "label": "Window"}, {"y": 118, "x": 155, "size": 3, "id": "Window02_1", "label": "Window"}, {"y": 308, "x": 152, "size": 1, "id": "Chair01_0", "label": "Chair"}, {"y": 336, "x": 48, "size": 3, "id": "Desk_0", "label": "Desk"}, {"y": 369, "x": 413, "size": 3, "id": "Rug_0", "label": "Rug"}, {"y": 270, "x": 657, "size": 3, "id": "Plant_0", "label": "Plant"}, {"y": 273, "x": 589, "size": 3, "id": "Plant_1", "label": "Plant"}, {"y": 80, "x": 391, "size": 3, "id": "Picture_0", "label": "Picture"}], "edges": [{"source": "Doll15_0", "label": "beside", "id": 0, "target": "Kitten02_0"}, {"source": "Doll15_0", "label": "on", "id": 1, "target": "Couch_0"}, {"source": "Doll15_0", "label": "aboveC", "id": 6, "target": "Rug_0"}, {"source": "Couch_0", "label": "surrounds", "id": 10, "target": "Kitten02_0"}, {"source": "Kitten02_0", "label": "aboveC", "id": 15, "target": "Rug_0"}, {"source": "Couch_0", "label": "aboveC", "id": 23, "target": "Rug_0"}]}