{"nodes": [{"y": 249, "x": 403, "size": 3, "id": "Doll06_0", "label": "person"}, {"y": 338, "x": 279, "size": 3, "id": "Dog01_0", "label": "Dog"}, {"y": 129, "x": 552, "size": 3, "id": "Window03_0", "label": "Window"}, {"y": 149, "x": 129, "size": 3, "id": "Window03_1", "label": "Window"}, {"y": 348, "x": 385, "size": 3, "id": "Rug_0", "label": "Rug"}, {"y": 190, "x": 365, "size": 3, "id": "Picture_0", "label": "Picture"}, {"y": 70, "x": 370, "size": 3, "id": "Picture_1", "label": "Picture"}, {"y": 213, "x": 608, "size": 3, "id": "CoatRack_0", "label": "CoatRack"}], "edges": [{"source": "Doll06_0", "label": "near", "id": 0, "target": "Dog01_0"}, {"source": "Doll06_0", "label": "aboveC", "id": 3, "target": "Rug_0"}, {"source": "Doll06_0", "label": "belowC", "id": 4, "target": "Picture_0"}, {"source": "Rug_0", "label": "surrounds", "id": 9, "target": "Dog01_0"}, {"source": "Window03_0", "label": "aboveC", "id": 17, "target": "CoatRack_0"}, {"source": "Picture_0", "label": "belowC", "id": 25, "target": "Picture_1"}]}