{"nodes": [{"y": 118, "x": 110, "size": 3, "id": "Window05_0", "label": "Window"}, {"y": 115, "x": 603, "size": 3, "id": "Window05_1", "label": "Window"}, {"y": 346, "x": 349, "size": 3, "id": "Rug_0", "label": "Rug"}, {"y": 91, "x": 365, "size": 3, "id": "Picture_0", "label": "Picture"}, {"y": 361, "x": 457, "size": 3, "id": "BuildingToy_0", "label": "BuildingToy"}, {"y": 333, "x": 352, "size": 3, "id": "BuildingToy_1", "label": "BuildingToy"}, {"y": 318, "x": 394, "size": 3, "id": "Doll_0", "label": "Doll"}, {"y": 351, "x": 531, "size": 3, "id": "Doll_1", "label": "Doll"}, {"y": 276, "x": 472, "size": 3, "id": "Dollhouse_0", "label": "Dollhouse"}, {"y": 363, "x": 380, "size": 3, "id": "Toy_0", "label": "Toy"}, {"y": 315, "x": 233, "size": 3, "id": "Pillow_0", "label": "Pillow"}], "edges": [{"source": "Rug_0", "label": "surrounds", "id": 20, "target": "BuildingToy_0"}, {"source": "Rug_0", "label": "surrounds", "id": 21, "target": "BuildingToy_1"}, {"source": "Doll_0", "label": "on", "id": 22, "target": "Rug_0"}, {"source": "Rug_0", "label": "surrounds", "id": 23, "target": "Doll_1"}, {"source": "Dollhouse_0", "label": "beside", "id": 24, "target": "Rug_0"}, {"source": "Rug_0", "label": "surrounds", "id": 25, "target": "Toy_0"}, {"source": "Pillow_0", "label": "on", "id": 26, "target": "Rug_0"}, {"source": "BuildingToy_0", "label": "belowC", "id": 37, "target": "Dollhouse_0"}, {"source": "BuildingToy_1", "label": "aboveC", "id": 43, "target": "Toy_0"}, {"source": "Doll_0", "label": "beside", "id": 45, "target": "Doll_1"}, {"source": "Doll_0", "label": "beside", "id": 46, "target": "Dollhouse_0"}, {"source": "Doll_0", "label": "aboveC", "id": 47, "target": "Toy_0"}, {"source": "Doll_1", "label": "belowC", "id": 49, "target": "Dollhouse_0"}, {"source": "Dollhouse_0", "label": "beside", "id": 52, "target": "Toy_0"}]}