{"nodes": [{"y": 73, "x": 65, "size": 3, "id": "Doll18_0", "label": "person"}, {"y": 247, "x": 489, "size": 3, "id": "Doll10_0", "label": "person"}, {"y": 174, "x": 97, "size": 3, "id": "slide_0", "label": "slide"}, {"y": 278, "x": 416, "size": 3, "id": "blanket_0", "label": "blanket"}, {"y": 66, "x": 578, "size": 3, "id": "sun_0", "label": "sun"}, {"y": 234, "x": 411, "size": 3, "id": "watermelon_0", "label": "watermelon"}, {"y": 289, "x": 374, "size": 3, "id": "cheese_0", "label": "cheese"}, {"y": 255, "x": 375, "size": 3, "id": "apple_0", "label": "apple"}, {"y": 252, "x": 455, "size": 3, "id": "apple_1", "label": "apple"}], "edges": [{"source": "Doll18_0", "label": "opposite", "id": 0, "target": "Doll10_0"}, {"source": "Doll18_0", "label": "above", "id": 1, "target": "slide_0"}, {"source": "Doll10_0", "label": "near", "id": 9, "target": "blanket_0"}, {"source": "Doll10_0", "label": "beside", "id": 14, "target": "apple_1"}, {"source": "watermelon_0", "label": "on", "id": 22, "target": "blanket_0"}, {"source": "blanket_0", "label": "surrounds", "id": 23, "target": "cheese_0"}, {"source": "blanket_0", "label": "surrounds", "id": 24, "target": "apple_0"}, {"source": "blanket_0", "label": "surrounds", "id": 25, "target": "apple_1"}, {"source": "watermelon_0", "label": "aboveC", "id": 30, "target": "cheese_0"}, {"source": "cheese_0", "label": "belowC", "id": 33, "target": "apple_0"}]}