{"nodes": [{"y": 225, "x": 228, "size": 3, "id": "Doll03_0", "label": "person"}, {"y": 272, "x": 117, "size": 3, "id": "Dog01_0", "label": "Dog"}, {"y": 76, "x": 144, "size": 3, "id": "Picture_0", "label": "Picture"}, {"y": 164, "x": 629, "size": 3, "id": "Door_0", "label": "Door"}, {"y": 382, "x": 314, "size": 3, "id": "Footstool_0", "label": "Footstool"}, {"y": 300, "x": 127, "size": 3, "id": "Sofa_0", "label": "Sofa"}, {"y": 74, "x": 358, "size": 3, "id": "Window02_0", "label": "Window"}, {"y": 255, "x": 262, "size": 3, "id": "DishesSnack_0", "label": "DishesSnack"}], "edges": [{"source": "Doll03_0", "label": "beside", "id": 0, "target": "Dog01_0"}, {"source": "Doll03_0", "label": "above", "id": 3, "target": "Footstool_0"}, {"source": "Doll03_0", "label": "on", "id": 4, "target": "Sofa_0"}, {"source": "Doll03_0", "label": "beside", "id": 6, "target": "DishesSnack_0"}, {"source": "Sofa_0", "label": "surrounds", "id": 10, "target": "Dog01_0"}, {"source": "DishesSnack_0", "label": "aboveC", "id": 24, "target": "Footstool_0"}, {"source": "Sofa_0", "label": "surrounds", "id": 26, "target": "DishesSnack_0"}]}