{"nodes": [{"y": 222, "x": 594, "size": 3, "id": "Doll05_0", "label": "person"}, {"y": 247, "x": 284, "size": 3, "id": "Racoon_0", "label": "Racoon"}, {"y": 283, "x": 173, "size": 3, "id": "Racoon_1", "label": "Racoon"}, {"y": 132, "x": 54, "size": 3, "id": "bush_0", "label": "bush"}, {"y": 133, "x": 158, "size": 3, "id": "bush_1", "label": "bush"}, {"y": 253, "x": 185, "size": 3, "id": "log_0", "label": "log"}, {"y": 325, "x": 559, "size": 3, "id": "sidewalk_0", "label": "sidewalk"}, {"y": 106, "x": 291, "size": 3, "id": "tree_0", "label": "tree"}, {"y": 137, "x": 433, "size": 3, "id": "tree_1", "label": "tree"}, {"y": 74, "x": 594, "size": 3, "id": "moon_0", "label": "moon"}], "edges": [{"source": "Doll05_0", "label": "above", "id": 5, "target": "sidewalk_0"}, {"source": "Doll05_0", "label": "below", "id": 8, "target": "moon_0"}, {"source": "Racoon_1", "label": "on", "id": 19, "target": "log_0"}]}