{"nodes": [{"y": 170, "x": 210, "size": 3, "id": "Doll12_0", "label": "person"}, {"y": 186, "x": 138, "size": 3, "id": "Doll14_0", "label": "person"}, {"y": 153, "x": 369, "size": 3, "id": "Doll01_0", "label": "person"}, {"y": 150, "x": 547, "size": 3, "id": "Doll13_0", "label": "person"}, {"y": 119, "x": 98, "size": 3, "id": "tree_0", "label": "tree"}, {"y": 40, "x": 301, "size": 3, "id": "sun_0", "label": "sun"}, {"y": 328, "x": 649, "size": 3, "id": "bike_0", "label": "bike"}, {"y": 181, "x": 439, "size": 2, "id": "bike_1", "label": "bike"}, {"y": 216, "x": 170, "size": 3, "id": "bench_0", "label": "bench"}, {"y": 214, "x": 409, "size": 3, "id": "bench_1", "label": "bench"}, {"y": 225, "x": 51, "size": 1, "id": "mushroom_0", "label": "mushroom"}, {"y": 202, "x": 9, "size": 1, "id": "mushroom_1", "label": "mushroom"}, {"y": 193, "x": 417, "size": 3, "id": "football_0", "label": "football"}, {"y": 239, "x": 75, "size": 3, "id": "skateboard_0", "label": "skateboard"}], "edges": [{"source": "Doll12_0", "label": "beside", "id": 0, "target": "Doll14_0"}, {"source": "Doll12_0", "label": "on", "id": 7, "target": "bench_0"}, {"source": "tree_0", "label": "surrounds", "id": 15, "target": "Doll14_0"}, {"source": "Doll14_0", "label": "on", "id": 19, "target": "bench_0"}, {"source": "Doll01_0", "label": "near", "id": 25, "target": "Doll13_0"}, {"source": "Doll01_0", "label": "beside", "id": 29, "target": "bike_1"}, {"source": "Doll01_0", "label": "on", "id": 31, "target": "bench_1"}, {"source": "Doll01_0", "label": "beside", "id": 34, "target": "football_0"}, {"source": "Doll13_0", "label": "near", "id": 41, "target": "bench_1"}, {"source": "tree_0", "label": "surrounds", "id": 51, "target": "mushroom_0"}, {"source": "tree_0", "label": "surrounds", "id": 52, "target": "mushroom_1"}, {"source": "skateboard_0", "label": "on", "id": 54, "target": "tree_0"}, {"source": "bike_1", "label": "on", "id": 71, "target": "bench_1"}, {"source": "bike_1", "label": "surrounds", "id": 74, "target": "football_0"}, {"source": "skateboard_0", "label": "on", "id": 80, "target": "bench_0"}, {"source": "bench_1", "label": "surrounds", "id": 83, "target": "football_0"}]}