{"nodes": [{"y": 221, "x": 96, "size": 3, "id": "Doll09_0", "label": "person"}, {"y": 240, "x": 170, "size": 3, "id": "Dog02_0", "label": "Dog"}, {"y": 329, "x": 39, "size": 5, "id": "Stool_0", "label": "Stool"}, {"y": 352, "x": 485, "size": 3, "id": "Rug_0", "label": "Rug"}, {"y": 78, "x": 86, "size": 3, "id": "Window05_0", "label": "Window"}, {"y": 76, "x": 532, "size": 3, "id": "Window05_1", "label": "Window"}, {"y": 314, "x": 603, "size": 3, "id": "Desk_0", "label": "Desk"}, {"y": 62, "x": 314, "size": 3, "id": "Picture_0", "label": "Picture"}, {"y": 265, "x": 150, "size": 3, "id": "Sofa_0", "label": "Sofa"}, {"y": 215, "x": 601, "size": 3, "id": "TV_0", "label": "TV"}, {"y": 272, "x": 45, "size": 5, "id": "PopCan_0", "label": "PopCan"}], "edges": [{"source": "Doll09_0", "label": "beside", "id": 0, "target": "Dog02_0"}, {"source": "Doll09_0", "label": "belowC", "id": 3, "target": "Window05_0"}, {"source": "Doll09_0", "label": "on", "id": 7, "target": "Sofa_0"}, {"source": "Sofa_0", "label": "surrounds", "id": 16, "target": "Dog02_0"}, {"source": "PopCan_0", "label": "aboveC", "id": 26, "target": "Stool_0"}, {"source": "Desk_0", "label": "belowC", "id": 47, "target": "TV_0"}, {"source": "Sofa_0", "label": "surrounds", "id": 53, "target": "PopCan_0"}]}