{"nodes": [{"y": 198, "x": 309, "size": 3, "id": "Doll05_0", "label": "person"}, {"y": 254, "x": 641, "size": 1, "id": "Doll17_0", "label": "person"}, {"y": 225, "x": 470, "size": 1, "id": "Doll06_0", "label": "person"}, {"y": 161, "x": 658, "size": 3, "id": "Butterfly01_0", "label": "Butterfly"}, {"y": 70, "x": 228, "size": 3, "id": "Butterfly01_1", "label": "Butterfly"}, {"y": 130, "x": 66, "size": 3, "id": "tree_0", "label": "tree"}, {"y": 73, "x": 487, "size": 3, "id": "cloud_0", "label": "cloud"}, {"y": 293, "x": 210, "size": 4, "id": "grill_0", "label": "grill"}, {"y": 273, "x": 555, "size": 5, "id": "blanket_0", "label": "blanket"}, {"y": 77, "x": 606, "size": 3, "id": "sun_0", "label": "sun"}, {"y": 220, "x": 212, "size": 3, "id": "tongs_0", "label": "tongs"}, {"y": 264, "x": 631, "size": 1, "id": "hamburger_0", "label": "hamburger"}, {"y": 238, "x": 212, "size": 5, "id": "ribs_0", "label": "ribs"}, {"y": 252, "x": 567, "size": 3, "id": "wine_0", "label": "wine"}, {"y": 245, "x": 586, "size": 3, "id": "wine_1", "label": "wine"}], "edges": [{"source": "Doll05_0", "label": "opposite_infront", "id": 0, "target": "Doll17_0"}, {"source": "Doll05_0", "label": "near_infront", "id": 1, "target": "Doll06_0"}, {"source": "Doll17_0", "label": "near", "id": 14, "target": "Doll06_0"}, {"source": "blanket_0", "label": "surrounds", "id": 20, "target": "Doll17_0"}, {"source": "Doll17_0", "label": "beside", "id": 23, "target": "hamburger_0"}, {"source": "grill_0", "label": "surrounds", "id": 81, "target": "ribs_0"}, {"source": "blanket_0", "label": "surrounds", "id": 86, "target": "hamburger_0"}, {"source": "blanket_0", "label": "surrounds", "id": 88, "target": "wine_0"}, {"source": "blanket_0", "label": "surrounds", "id": 89, "target": "wine_1"}]}