{"nodes": [{"y": 265, "x": 193, "size": 3, "id": "Doll16_0", "label": "person"}, {"y": 331, "x": 361, "size": 3, "id": "Endtable_0", "label": "Endtable"}, {"y": 126, "x": 90, "size": 3, "id": "Window05_0", "label": "Window"}, {"y": 318, "x": 522, "size": 3, "id": "DiningTable_0", "label": "DiningTable"}, {"y": 353, "x": 21, "size": 3, "id": "Desk_0", "label": "Desk"}, {"y": 132, "x": 535, "size": 3, "id": "Window02_0", "label": "Window"}, {"y": 75, "x": 287, "size": 3, "id": "Picture_0", "label": "Picture"}], "edges": [{"source": "Doll16_0", "label": "near", "id": 0, "target": "Endtable_0"}, {"source": "Doll16_0", "label": "near", "id": 2, "target": "DiningTable_0"}, {"source": "Doll16_0", "label": "near", "id": 3, "target": "Desk_0"}]}