{"nodes": [{"y": 205, "x": 199, "size": 3, "id": "Doll04_0", "label": "person"}, {"y": 281, "x": 387, "size": 3, "id": "Kitten01_0", "label": "Kitten"}, {"y": 242, "x": 94, "size": 3, "id": "Cat02_0", "label": "Cat"}, {"y": 353, "x": 403, "size": 3, "id": "Rug_0", "label": "Rug"}, {"y": 258, "x": 292, "size": 3, "id": "Stool_0", "label": "Stool"}, {"y": 181, "x": 510, "size": 3, "id": "CoatRack_0", "label": "CoatRack"}, {"y": 116, "x": 392, "size": 3, "id": "Window03_0", "label": "Window"}, {"y": 268, "x": 125, "size": 3, "id": "Sofa_0", "label": "Sofa"}, {"y": 163, "x": 620, "size": 3, "id": "Door_0", "label": "Door"}, {"y": 190, "x": 293, "size": 3, "id": "bottle_0", "label": "bottle"}, {"y": 283, "x": 388, "size": 3, "id": "PetBed_0", "label": "PetBed"}, {"y": 298, "x": 438, "size": 3, "id": "Yarn_0", "label": "Yarn"}, {"y": 227, "x": 228, "size": 3, "id": "Book_0", "label": "Book"}], "edges": [{"source": "Doll04_0", "label": "beside", "id": 1, "target": "Cat02_0"}, {"source": "Doll04_0", "label": "beside", "id": 3, "target": "Stool_0"}, {"source": "Doll04_0", "label": "on", "id": 6, "target": "Sofa_0"}, {"source": "Doll04_0", "label": "beside", "id": 8, "target": "bottle_0"}, {"source": "Doll04_0", "label": "beside", "id": 11, "target": "Book_0"}, {"source": "Kitten01_0", "label": "aboveC", "id": 13, "target": "Rug_0"}, {"source": "PetBed_0", "label": "surrounds", "id": 20, "target": "Kitten01_0"}, {"source": "Sofa_0", "label": "surrounds", "id": 27, "target": "Cat02_0"}, {"source": "PetBed_0", "label": "aboveC", "id": 39, "target": "Rug_0"}, {"source": "Yarn_0", "label": "aboveC", "id": 40, "target": "Rug_0"}, {"source": "bottle_0", "label": "aboveC", "id": 46, "target": "Stool_0"}, {"source": "Sofa_0", "label": "surrounds", "id": 67, "target": "Book_0"}, {"source": "bottle_0", "label": "beside", "id": 74, "target": "Book_0"}]}