{"nodes": [{"y": 168.260009765625, "x": 372, "size": 3, "id": "Doll07_0", "label": "person"}, {"y": 50.25994873046875, "x": 50, "size": 3, "id": "sun_0", "label": "sun"}, {"y": 147.260009765625, "x": 614, "size": 3, "id": "tree_0", "label": "tree"}, {"y": 39.25994873046875, "x": 241, "size": 3, "id": "cloud_0", "label": "cloud"}, {"y": 26.260009765625, "x": 441, "size": 3, "id": "cloud_1", "label": "cloud"}, {"y": 251.260009765625, "x": 368, "size": 3, "id": "sidewalk_0", "label": "sidewalk"}, {"y": 188.260009765625, "x": 406, "size": 3, "id": "bush_0", "label": "bush"}, {"y": 204.260009765625, "x": 107, "size": 3, "id": "bush_1", "label": "bush"}, {"y": 294.260009765625, "x": 560, "size": 3, "id": "log_0", "label": "log"}], "edges": [{"source": "Doll07_0", "label": "above", "id": 4, "target": "sidewalk_0"}, {"source": "Doll07_0", "label": "beside", "id": 5, "target": "bush_0"}, {"source": "sidewalk_0", "label": "belowC", "id": 30, "target": "bush_0"}]}