{"nodes": [{"y": 201, "x": 500, "size": 1, "id": "Doll13_0", "label": "person"}, {"y": 184, "x": 221, "size": 3, "id": "Doll16_0", "label": "person"}, {"y": 271, "x": 378, "size": 5, "id": "Puppy02_0", "label": "Puppy"}, {"y": 54, "x": 390, "size": 3, "id": "cloud_0", "label": "cloud"}, {"y": 125, "x": 130, "size": 1, "id": "monkeybars_0", "label": "monkeybars"}, {"y": 136, "x": 657, "size": 3, "id": "bush_0", "label": "bush"}, {"y": 184, "x": 693, "size": 3, "id": "bush_1", "label": "bush"}, {"y": 255, "x": 655, "size": 3, "id": "bench_0", "label": "bench"}, {"y": 36, "x": 522, "size": 3, "id": "sun_0", "label": "sun"}, {"y": 322, "x": 192, "size": 3, "id": "sidewalk_0", "label": "sidewalk"}, {"y": 295, "x": 381, "size": 4, "id": "skateboard_0", "label": "skateboard"}], "edges": [{"source": "Doll13_0", "label": "opposite_behind", "id": 0, "target": "Doll16_0"}, {"source": "Doll13_0", "label": "opposite_behind", "id": 1, "target": "Puppy02_0"}, {"source": "Doll16_0", "label": "opposite_behind", "id": 10, "target": "Puppy02_0"}, {"source": "Doll16_0", "label": "above", "id": 17, "target": "sidewalk_0"}, {"source": "Puppy02_0", "label": "on", "id": 26, "target": "skateboard_0"}, {"source": "bush_0", "label": "aboveC", "id": 40, "target": "bush_1"}]}