{"nodes": [{"y": 240, "x": 95, "size": 1, "id": "Deer_0", "label": "Deer"}, {"y": 172, "x": 33, "size": 1, "id": "Deer_1", "label": "Deer"}, {"y": 337, "x": 613, "size": 3, "id": "Deer_2", "label": "Deer"}, {"y": 246, "x": 517, "size": 3, "id": "sidewalk_0", "label": "sidewalk"}, {"y": 329, "x": 304, "size": 5, "id": "sidewalk_1", "label": "sidewalk"}, {"y": 265, "x": 548, "size": 3, "id": "tree_0", "label": "tree"}, {"y": 282, "x": 530, "size": 3, "id": "tree_1", "label": "tree"}, {"y": 273, "x": 553, "size": 3, "id": "tree_2", "label": "tree"}, {"y": 25, "x": 353, "size": 3, "id": "moon_0", "label": "moon"}], "edges": [{"source": "Deer_0", "label": "belowC", "id": 0, "target": "Deer_1"}, {"source": "Deer_0", "label": "opposite_behind", "id": 1, "target": "Deer_2"}, {"source": "Deer_1", "label": "opposite_behind", "id": 8, "target": "Deer_2"}, {"source": "tree_0", "label": "surrounds", "id": 17, "target": "Deer_2"}, {"source": "Deer_2", "label": "on", "id": 18, "target": "tree_1"}, {"source": "tree_2", "label": "surrounds", "id": 19, "target": "Deer_2"}, {"source": "sidewalk_0", "label": "on", "id": 22, "target": "tree_0"}, {"source": "sidewalk_0", "label": "on", "id": 23, "target": "tree_1"}, {"source": "sidewalk_0", "label": "on", "id": 24, "target": "tree_2"}, {"source": "tree_0", "label": "on", "id": 30, "target": "tree_1"}, {"source": "tree_2", "label": "surrounds", "id": 31, "target": "tree_0"}, {"source": "tree_1", "label": "on", "id": 33, "target": "tree_2"}]}