{"nodes": [{"y": 222, "x": 530, "size": 3, "id": "Doll06_0", "label": "person"}, {"y": 233, "x": 335, "size": 3, "id": "Chair02_0", "label": "Chair"}, {"y": 82, "x": 306, "size": 3, "id": "Window05_0", "label": "Window"}, {"y": 214, "x": 86, "size": 3, "id": "TV_0", "label": "TV"}, {"y": 287, "x": 82, "size": 3, "id": "Endtable_0", "label": "Endtable"}, {"y": 290, "x": 585, "size": 3, "id": "Sofa_0", "label": "Sofa"}], "edges": [{"source": "Doll06_0", "label": "on", "id": 4, "target": "Sofa_0"}, {"source": "TV_0", "label": "aboveC", "id": 12, "target": "Endtable_0"}]}