{"nodes": [{"y": 223, "x": 513, "size": 3, "id": "Doll10_0", "label": "person"}, {"y": 362, "x": 550, "size": 3, "id": "Puppy01_0", "label": "Puppy"}, {"y": 222, "x": 269, "size": 3, "id": "Fireplace_0", "label": "Fireplace"}, {"y": 66, "x": 61, "size": 3, "id": "Picture_0", "label": "Picture"}, {"y": 102, "x": 551, "size": 3, "id": "Window05_0", "label": "Window"}, {"y": 261, "x": 66, "size": 3, "id": "Chair02_0", "label": "Chair"}, {"y": 232, "x": 628, "size": 4, "id": "TV_0", "label": "TV"}, {"y": 318, "x": 630, "size": 3, "id": "CoffeeTable_0", "label": "CoffeeTable"}], "edges": [{"source": "Doll10_0", "label": "aboveC", "id": 0, "target": "Puppy01_0"}, {"source": "Doll10_0", "label": "near", "id": 1, "target": "Fireplace_0"}, {"source": "Doll10_0", "label": "belowC", "id": 3, "target": "Window05_0"}, {"source": "Doll10_0", "label": "beside", "id": 5, "target": "TV_0"}, {"source": "Puppy01_0", "label": "below", "id": 11, "target": "TV_0"}, {"source": "TV_0", "label": "aboveC", "id": 27, "target": "CoffeeTable_0"}]}