{"nodes": [{"y": 202, "x": 194, "size": 5, "id": "Doll15_0", "label": "person"}, {"y": 152, "x": 403, "size": 5, "id": "Doll04_0", "label": "person"}, {"y": 340, "x": 193, "size": 3, "id": "sidewalk_0", "label": "sidewalk"}, {"y": 97, "x": 642, "size": 3, "id": "tree_0", "label": "tree"}, {"y": 106, "x": 73, "size": 1, "id": "tree_1", "label": "tree"}, {"y": 227, "x": 440, "size": 5, "id": "bench_0", "label": "bench"}, {"y": 140, "x": 256, "size": 5, "id": "baseball_0", "label": "baseball"}, {"y": 42, "x": 625, "size": 3, "id": "apple_0", "label": "apple"}, {"y": 192, "x": 668, "size": 3, "id": "apple_1", "label": "apple"}, {"y": 76, "x": 667, "size": 3, "id": "apple_2", "label": "apple"}, {"y": 133, "x": 406, "size": 5, "id": "apple_3", "label": "apple"}], "edges": [{"source": "Doll15_0", "label": "opposite", "id": 0, "target": "Doll04_0"}, {"source": "Doll04_0", "label": "belowC", "id": 18, "target": "apple_3"}, {"source": "tree_0", "label": "surrounds", "id": 30, "target": "apple_0"}, {"source": "tree_0", "label": "surrounds", "id": 31, "target": "apple_1"}, {"source": "tree_0", "label": "surrounds", "id": 32, "target": "apple_2"}, {"source": "apple_0", "label": "above", "id": 49, "target": "apple_1"}, {"source": "apple_0", "label": "beside", "id": 50, "target": "apple_2"}, {"source": "apple_1", "label": "below", "id": 52, "target": "apple_2"}]}