{"nodes": [{"y": 208, "x": 151, "size": 3, "id": "Doll05_0", "label": "person"}, {"y": 226, "x": 570, "size": 3, "id": "Doll04_0", "label": "person"}, {"y": 79, "x": 341, "size": 3, "id": "Window03_0", "label": "Window"}, {"y": 258, "x": 150, "size": 3, "id": "Chair02_0", "label": "Chair"}, {"y": 261, "x": 552, "size": 3, "id": "Chair02_1", "label": "Chair"}, {"y": 199, "x": 345, "size": 3, "id": "CoatRack_0", "label": "CoatRack"}, {"y": 219, "x": 584, "size": 3, "id": "wine_0", "label": "wine"}, {"y": 214, "x": 134, "size": 3, "id": "wine_1", "label": "wine"}], "edges": [{"source": "Doll05_0", "label": "opposite", "id": 0, "target": "Doll04_0"}, {"source": "Doll05_0", "label": "near", "id": 1, "target": "Window03_0"}, {"source": "Doll05_0", "label": "on", "id": 2, "target": "Chair02_0"}, {"source": "Doll05_0", "label": "beside", "id": 6, "target": "wine_1"}, {"source": "Doll04_0", "label": "near", "id": 7, "target": "Window03_0"}, {"source": "Doll04_0", "label": "on", "id": 9, "target": "Chair02_1"}, {"source": "Doll04_0", "label": "beside", "id": 11, "target": "wine_0"}, {"source": "Window03_0", "label": "aboveC", "id": 15, "target": "CoatRack_0"}, {"source": "Chair02_0", "label": "surrounds", "id": 21, "target": "wine_1"}, {"source": "Chair02_1", "label": "surrounds", "id": 23, "target": "wine_0"}]}