{"nodes": [{"y": 261, "x": 344, "size": 3, "id": "Doll16_0", "label": "person"}, {"y": 268, "x": 185, "size": 3, "id": "Dog01_0", "label": "Dog"}, {"y": 337, "x": 179, "size": 3, "id": "Dog02_0", "label": "Dog"}, {"y": 147, "x": 473, "size": 3, "id": "tree_0", "label": "tree"}, {"y": 44, "x": 663, "size": 3, "id": "sun_0", "label": "sun"}, {"y": 52, "x": 479, "size": 3, "id": "nest_0", "label": "nest"}, {"y": 271, "x": 487, "size": 3, "id": "flower_0", "label": "flower"}, {"y": 243, "x": 442, "size": 3, "id": "flower_1", "label": "flower"}, {"y": 273, "x": 496, "size": 3, "id": "flower_2", "label": "flower"}], "edges": [{"source": "Doll16_0", "label": "near", "id": 0, "target": "Dog01_0"}, {"source": "Doll16_0", "label": "near", "id": 1, "target": "Dog02_0"}, {"source": "Doll16_0", "label": "on", "id": 2, "target": "tree_0"}, {"source": "Dog01_0", "label": "aboveC", "id": 8, "target": "Dog02_0"}, {"source": "tree_0", "label": "surrounds", "id": 22, "target": "nest_0"}, {"source": "tree_0", "label": "surrounds", "id": 23, "target": "flower_0"}, {"source": "tree_0", "label": "surrounds", "id": 24, "target": "flower_1"}, {"source": "tree_0", "label": "surrounds", "id": 25, "target": "flower_2"}, {"source": "flower_0", "label": "on", "id": 34, "target": "flower_2"}]}