{"nodes": [{"y": 249, "x": 337, "size": 3, "id": "Cat02_0", "label": "Cat"}, {"y": 146, "x": 617, "size": 3, "id": "Plant_0", "label": "Plant"}, {"y": 241, "x": 598, "size": 3, "id": "Fireplace_0", "label": "Fireplace"}, {"y": 299, "x": 324, "size": 3, "id": "Sofa_0", "label": "Sofa"}, {"y": 116, "x": 94, "size": 3, "id": "Picture_0", "label": "Picture"}, {"y": 276, "x": 85, "size": 3, "id": "Stool_0", "label": "Stool"}, {"y": 133, "x": 324, "size": 3, "id": "Window05_0", "label": "Window"}], "edges": [{"source": "Sofa_0", "label": "surrounds", "id": 2, "target": "Cat02_0"}, {"source": "Cat02_0", "label": "belowC", "id": 5, "target": "Window05_0"}, {"source": "Plant_0", "label": "aboveC", "id": 6, "target": "Fireplace_0"}]}