{"nodes": [{"y": 127, "x": 248, "size": 3, "id": "Kitten02_0", "label": "Kitten"}, {"y": 93, "x": 613, "size": 3, "id": "Picture_0", "label": "Picture"}, {"y": 257, "x": 117, "size": 3, "id": "Plant_0", "label": "Plant"}, {"y": 227, "x": 335, "size": 3, "id": "Couch_0", "label": "Couch"}, {"y": 363, "x": 361, "size": 3, "id": "Rug_0", "label": "Rug"}, {"y": 185, "x": 369, "size": 3, "id": "Yarn_0", "label": "Yarn"}], "edges": [{"source": "Kitten02_0", "label": "aboveC", "id": 2, "target": "Couch_0"}, {"source": "Kitten02_0", "label": "beside", "id": 4, "target": "Yarn_0"}, {"source": "Couch_0", "label": "aboveC", "id": 12, "target": "Rug_0"}, {"source": "Couch_0", "label": "surrounds", "id": 13, "target": "Yarn_0"}]}