{"nodes": [{"y": 261, "x": 414, "size": 3, "id": "Doll16_0", "label": "person"}, {"y": 187, "x": 306, "size": 3, "id": "Doll12_0", "label": "person"}, {"y": 57, "x": 289, "size": 3, "id": "cloud_0", "label": "cloud"}, {"y": 60, "x": 535, "size": 3, "id": "cloud_1", "label": "cloud"}, {"y": 297, "x": 465, "size": 3, "id": "blanket_0", "label": "blanket"}, {"y": 59, "x": 74, "size": 3, "id": "sun_0", "label": "sun"}, {"y": 265, "x": 525, "size": 3, "id": "basket_0", "label": "basket"}, {"y": 270, "x": 467, "size": 3, "id": "apple_0", "label": "apple"}], "edges": [{"source": "Doll16_0", "label": "near", "id": 0, "target": "Doll12_0"}, {"source": "Doll16_0", "label": "on", "id": 3, "target": "blanket_0"}, {"source": "Doll16_0", "label": "near", "id": 5, "target": "basket_0"}, {"source": "Doll16_0", "label": "beside", "id": 6, "target": "apple_0"}, {"source": "Doll12_0", "label": "near", "id": 12, "target": "apple_0"}, {"source": "basket_0", "label": "on", "id": 23, "target": "blanket_0"}, {"source": "blanket_0", "label": "surrounds", "id": 24, "target": "apple_0"}, {"source": "basket_0", "label": "beside", "id": 27, "target": "apple_0"}]}