{"nodes": [{"y": 254, "x": 214, "size": 3, "id": "Doll18_0", "label": "person"}, {"y": 254, "x": 450, "size": 3, "id": "Doll17_0", "label": "person"}, {"y": 171, "x": 606, "size": 3, "id": "Doll06_0", "label": "person"}, {"y": 70, "x": 249, "size": 3, "id": "Picture_0", "label": "Picture"}, {"y": 68, "x": 108, "size": 3, "id": "Picture_1", "label": "Picture"}, {"y": 112, "x": 497, "size": 3, "id": "Window03_0", "label": "Window"}, {"y": 342, "x": 189, "size": 3, "id": "Rug_0", "label": "Rug"}, {"y": 264, "x": 47, "size": 3, "id": "Sofa_0", "label": "Sofa"}], "edges": [{"source": "Doll18_0", "label": "unlabelled", "id": 0, "target": "Doll17_0"}, {"source": "Doll18_0", "label": "opposite", "id": 1, "target": "Doll06_0"}, {"source": "Doll18_0", "label": "aboveC", "id": 5, "target": "Rug_0"}, {"source": "Doll17_0", "label": "near", "id": 7, "target": "Doll06_0"}, {"source": "Doll17_0", "label": "belowC", "id": 10, "target": "Window03_0"}, {"source": "Doll06_0", "label": "beside", "id": 15, "target": "Window03_0"}]}