{"nodes": [{"y": 228, "x": 600, "size": 3, "id": "Doll09_0", "label": "person"}, {"y": 221, "x": 509, "size": 3, "id": "Kitten02_0", "label": "Kitten"}, {"y": 98, "x": 616, "size": 3, "id": "Window05_0", "label": "Window"}, {"y": 94, "x": 292, "size": 3, "id": "Window05_1", "label": "Window"}, {"y": 207, "x": 407, "size": 5, "id": "Plant_0", "label": "Plant"}, {"y": 175, "x": 34, "size": 1, "id": "Bookshelf_0", "label": "Bookshelf"}, {"y": 310, "x": 134, "size": 3, "id": "Desk_0", "label": "Desk"}, {"y": 200, "x": 145, "size": 3, "id": "TV_0", "label": "TV"}, {"y": 324, "x": 397, "size": 3, "id": "CoffeeTable_0", "label": "CoffeeTable"}, {"y": 284, "x": 590, "size": 3, "id": "Couch_0", "label": "Couch"}, {"y": 302, "x": 418, "size": 3, "id": "DishesSnack_0", "label": "DishesSnack"}, {"y": 262, "x": 373, "size": 3, "id": "bottle_0", "label": "bottle"}, {"y": 277, "x": 399, "size": 3, "id": "cup_0", "label": "cup"}], "edges": [{"source": "Doll09_0", "label": "beside", "id": 0, "target": "Kitten02_0"}, {"source": "Doll09_0", "label": "on", "id": 8, "target": "Couch_0"}, {"source": "Doll09_0", "label": "near", "id": 11, "target": "cup_0"}, {"source": "Couch_0", "label": "surrounds", "id": 19, "target": "Kitten02_0"}, {"source": "Desk_0", "label": "belowC", "id": 57, "target": "TV_0"}, {"source": "CoffeeTable_0", "label": "surrounds", "id": 69, "target": "DishesSnack_0"}, {"source": "bottle_0", "label": "on", "id": 70, "target": "CoffeeTable_0"}, {"source": "CoffeeTable_0", "label": "surrounds", "id": 71, "target": "cup_0"}, {"source": "DishesSnack_0", "label": "belowC", "id": 76, "target": "cup_0"}]}